,name,lr,hr,crs,x,y,lon,lat,LC_detail_id,LC_superclass_id,LC_superclass_text,LC_detail_text
0,2018_MLBS_3__0_2.tif,neon_10m_linearized/2018_MLBS_3__0_2.tif,neon_2.5m_linearized/2018_MLBS_3__0_2.tif,EPSG:32617,540400.0,4144720.0,-80.54325020048908,37.448448298909405,41.0,40.0,Forest,Deciduous
1,2018_MLBS_3__1_1.tif,neon_10m_linearized/2018_MLBS_3__1_1.tif,neon_2.5m_linearized/2018_MLBS_3__1_1.tif,EPSG:32617,537840.0,4142160.0,-80.57232332530769,37.42548201629058,41.0,40.0,Forest,Deciduous
2,2018_MLBS_3__1_2.tif,neon_10m_linearized/2018_MLBS_3__1_2.tif,neon_2.5m_linearized/2018_MLBS_3__1_2.tif,EPSG:32617,540400.0,4142160.0,-80.54339041056222,37.4253738000532,41.0,40.0,Forest,Deciduous
3,2018_MLBS_3__1_3.tif,neon_10m_linearized/2018_MLBS_3__1_3.tif,neon_2.5m_linearized/2018_MLBS_3__1_3.tif,EPSG:32617,542960.0,4142160.0,-80.51445765556987,37.42525850283796,41.0,40.0,Forest,Deciduous
4,2018_MLBS_3__1_4.tif,neon_10m_linearized/2018_MLBS_3__1_4.tif,neon_2.5m_linearized/2018_MLBS_3__1_4.tif,EPSG:32617,545520.0,4142160.0,-80.48552507045157,37.42513612476981,41.0,40.0,Forest,Deciduous
5,2018_MLBS_3__2_1.tif,neon_10m_linearized/2018_MLBS_3__2_1.tif,neon_2.5m_linearized/2018_MLBS_3__2_1.tif,EPSG:32617,537840.0,4139600.0,-80.57245450206699,37.40240733698209,41.0,40.0,Forest,Deciduous
6,2018_MLBS_3__2_2.tif,neon_10m_linearized/2018_MLBS_3__2_2.tif,neon_2.5m_linearized/2018_MLBS_3__2_2.tif,EPSG:32617,540400.0,4139600.0,-80.5435304608822,37.40229921045436,41.0,40.0,Forest,Deciduous
7,2018_MLBS_3__2_3.tif,neon_10m_linearized/2018_MLBS_3__2_3.tif,neon_2.5m_linearized/2018_MLBS_3__2_3.tif,EPSG:32617,542960.0,4139600.0,-80.51460657925877,37.40218400881854,41.0,40.0,Forest,Deciduous
8,2018_MLBS_3__2_4.tif,neon_10m_linearized/2018_MLBS_3__2_4.tif,neon_2.5m_linearized/2018_MLBS_3__2_4.tif,EPSG:32617,545520.0,4139600.0,-80.48568286730544,37.402061732199385,41.0,40.0,Forest,Deciduous
9,2018_MLBS_3__3_1.tif,neon_10m_linearized/2018_MLBS_3__3_1.tif,neon_2.5m_linearized/2018_MLBS_3__3_1.tif,EPSG:32617,537840.0,4137040.0,-80.57258552937404,37.37933256700499,43.0,40.0,Forest,Mixed
10,2018_MLBS_3__3_2.tif,neon_10m_linearized/2018_MLBS_3__3_2.tif,neon_2.5m_linearized/2018_MLBS_3__3_2.tif,EPSG:32617,540400.0,4137040.0,-80.54367035164078,37.37922453013277,43.0,40.0,Forest,Mixed
11,2018_MLBS_3__3_3.tif,neon_10m_linearized/2018_MLBS_3__3_3.tif,neon_2.5m_linearized/2018_MLBS_3__3_3.tif,EPSG:32617,542960.0,4137040.0,-80.51475533327745,37.37910942401864,41.0,40.0,Forest,Deciduous
12,2018_MLBS_3__3_4.tif,neon_10m_linearized/2018_MLBS_3__3_4.tif,neon_2.5m_linearized/2018_MLBS_3__3_4.tif,EPSG:32617,545520.0,4137040.0,-80.4858404843807,37.37898724878725,41.0,40.0,Forest,Deciduous
13,2018_MLBS_3__4_1.tif,neon_10m_linearized/2018_MLBS_3__4_1.tif,neon_2.5m_linearized/2018_MLBS_3__4_1.tif,EPSG:32617,537840.0,4134480.0,-80.57271640740814,37.35625770637919,41.0,40.0,Forest,Deciduous
14,2018_MLBS_3__4_2.tif,neon_10m_linearized/2018_MLBS_3__4_2.tif,neon_2.5m_linearized/2018_MLBS_3__4_2.tif,EPSG:32617,540400.0,4134480.0,-80.5438100830294,37.356149759108376,41.0,40.0,Forest,Deciduous
15,2018_MLBS_3__4_3.tif,neon_10m_linearized/2018_MLBS_3__4_3.tif,neon_2.5m_linearized/2018_MLBS_3__4_3.tif,EPSG:32617,542960.0,4134480.0,-80.5149039178295,37.35603474845834,41.0,40.0,Forest,Deciduous
16,2018_MLBS_3__4_4.tif,neon_10m_linearized/2018_MLBS_3__4_4.tif,neon_2.5m_linearized/2018_MLBS_3__4_4.tif,EPSG:32617,545520.0,4134480.0,-80.48599792189299,37.35591267455354,41.0,40.0,Forest,Deciduous
17,2018_MLBS_3__5_1.tif,neon_10m_linearized/2018_MLBS_3__5_1.tif,neon_2.5m_linearized/2018_MLBS_3__5_1.tif,EPSG:32617,537840.0,4131920.0,-80.57284713634827,37.33318275512459,41.0,40.0,Forest,Deciduous
18,2018_MLBS_3__5_2.tif,neon_10m_linearized/2018_MLBS_3__5_2.tif,neon_2.5m_linearized/2018_MLBS_3__5_2.tif,EPSG:32617,540400.0,4131920.0,-80.54394965523913,37.33307489740121,41.0,40.0,Forest,Deciduous
19,2018_MLBS_3__5_3.tif,neon_10m_linearized/2018_MLBS_3__5_3.tif,neon_2.5m_linearized/2018_MLBS_3__5_3.tif,EPSG:32617,542960.0,4131920.0,-80.51505233311809,37.3329599821577,41.0,40.0,Forest,Deciduous
20,2018_MLBS_3__5_4.tif,neon_10m_linearized/2018_MLBS_3__5_4.tif,neon_2.5m_linearized/2018_MLBS_3__5_4.tif,EPSG:32617,545520.0,4131920.0,-80.48615518005762,37.33283800951841,81.0,80.0,Rural,Pasture
21,2018_OAES_3__0_1.tif,neon_10m_linearized/2018_OAES_3__0_1.tif,neon_2.5m_linearized/2018_OAES_3__0_1.tif,EPSG:32614,486840.0,3921700.0,-99.14499455226644,35.43865810372732,71.0,70.0,Rural,Grassland
22,2018_OAES_3__0_2.tif,neon_10m_linearized/2018_OAES_3__0_2.tif,neon_2.5m_linearized/2018_OAES_3__0_2.tif,EPSG:32614,489400.0,3921700.0,-99.11678898370792,35.43868867987137,71.0,70.0,Rural,Grassland
23,2018_OAES_3__0_3.tif,neon_10m_linearized/2018_OAES_3__0_3.tif,neon_2.5m_linearized/2018_OAES_3__0_3.tif,EPSG:32614,491960.0,3921700.0,-99.08858337724718,35.43871266725133,71.0,70.0,Rural,Grassland
24,2018_OAES_3__0_4.tif,neon_10m_linearized/2018_OAES_3__0_4.tif,neon_2.5m_linearized/2018_OAES_3__0_4.tif,EPSG:32614,494520.0,3921700.0,-99.06037774203789,35.43873006584212,71.0,70.0,Rural,Grassland
25,2018_OAES_3__0_5.tif,neon_10m_linearized/2018_OAES_3__0_5.tif,neon_2.5m_linearized/2018_OAES_3__0_5.tif,EPSG:32614,497080.0,3921700.0,-99.03217208723376,35.43874087562553,71.0,70.0,Rural,Grassland
26,2018_OAES_3__1_0.tif,neon_10m_linearized/2018_OAES_3__1_0.tif,neon_2.5m_linearized/2018_OAES_3__1_0.tif,EPSG:32614,484280.0,3919140.0,-99.1731506637888,35.415538025497455,71.0,70.0,Rural,Grassland
27,2018_OAES_3__1_1.tif,neon_10m_linearized/2018_OAES_3__1_1.tif,neon_2.5m_linearized/2018_OAES_3__1_1.tif,EPSG:32614,486840.0,3919140.0,-99.14495318859449,35.41557515887792,82.0,80.0,Rural,Crops
28,2018_OAES_3__1_2.tif,neon_10m_linearized/2018_OAES_3__1_2.tif,neon_2.5m_linearized/2018_OAES_3__1_2.tif,EPSG:32614,489400.0,3919140.0,-99.11675566639786,35.415605709109954,71.0,70.0,Rural,Grassland
29,2018_OAES_3__1_3.tif,neon_10m_linearized/2018_OAES_3__1_3.tif,neon_2.5m_linearized/2018_OAES_3__1_3.tif,EPSG:32614,491960.0,3919140.0,-99.08855810634216,35.4156296761616,71.0,70.0,Rural,Grassland
30,2018_OAES_3__1_4.tif,neon_10m_linearized/2018_OAES_3__1_4.tif,neon_2.5m_linearized/2018_OAES_3__1_4.tif,EPSG:32614,494520.0,3919140.0,-99.06036051757056,35.41564706000779,71.0,70.0,Rural,Grassland
31,2018_OAES_3__1_5.tif,neon_10m_linearized/2018_OAES_3__1_5.tif,neon_2.5m_linearized/2018_OAES_3__1_5.tif,EPSG:32614,497080.0,3919140.0,-99.03216290922644,35.41565786063035,71.0,70.0,Rural,Grassland
32,2018_OAES_3__2_0.tif,neon_10m_linearized/2018_OAES_3__2_0.tif,neon_2.5m_linearized/2018_OAES_3__2_0.tif,EPSG:32614,484280.0,3916580.0,-99.17310130995382,35.39245502368088,82.0,80.0,Rural,Crops
33,2018_OAES_3__2_1.tif,neon_10m_linearized/2018_OAES_3__2_1.tif,neon_2.5m_linearized/2018_OAES_3__2_1.tif,EPSG:32614,486840.0,3916580.0,-99.14491187192483,35.39249212558335,82.0,80.0,Rural,Crops
34,2018_OAES_3__2_2.tif,neon_10m_linearized/2018_OAES_3__2_2.tif,neon_2.5m_linearized/2018_OAES_3__2_2.tif,EPSG:32614,489400.0,3916580.0,-99.11672238694696,35.3925226499179,71.0,70.0,Rural,Grassland
35,2018_OAES_3__2_3.tif,neon_10m_linearized/2018_OAES_3__2_3.tif,neon_2.5m_linearized/2018_OAES_3__2_3.tif,EPSG:32614,491960.0,3916580.0,-99.08853286415298,35.39254659665262,71.0,70.0,Rural,Grassland
36,2018_OAES_3__2_4.tif,neon_10m_linearized/2018_OAES_3__2_4.tif,neon_2.5m_linearized/2018_OAES_3__2_4.tif,EPSG:32614,494520.0,3916580.0,-99.0603433126758,35.39256396576248,82.0,80.0,Rural,Crops
37,2018_OAES_3__2_5.tif,neon_10m_linearized/2018_OAES_3__2_5.tif,neon_2.5m_linearized/2018_OAES_3__2_5.tif,EPSG:32614,497080.0,3916580.0,-99.0321537416483,35.39257475722931,82.0,80.0,Rural,Crops
38,2018_OAES_3__3_0.tif,neon_10m_linearized/2018_OAES_3__3_0.tif,neon_2.5m_linearized/2018_OAES_3__3_0.tif,EPSG:32614,484280.0,3914020.0,-99.17305201220046,35.36937193342592,82.0,80.0,Rural,Crops
39,2018_OAES_3__3_1.tif,neon_10m_linearized/2018_OAES_3__3_1.tif,neon_2.5m_linearized/2018_OAES_3__3_1.tif,EPSG:32614,486840.0,3914020.0,-99.1448706022041,35.369409003868014,82.0,80.0,Rural,Crops
40,2018_OAES_3__3_2.tif,neon_10m_linearized/2018_OAES_3__3_2.tif,neon_2.5m_linearized/2018_OAES_3__3_2.tif,EPSG:32614,489400.0,3914020.0,-99.11668914531217,35.36943950231958,71.0,70.0,Rural,Grassland
41,2018_OAES_3__3_3.tif,neon_10m_linearized/2018_OAES_3__3_3.tif,neon_2.5m_linearized/2018_OAES_3__3_3.tif,EPSG:32614,491960.0,3914020.0,-99.08850765064706,35.36946342874875,71.0,70.0,Rural,Grassland
42,2018_OAES_3__3_4.tif,neon_10m_linearized/2018_OAES_3__3_4.tif,neon_2.5m_linearized/2018_OAES_3__3_4.tif,EPSG:32614,494520.0,3914020.0,-99.06032612733132,35.36948078313053,82.0,80.0,Rural,Crops
43,2018_OAES_3__3_5.tif,neon_10m_linearized/2018_OAES_3__3_5.tif,neon_2.5m_linearized/2018_OAES_3__3_5.tif,EPSG:32614,497080.0,3914020.0,-99.03214458448748,35.369491565446765,82.0,80.0,Rural,Crops
44,2018_OAES_3__4_0.tif,neon_10m_linearized/2018_OAES_3__4_0.tif,neon_2.5m_linearized/2018_OAES_3__4_0.tif,EPSG:32614,484280.0,3911460.0,-99.173002770465,35.346288754757055,82.0,80.0,Rural,Crops
45,2018_OAES_3__4_1.tif,neon_10m_linearized/2018_OAES_3__4_1.tif,neon_2.5m_linearized/2018_OAES_3__4_1.tif,EPSG:32614,486840.0,3911460.0,-99.14482937937896,35.346325793756364,82.0,80.0,Rural,Crops
46,2018_OAES_3__4_2.tif,neon_10m_linearized/2018_OAES_3__4_2.tif,neon_2.5m_linearized/2018_OAES_3__4_2.tif,EPSG:32614,489400.0,3911460.0,-99.11665594145052,35.34635626633943,71.0,70.0,Rural,Grassland
47,2018_OAES_3__4_3.tif,neon_10m_linearized/2018_OAES_3__4_3.tif,neon_2.5m_linearized/2018_OAES_3__4_3.tif,EPSG:32614,491960.0,3911460.0,-99.0884824657918,35.346380172474404,71.0,70.0,Rural,Grassland
48,2018_OAES_3__4_4.tif,neon_10m_linearized/2018_OAES_3__4_4.tif,neon_2.5m_linearized/2018_OAES_3__4_4.tif,EPSG:32614,494520.0,3911460.0,-99.06030896151492,35.34639751213634,71.0,70.0,Rural,Grassland
49,2018_OAES_3__4_5.tif,neon_10m_linearized/2018_OAES_3__4_5.tif,neon_2.5m_linearized/2018_OAES_3__4_5.tif,EPSG:32614,497080.0,3911460.0,-99.03213543773217,35.34640828530711,71.0,70.0,Rural,Grassland
50,2018_OAES_3__5_0.tif,neon_10m_linearized/2018_OAES_3__5_0.tif,neon_2.5m_linearized/2018_OAES_3__5_0.tif,EPSG:32614,484280.0,3908900.0,-99.17295358468394,35.323205487698814,82.0,80.0,Rural,Crops
51,2018_OAES_3__5_1.tif,neon_10m_linearized/2018_OAES_3__5_1.tif,neon_2.5m_linearized/2018_OAES_3__5_1.tif,EPSG:32614,486840.0,3908900.0,-99.1447882033962,35.323242495272936,82.0,80.0,Rural,Crops
52,2018_OAES_3__5_2.tif,neon_10m_linearized/2018_OAES_3__5_2.tif,neon_2.5m_linearized/2018_OAES_3__5_2.tif,EPSG:32614,489400.0,3908900.0,-99.11662277531916,35.32327294200195,71.0,70.0,Rural,Grassland
53,2018_OAES_3__5_3.tif,neon_10m_linearized/2018_OAES_3__5_3.tif,neon_2.5m_linearized/2018_OAES_3__5_3.tif,EPSG:32614,491960.0,3908900.0,-99.08845730955468,35.323296827854094,71.0,70.0,Rural,Grassland
54,2018_OAES_3__5_4.tif,neon_10m_linearized/2018_OAES_3__5_4.tif,neon_2.5m_linearized/2018_OAES_3__5_4.tif,EPSG:32614,494520.0,3908900.0,-99.0602918152045,35.32331415280441,71.0,70.0,Rural,Grassland
55,2018_OAES_3__5_5.tif,neon_10m_linearized/2018_OAES_3__5_5.tif,neon_2.5m_linearized/2018_OAES_3__5_5.tif,EPSG:32614,497080.0,3908900.0,-99.0321263013705,35.323324916834814,71.0,70.0,Rural,Grassland
56,2018_OAES_3__6_0.tif,neon_10m_linearized/2018_OAES_3__6_0.tif,neon_2.5m_linearized/2018_OAES_3__6_0.tif,EPSG:32614,484280.0,3906340.0,-99.17290445479378,35.3001221322758,82.0,80.0,Rural,Crops
57,2018_OAES_3__6_1.tif,neon_10m_linearized/2018_OAES_3__6_1.tif,neon_2.5m_linearized/2018_OAES_3__6_1.tif,EPSG:32614,486840.0,3906340.0,-99.14474707420268,35.30015910844226,82.0,80.0,Rural,Crops
58,2018_OAES_3__6_2.tif,neon_10m_linearized/2018_OAES_3__6_2.tif,neon_2.5m_linearized/2018_OAES_3__6_2.tif,EPSG:32614,489400.0,3906340.0,-99.11658964687535,35.30018952933168,82.0,80.0,Rural,Crops
59,2018_OAES_3__6_3.tif,neon_10m_linearized/2018_OAES_3__6_3.tif,neon_2.5m_linearized/2018_OAES_3__6_3.tif,EPSG:32614,491960.0,3906340.0,-99.08843218190329,35.3002133949123,82.0,80.0,Rural,Crops
60,2018_OAES_3__6_4.tif,neon_10m_linearized/2018_OAES_3__6_4.tif,neon_2.5m_linearized/2018_OAES_3__6_4.tif,EPSG:32614,494520.0,3906340.0,-99.06027468837787,35.30023070515922,71.0,70.0,Rural,Grassland
61,2018_OAES_3__6_5.tif,neon_10m_linearized/2018_OAES_3__6_5.tif,neon_2.5m_linearized/2018_OAES_3__6_5.tif,EPSG:32614,497080.0,3906340.0,-99.03211717539077,35.30024146005437,71.0,70.0,Rural,Grassland
62,2019_CLBJ_4__1_0.tif,neon_10m_linearized/2019_CLBJ_4__1_0.tif,neon_2.5m_linearized/2019_CLBJ_4__1_0.tif,EPSG:32614,624260.0,3697140.0,-97.6637066133366,33.4064013533296,71.0,70.0,Rural,Grassland
63,2019_CLBJ_4__1_1.tif,neon_10m_linearized/2019_CLBJ_4__1_1.tif,neon_2.5m_linearized/2019_CLBJ_4__1_1.tif,EPSG:32614,626820.0,3697140.0,-97.63618306962276,33.40610182396482,71.0,70.0,Rural,Grassland
64,2019_CLBJ_4__1_2.tif,neon_10m_linearized/2019_CLBJ_4__1_2.tif,neon_2.5m_linearized/2019_CLBJ_4__1_2.tif,EPSG:32614,629380.0,3697140.0,-97.60865993712682,33.405796191733124,71.0,70.0,Rural,Grassland
65,2019_CLBJ_4__1_3.tif,neon_10m_linearized/2019_CLBJ_4__1_3.tif,neon_2.5m_linearized/2019_CLBJ_4__1_3.tif,EPSG:32614,631940.0,3697140.0,-97.5811372241365,33.4054844569437,71.0,70.0,Rural,Grassland
66,2019_CLBJ_4__1_4.tif,neon_10m_linearized/2019_CLBJ_4__1_4.tif,neon_2.5m_linearized/2019_CLBJ_4__1_4.tif,EPSG:32614,634500.0,3697140.0,-97.55361493893888,33.405166619911896,71.0,70.0,Rural,Grassland
67,2019_CLBJ_4__2_0.tif,neon_10m_linearized/2019_CLBJ_4__2_0.tif,neon_2.5m_linearized/2019_CLBJ_4__2_0.tif,EPSG:32614,624260.0,3694580.0,-97.66405990588456,33.3833169507412,71.0,70.0,Rural,Grassland
68,2019_CLBJ_4__2_1.tif,neon_10m_linearized/2019_CLBJ_4__2_1.tif,neon_2.5m_linearized/2019_CLBJ_4__2_1.tif,EPSG:32614,626820.0,3694580.0,-97.63654363347298,33.38301768238864,71.0,70.0,Rural,Grassland
69,2019_CLBJ_4__2_2.tif,neon_10m_linearized/2019_CLBJ_4__2_2.tif,neon_2.5m_linearized/2019_CLBJ_4__2_2.tif,EPSG:32614,629380.0,3694580.0,-97.60902777183794,33.382712316485424,71.0,70.0,Rural,Grassland
70,2019_CLBJ_4__2_3.tif,neon_10m_linearized/2019_CLBJ_4__2_3.tif,neon_2.5m_linearized/2019_CLBJ_4__2_3.tif,EPSG:32614,631940.0,3694580.0,-97.5815123292584,33.38240085334037,71.0,70.0,Rural,Grassland
71,2019_CLBJ_4__2_4.tif,neon_10m_linearized/2019_CLBJ_4__2_4.tif,neon_2.5m_linearized/2019_CLBJ_4__2_4.tif,EPSG:32614,634500.0,3694580.0,-97.55399731401243,33.38208329326845,71.0,70.0,Rural,Grassland
72,2019_CLBJ_4__3_0.tif,neon_10m_linearized/2019_CLBJ_4__3_0.tif,neon_2.5m_linearized/2019_CLBJ_4__3_0.tif,EPSG:32614,624260.0,3692020.0,-97.66441279593556,33.36023245885177,71.0,70.0,Rural,Grassland
73,2019_CLBJ_4__3_1.tif,neon_10m_linearized/2019_CLBJ_4__3_1.tif,neon_2.5m_linearized/2019_CLBJ_4__3_1.tif,EPSG:32614,626820.0,3692020.0,-97.63690378654653,33.35993345137621,71.0,70.0,Rural,Grassland
74,2019_CLBJ_4__3_2.tif,neon_10m_linearized/2019_CLBJ_4__3_2.tif,neon_2.5m_linearized/2019_CLBJ_4__3_2.tif,EPSG:32614,629380.0,3692020.0,-97.60939518749348,33.35962835166353,71.0,70.0,Rural,Grassland
75,2019_CLBJ_4__3_3.tif,neon_10m_linearized/2019_CLBJ_4__3_3.tif,neon_2.5m_linearized/2019_CLBJ_4__3_3.tif,EPSG:32614,631940.0,3692020.0,-97.58188700704652,33.35931716002213,41.0,40.0,Forest,Deciduous
76,2019_CLBJ_4__3_4.tif,neon_10m_linearized/2019_CLBJ_4__3_4.tif,neon_2.5m_linearized/2019_CLBJ_4__3_4.tif,EPSG:32614,634500.0,3692020.0,-97.55437925347488,33.3589998767666,71.0,70.0,Rural,Grassland
77,2019_CLBJ_4__4_0.tif,neon_10m_linearized/2019_CLBJ_4__4_0.tif,neon_2.5m_linearized/2019_CLBJ_4__4_0.tif,EPSG:32614,624260.0,3689460.0,-97.66476528392128,33.33714787769527,71.0,70.0,Rural,Grassland
78,2019_CLBJ_4__4_1.tif,neon_10m_linearized/2019_CLBJ_4__4_1.tif,neon_2.5m_linearized/2019_CLBJ_4__4_1.tif,EPSG:32614,626820.0,3689460.0,-97.63726352928394,33.33684913096172,71.0,70.0,Rural,Grassland
79,2019_CLBJ_4__4_2.tif,neon_10m_linearized/2019_CLBJ_4__4_2.tif,neon_2.5m_linearized/2019_CLBJ_4__4_2.tif,EPSG:32614,629380.0,3689460.0,-97.60976218454284,33.33654429730177,71.0,70.0,Rural,Grassland
80,2019_CLBJ_4__4_3.tif,neon_10m_linearized/2019_CLBJ_4__4_3.tif,neon_2.5m_linearized/2019_CLBJ_4__4_3.tif,EPSG:32614,631940.0,3689460.0,-97.58226125795916,33.33623337702351,41.0,40.0,Forest,Deciduous
81,2019_CLBJ_4__4_4.tif,neon_10m_linearized/2019_CLBJ_4__4_4.tif,neon_2.5m_linearized/2019_CLBJ_4__4_4.tif,EPSG:32614,634500.0,3689460.0,-97.55476075779336,33.335916370441126,71.0,70.0,Rural,Grassland
82,2019_CLBJ_4__5_0.tif,neon_10m_linearized/2019_CLBJ_4__5_0.tif,neon_2.5m_linearized/2019_CLBJ_4__5_0.tif,EPSG:32614,624260.0,3686900.0,-97.6651173702726,33.314063207305736,71.0,70.0,Rural,Grassland
83,2019_CLBJ_4__5_1.tif,neon_10m_linearized/2019_CLBJ_4__5_1.tif,neon_2.5m_linearized/2019_CLBJ_4__5_1.tif,EPSG:32614,626820.0,3686900.0,-97.63762286212504,33.313764721179325,71.0,70.0,Rural,Grassland
84,2019_CLBJ_4__5_2.tif,neon_10m_linearized/2019_CLBJ_4__5_2.tif,neon_2.5m_linearized/2019_CLBJ_4__5_2.tif,EPSG:32614,629380.0,3686900.0,-97.61012876343464,33.31346015343454,71.0,70.0,Rural,Grassland
85,2019_CLBJ_4__5_3.tif,neon_10m_linearized/2019_CLBJ_4__5_3.tif,neon_2.5m_linearized/2019_CLBJ_4__5_3.tif,EPSG:32614,631940.0,3686900.0,-97.58263508245383,33.31314950437911,71.0,70.0,Rural,Grassland
86,2019_CLBJ_4__5_4.tif,neon_10m_linearized/2019_CLBJ_4__5_4.tif,neon_2.5m_linearized/2019_CLBJ_4__5_4.tif,EPSG:32614,634500.0,3686900.0,-97.5551418274342,33.31283277432681,71.0,70.0,Rural,Grassland
87,2019_HARV_6__0_1.tif,neon_10m_linearized/2019_HARV_6__0_1.tif,neon_2.5m_linearized/2019_HARV_6__0_1.tif,EPSG:32618,725820.0,4717720.0,-72.24829624387453,42.57885901361576,42.0,40.0,Forest,Evergreen
88,2019_HARV_6__0_2.tif,neon_10m_linearized/2019_HARV_6__0_2.tif,neon_2.5m_linearized/2019_HARV_6__0_2.tif,EPSG:32618,728380.0,4717720.0,-72.21713726259966,42.57810590964017,43.0,40.0,Forest,Mixed
89,2019_HARV_6__0_3.tif,neon_10m_linearized/2019_HARV_6__0_3.tif,neon_2.5m_linearized/2019_HARV_6__0_3.tif,EPSG:32618,730940.0,4717720.0,-72.18597948364992,42.57734434356907,43.0,40.0,Forest,Mixed
90,2019_HARV_6__0_4.tif,neon_10m_linearized/2019_HARV_6__0_4.tif,neon_2.5m_linearized/2019_HARV_6__0_4.tif,EPSG:32618,733500.0,4717720.0,-72.15482292040328,42.576574316319295,41.0,40.0,Forest,Deciduous
91,2019_HARV_6__1_0.tif,neon_10m_linearized/2019_HARV_6__1_0.tif,neon_2.5m_linearized/2019_HARV_6__1_0.tif,EPSG:32618,723260.0,4715160.0,-72.28045769459366,42.55657490375858,42.0,40.0,Forest,Evergreen
92,2019_HARV_6__1_1.tif,neon_10m_linearized/2019_HARV_6__1_1.tif,neon_2.5m_linearized/2019_HARV_6__1_1.tif,EPSG:32618,725820.0,4715160.0,-72.24930895762654,42.55583085928092,42.0,40.0,Forest,Evergreen
93,2019_HARV_6__1_2.tif,neon_10m_linearized/2019_HARV_6__1_2.tif,neon_2.5m_linearized/2019_HARV_6__1_2.tif,EPSG:32618,728380.0,4715160.0,-72.21816140796966,42.55507835856587,43.0,40.0,Forest,Mixed
94,2019_HARV_6__1_3.tif,neon_10m_linearized/2019_HARV_6__1_3.tif,neon_2.5m_linearized/2019_HARV_6__1_3.tif,EPSG:32618,730940.0,4715160.0,-72.187015058986,42.55431740251904,43.0,40.0,Forest,Mixed
95,2019_HARV_6__1_4.tif,neon_10m_linearized/2019_HARV_6__1_4.tif,neon_2.5m_linearized/2019_HARV_6__1_4.tif,EPSG:32618,733500.0,4715160.0,-72.15586992403526,42.55354799205605,41.0,40.0,Forest,Deciduous
96,2019_HARV_6__1_5.tif,neon_10m_linearized/2019_HARV_6__1_5.tif,neon_2.5m_linearized/2019_HARV_6__1_5.tif,EPSG:32618,736060.0,4715160.0,-72.12472601647383,42.552770128102736,43.0,40.0,Forest,Mixed
97,2019_HARV_6__2_0.tif,neon_10m_linearized/2019_HARV_6__2_0.tif,neon_2.5m_linearized/2019_HARV_6__2_0.tif,EPSG:32618,723260.0,4712600.0,-72.28145780114946,42.53354604097052,42.0,40.0,Forest,Evergreen
98,2019_HARV_6__2_1.tif,neon_10m_linearized/2019_HARV_6__2_1.tif,neon_2.5m_linearized/2019_HARV_6__2_1.tif,EPSG:32618,725820.0,4712600.0,-72.25032048406777,42.53280259255504,42.0,40.0,Forest,Evergreen
99,2019_HARV_6__2_2.tif,neon_10m_linearized/2019_HARV_6__2_2.tif,neon_2.5m_linearized/2019_HARV_6__2_2.tif,EPSG:32618,728380.0,4712600.0,-72.21918435266592,42.53205069466226,42.0,40.0,Forest,Evergreen
100,2019_HARV_6__2_3.tif,neon_10m_linearized/2019_HARV_6__2_3.tif,neon_2.5m_linearized/2019_HARV_6__2_3.tif,EPSG:32618,730940.0,4712600.0,-72.18804942028865,42.53129034819652,43.0,40.0,Forest,Mixed
101,2019_HARV_6__2_4.tif,neon_10m_linearized/2019_HARV_6__2_4.tif,neon_2.5m_linearized/2019_HARV_6__2_4.tif,EPSG:32618,733500.0,4712600.0,-72.15691570027738,42.5305215540723,43.0,40.0,Forest,Mixed
102,2019_HARV_6__2_5.tif,neon_10m_linearized/2019_HARV_6__2_5.tif,neon_2.5m_linearized/2019_HARV_6__2_5.tif,EPSG:32618,736060.0,4712600.0,-72.1257832059703,42.52974431321413,90.0,90.0,Water,WoodyWetlands
103,2019_HARV_6__3_0.tif,neon_10m_linearized/2019_HARV_6__3_0.tif,neon_2.5m_linearized/2019_HARV_6__3_0.tif,EPSG:32618,723260.0,4710040.0,-72.28245673537279,42.51051706625991,42.0,40.0,Forest,Evergreen
104,2019_HARV_6__3_1.tif,neon_10m_linearized/2019_HARV_6__3_1.tif,neon_2.5m_linearized/2019_HARV_6__3_1.tif,EPSG:32618,725820.0,4710040.0,-72.2513308248286,42.50977421347389,42.0,40.0,Forest,Evergreen
105,2019_HARV_6__3_2.tif,neon_10m_linearized/2019_HARV_6__3_2.tif,neon_2.5m_linearized/2019_HARV_6__3_2.tif,EPSG:32618,728380.0,4710040.0,-72.22020609833707,42.509022917965744,43.0,40.0,Forest,Mixed
106,2019_HARV_6__3_3.tif,neon_10m_linearized/2019_HARV_6__3_3.tif,neon_2.5m_linearized/2019_HARV_6__3_3.tif,EPSG:32618,730940.0,4710040.0,-72.18908256922471,42.50826318063864,41.0,40.0,Forest,Deciduous
107,2019_HARV_6__3_4.tif,neon_10m_linearized/2019_HARV_6__3_4.tif,neon_2.5m_linearized/2019_HARV_6__3_4.tif,EPSG:32618,733500.0,4710040.0,-72.15796025081477,42.50749500240581,43.0,40.0,Forest,Mixed
108,2019_HARV_6__3_5.tif,neon_10m_linearized/2019_HARV_6__3_5.tif,neon_2.5m_linearized/2019_HARV_6__3_5.tif,EPSG:32618,736060.0,4710040.0,-72.1268391564272,42.50671838419057,43.0,40.0,Forest,Mixed
109,2019_HARV_6__4_0.tif,neon_10m_linearized/2019_HARV_6__4_0.tif,neon_2.5m_linearized/2019_HARV_6__4_0.tif,EPSG:32618,723260.0,4707480.0,-72.28345449887266,42.48748797966186,11.0,10.0,Water,Open Water
110,2019_HARV_6__4_1.tif,neon_10m_linearized/2019_HARV_6__4_1.tif,neon_2.5m_linearized/2019_HARV_6__4_1.tif,EPSG:32618,725820.0,4707480.0,-72.25233998153624,42.48674572207322,43.0,40.0,Forest,Mixed
111,2019_HARV_6__4_2.tif,neon_10m_linearized/2019_HARV_6__4_2.tif,neon_2.5m_linearized/2019_HARV_6__4_2.tif,EPSG:32618,728380.0,4707480.0,-72.22122664662851,42.4859950285128,43.0,40.0,Forest,Mixed
112,2019_HARV_6__4_3.tif,neon_10m_linearized/2019_HARV_6__4_3.tif,neon_2.5m_linearized/2019_HARV_6__4_3.tif,EPSG:32618,730940.0,4707480.0,-72.1901145074578,42.48523589988254,41.0,40.0,Forest,Deciduous
113,2019_HARV_6__4_4.tif,neon_10m_linearized/2019_HARV_6__4_4.tif,neon_2.5m_linearized/2019_HARV_6__4_4.tif,EPSG:32618,733500.0,4707480.0,-72.1590035773292,42.48446833709445,43.0,40.0,Forest,Mixed
114,2019_HARV_6__4_5.tif,neon_10m_linearized/2019_HARV_6__4_5.tif,neon_2.5m_linearized/2019_HARV_6__4_5.tif,EPSG:32618,736060.0,4707480.0,-72.12789386954451,42.48369234107062,43.0,40.0,Forest,Mixed
115,2019_HARV_6__5_0.tif,neon_10m_linearized/2019_HARV_6__5_0.tif,neon_2.5m_linearized/2019_HARV_6__5_0.tif,EPSG:32618,723260.0,4704920.0,-72.28445109325483,42.46445878121148,11.0,10.0,Water,Open Water
116,2019_HARV_6__5_1.tif,neon_10m_linearized/2019_HARV_6__5_1.tif,neon_2.5m_linearized/2019_HARV_6__5_1.tif,EPSG:32618,725820.0,4704920.0,-72.25334795581463,42.46371711838884,43.0,40.0,Forest,Mixed
117,2019_HARV_6__5_2.tif,neon_10m_linearized/2019_HARV_6__5_2.tif,neon_2.5m_linearized/2019_HARV_6__5_2.tif,EPSG:32618,728380.0,4704920.0,-72.22224599918239,42.46296702633987,43.0,40.0,Forest,Mixed
118,2019_HARV_6__5_3.tif,neon_10m_linearized/2019_HARV_6__5_3.tif,neon_2.5m_linearized/2019_HARV_6__5_3.tif,EPSG:32618,730940.0,4704920.0,-72.19114523664827,42.46220850596532,43.0,40.0,Forest,Mixed
119,2019_HARV_6__5_4.tif,neon_10m_linearized/2019_HARV_6__5_4.tif,neon_2.5m_linearized/2019_HARV_6__5_4.tif,EPSG:32618,733500.0,4704920.0,-72.1600456814992,42.46144155817603,43.0,40.0,Forest,Mixed
120,2019_HARV_6__5_5.tif,neon_10m_linearized/2019_HARV_6__5_5.tif,neon_2.5m_linearized/2019_HARV_6__5_5.tif,EPSG:32618,736060.0,4704920.0,-72.12894734701887,42.46066618389279,43.0,40.0,Forest,Mixed
121,2019_HARV_6__6_0.tif,neon_10m_linearized/2019_HARV_6__6_0.tif,neon_2.5m_linearized/2019_HARV_6__6_0.tif,EPSG:32618,723260.0,4702360.0,-72.2854465201219,42.44142947094387,11.0,10.0,Water,Open Water
122,2019_HARV_6__6_1.tif,neon_10m_linearized/2019_HARV_6__6_1.tif,neon_2.5m_linearized/2019_HARV_6__6_1.tif,EPSG:32618,725820.0,4702360.0,-72.25435474928456,42.44068840245648,11.0,10.0,Water,Open Water
123,2019_HARV_6__6_2.tif,neon_10m_linearized/2019_HARV_6__6_2.tif,neon_2.5m_linearized/2019_HARV_6__6_2.tif,EPSG:32618,728380.0,4702360.0,-72.2232641576376,42.4399389114834,41.0,40.0,Forest,Deciduous
124,2019_HARV_6__6_3.tif,neon_10m_linearized/2019_HARV_6__6_3.tif,neon_2.5m_linearized/2019_HARV_6__6_3.tif,EPSG:32618,730940.0,4702360.0,-72.1921747584531,42.43918099892415,43.0,40.0,Forest,Mixed
125,2019_HARV_6__6_4.tif,neon_10m_linearized/2019_HARV_6__6_4.tif,neon_2.5m_linearized/2019_HARV_6__6_4.tif,EPSG:32618,733500.0,4702360.0,-72.1610865649999,42.43841466568836,43.0,40.0,Forest,Mixed
126,2019_HARV_6__6_5.tif,neon_10m_linearized/2019_HARV_6__6_5.tif,neon_2.5m_linearized/2019_HARV_6__6_5.tif,EPSG:32618,736060.0,4702360.0,-72.12999959054358,42.4376399126956,41.0,40.0,Forest,Deciduous
127,2019_HARV_6__7_2.tif,neon_10m_linearized/2019_HARV_6__7_2.tif,neon_2.5m_linearized/2019_HARV_6__7_2.tif,EPSG:32618,728380.0,4699800.0,-72.22428112362984,42.41691068397984,42.0,40.0,Forest,Evergreen
128,2019_HARV_6__7_4.tif,neon_10m_linearized/2019_HARV_6__7_4.tif,neon_2.5m_linearized/2019_HARV_6__7_4.tif,EPSG:32618,733500.0,4699800.0,-72.16212622950319,42.41538765966925,41.0,40.0,Forest,Deciduous
129,2019_HARV_6__8_2.tif,neon_10m_linearized/2019_HARV_6__8_2.tif,neon_2.5m_linearized/2019_HARV_6__8_2.tif,EPSG:32618,728380.0,4697240.0,-72.22529689879153,42.393882343865634,43.0,40.0,Forest,Mixed
130,2019_HARV_6__8_3.tif,neon_10m_linearized/2019_HARV_6__8_3.tif,neon_2.5m_linearized/2019_HARV_6__8_3.tif,EPSG:32618,730940.0,4697240.0,-72.19423018651779,42.39312564561844,41.0,40.0,Forest,Deciduous
131,2019_HARV_6__8_4.tif,neon_10m_linearized/2019_HARV_6__8_4.tif,neon_2.5m_linearized/2019_HARV_6__8_4.tif,EPSG:32618,733500.0,4697240.0,-72.16316467667761,42.39236054015657,41.0,40.0,Forest,Deciduous
132,2019_HEAL_3__0_0.tif,neon_10m_linearized/2019_HEAL_3__0_0.tif,neon_2.5m_linearized/2019_HEAL_3__0_0.tif,EPSG:32606,386300.0,7090720.0,-149.318748420223,63.92496696469993,,,,
133,2019_HEAL_3__0_1.tif,neon_10m_linearized/2019_HEAL_3__0_1.tif,neon_2.5m_linearized/2019_HEAL_3__0_1.tif,EPSG:32606,388860.0,7090720.0,-149.26659066165445,63.92579246745284,,,,
134,2019_HEAL_3__0_2.tif,neon_10m_linearized/2019_HEAL_3__0_2.tif,neon_2.5m_linearized/2019_HEAL_3__0_2.tif,EPSG:32606,391420.0,7090720.0,-149.21442950688515,63.92659920478652,,,,
135,2019_HEAL_3__0_3.tif,neon_10m_linearized/2019_HEAL_3__0_3.tif,neon_2.5m_linearized/2019_HEAL_3__0_3.tif,EPSG:32606,393980.0,7090720.0,-149.1622650337033,63.92738717444284,,,,
136,2019_HEAL_3__1_2.tif,neon_10m_linearized/2019_HEAL_3__1_2.tif,neon_2.5m_linearized/2019_HEAL_3__1_2.tif,EPSG:32606,391420.0,7088160.0,-149.2126193856681,63.90364258357047,,,,
137,2019_HEAL_3__1_3.tif,neon_10m_linearized/2019_HEAL_3__1_3.tif,neon_2.5m_linearized/2019_HEAL_3__1_3.tif,EPSG:32606,393980.0,7088160.0,-149.16049747094144,63.90442975751477,,,,
138,2019_HEAL_3__1_4.tif,neon_10m_linearized/2019_HEAL_3__1_4.tif,neon_2.5m_linearized/2019_HEAL_3__1_4.tif,EPSG:32606,396540.0,7088160.0,-149.108372324119,63.90519818048703,,,,
139,2019_HEAL_3__2_0.tif,neon_10m_linearized/2019_HEAL_3__2_0.tif,neon_2.5m_linearized/2019_HEAL_3__2_0.tif,EPSG:32606,386300.0,7085600.0,-149.3149614614367,63.87905691449245,,,,
140,2019_HEAL_3__2_1.tif,neon_10m_linearized/2019_HEAL_3__2_1.tif,neon_2.5m_linearized/2019_HEAL_3__2_1.tif,EPSG:32606,388860.0,7085600.0,-149.26288870701387,63.87988075156873,,,,
141,2019_HEAL_3__2_2.tif,neon_10m_linearized/2019_HEAL_3__2_2.tif,neon_2.5m_linearized/2019_HEAL_3__2_2.tif,EPSG:32606,391420.0,7085600.0,-149.2108125741675,63.8806858609956,,,,
142,2019_HEAL_3__2_3.tif,neon_10m_linearized/2019_HEAL_3__2_3.tif,neon_2.5m_linearized/2019_HEAL_3__2_3.tif,EPSG:32606,393980.0,7085600.0,-149.15873314028028,63.88147224052599,,,,
143,2019_HEAL_3__2_4.tif,neon_10m_linearized/2019_HEAL_3__2_4.tif,neon_2.5m_linearized/2019_HEAL_3__2_4.tif,EPSG:32606,396540.0,7085600.0,-149.10665048276522,63.88223988796478,,,,
144,2019_HEAL_3__3_0.tif,neon_10m_linearized/2019_HEAL_3__3_0.tif,neon_2.5m_linearized/2019_HEAL_3__3_0.tif,EPSG:32606,386300.0,7083040.0,-149.31307317025178,63.85610173335312,,,,
145,2019_HEAL_3__3_1.tif,neon_10m_linearized/2019_HEAL_3__3_1.tif,neon_2.5m_linearized/2019_HEAL_3__3_1.tif,EPSG:32606,388860.0,7083040.0,-149.26104280177316,63.856924739626656,,,,
146,2019_HEAL_3__3_2.tif,neon_10m_linearized/2019_HEAL_3__3_2.tif,neon_2.5m_linearized/2019_HEAL_3__3_2.tif,EPSG:32606,391420.0,7083040.0,-149.2090090637129,63.85772903708976,,,,
147,2019_HEAL_3__3_3.tif,neon_10m_linearized/2019_HEAL_3__3_3.tif,neon_2.5m_linearized/2019_HEAL_3__3_3.tif,EPSG:32606,393980.0,7083040.0,-149.15697203325192,63.85851462350082,,,,
148,2019_HEAL_3__4_0.tif,neon_10m_linearized/2019_HEAL_3__4_0.tif,neon_2.5m_linearized/2019_HEAL_3__4_0.tif,EPSG:32606,386300.0,7080480.0,-149.3111883258037,63.83314644823639,,,,
149,2019_HEAL_3__4_1.tif,neon_10m_linearized/2019_HEAL_3__4_1.tif,neon_2.5m_linearized/2019_HEAL_3__4_1.tif,EPSG:32606,388860.0,7080480.0,-149.25920026611922,63.83396862505946,,,,
150,2019_HEAL_3__4_2.tif,neon_10m_linearized/2019_HEAL_3__4_2.tif,neon_2.5m_linearized/2019_HEAL_3__4_2.tif,EPSG:32606,391420.0,7080480.0,-149.20720884566407,63.83477211188054,,,,
151,2019_HEAL_3__4_3.tif,neon_10m_linearized/2019_HEAL_3__4_3.tif,neon_2.5m_linearized/2019_HEAL_3__4_3.tif,EPSG:32606,393980.0,7080480.0,-149.1552141414181,63.83555690646349,,,,
152,2019_JERC_5__1_0.tif,neon_10m_linearized/2019_JERC_5__1_0.tif,neon_2.5m_linearized/2019_JERC_5__1_0.tif,EPSG:32616,732260.0,3468180.0,-84.55911994598378,31.324873460521275,82.0,80.0,Rural,Crops
153,2019_JERC_5__1_1.tif,neon_10m_linearized/2019_JERC_5__1_1.tif,neon_2.5m_linearized/2019_JERC_5__1_1.tif,EPSG:32616,734820.0,3468180.0,-84.53223732499738,31.324359220904665,82.0,80.0,Rural,Crops
154,2019_JERC_5__1_2.tif,neon_10m_linearized/2019_JERC_5__1_2.tif,neon_2.5m_linearized/2019_JERC_5__1_2.tif,EPSG:32616,737380.0,3468180.0,-84.50535539645647,31.32383935993298,42.0,40.0,Forest,Evergreen
155,2019_JERC_5__1_3.tif,neon_10m_linearized/2019_JERC_5__1_3.tif,neon_2.5m_linearized/2019_JERC_5__1_3.tif,EPSG:32616,739940.0,3468180.0,-84.47847416787293,31.3233138781155,82.0,80.0,Rural,Crops
156,2019_JERC_5__1_4.tif,neon_10m_linearized/2019_JERC_5__1_4.tif,neon_2.5m_linearized/2019_JERC_5__1_4.tif,EPSG:32616,742500.0,3468180.0,-84.45159364675749,31.322782775967006,42.0,40.0,Forest,Evergreen
157,2019_JERC_5__1_5.tif,neon_10m_linearized/2019_JERC_5__1_5.tif,neon_2.5m_linearized/2019_JERC_5__1_5.tif,EPSG:32616,745060.0,3468180.0,-84.42471384061966,31.32224605400773,82.0,80.0,Rural,Crops
158,2019_JERC_5__2_0.tif,neon_10m_linearized/2019_JERC_5__2_0.tif,neon_2.5m_linearized/2019_JERC_5__2_0.tif,EPSG:32616,732260.0,3465620.0,-84.55971537292808,31.301796156151987,82.0,80.0,Rural,Crops
159,2019_JERC_5__2_1.tif,neon_10m_linearized/2019_JERC_5__2_1.tif,neon_2.5m_linearized/2019_JERC_5__2_1.tif,EPSG:32616,734820.0,3465620.0,-84.53283929354029,31.3012823803339,82.0,80.0,Rural,Crops
160,2019_JERC_5__2_2.tif,neon_10m_linearized/2019_JERC_5__2_2.tif,neon_2.5m_linearized/2019_JERC_5__2_2.tif,EPSG:32616,737380.0,3465620.0,-84.5059639058996,31.30076298822568,82.0,80.0,Rural,Crops
161,2019_JERC_5__2_3.tif,neon_10m_linearized/2019_JERC_5__2_3.tif,neon_2.5m_linearized/2019_JERC_5__2_3.tif,EPSG:32616,739940.0,3465620.0,-84.4790892175104,31.30023798033596,42.0,40.0,Forest,Evergreen
162,2019_JERC_5__2_4.tif,neon_10m_linearized/2019_JERC_5__2_4.tif,neon_2.5m_linearized/2019_JERC_5__2_4.tif,EPSG:32616,742500.0,3465620.0,-84.45221523587591,31.29970735717888,42.0,40.0,Forest,Evergreen
163,2019_JERC_5__2_5.tif,neon_10m_linearized/2019_JERC_5__2_5.tif,neon_2.5m_linearized/2019_JERC_5__2_5.tif,EPSG:32616,745060.0,3465620.0,-84.42534196849803,31.29917111927404,82.0,80.0,Rural,Crops
164,2019_JERC_5__3_0.tif,neon_10m_linearized/2019_JERC_5__3_0.tif,neon_2.5m_linearized/2019_JERC_5__3_0.tif,EPSG:32616,732260.0,3463060.0,-84.56031011563064,31.278718758586937,82.0,80.0,Rural,Crops
165,2019_JERC_5__3_1.tif,neon_10m_linearized/2019_JERC_5__3_1.tif,neon_2.5m_linearized/2019_JERC_5__3_1.tif,EPSG:32616,734820.0,3463060.0,-84.53344057033587,31.27820544634645,42.0,40.0,Forest,Evergreen
166,2019_JERC_5__3_2.tif,neon_10m_linearized/2019_JERC_5__3_2.tif,neon_2.5m_linearized/2019_JERC_5__3_2.tif,EPSG:32616,737380.0,3463060.0,-84.50657171609103,31.27768652287831,42.0,40.0,Forest,Evergreen
167,2019_JERC_5__3_3.tif,neon_10m_linearized/2019_JERC_5__3_3.tif,neon_2.5m_linearized/2019_JERC_5__3_3.tif,EPSG:32616,739940.0,3463060.0,-84.47970356039303,31.2771619886906,42.0,40.0,Forest,Evergreen
168,2019_JERC_5__3_4.tif,neon_10m_linearized/2019_JERC_5__3_4.tif,neon_2.5m_linearized/2019_JERC_5__3_4.tif,EPSG:32616,742500.0,3463060.0,-84.45283611073748,31.27663184429677,82.0,80.0,Rural,Crops
169,2019_JERC_5__3_5.tif,neon_10m_linearized/2019_JERC_5__3_5.tif,neon_2.5m_linearized/2019_JERC_5__3_5.tif,EPSG:32616,745060.0,3463060.0,-84.42596937461883,31.27609609021584,82.0,80.0,Rural,Crops
170,2019_JERC_5__3_7.tif,neon_10m_linearized/2019_JERC_5__3_7.tif,neon_2.5m_linearized/2019_JERC_5__3_7.tif,EPSG:32616,750180.0,3463060.0,-84.37223807296385,31.27500775509579,82.0,80.0,Rural,Crops
171,2019_JERC_5__4_0.tif,neon_10m_linearized/2019_JERC_5__4_0.tif,neon_2.5m_linearized/2019_JERC_5__4_0.tif,EPSG:32616,732260.0,3460500.0,-84.56090417478109,31.25564126787452,82.0,80.0,Rural,Crops
172,2019_JERC_5__4_1.tif,neon_10m_linearized/2019_JERC_5__4_1.tif,neon_2.5m_linearized/2019_JERC_5__4_1.tif,EPSG:32616,734820.0,3460500.0,-84.53404115608129,31.255128418990964,82.0,80.0,Rural,Crops
173,2019_JERC_5__4_2.tif,neon_10m_linearized/2019_JERC_5__4_2.tif,neon_2.5m_linearized/2019_JERC_5__4_2.tif,EPSG:32616,737380.0,3460500.0,-84.50717882773547,31.25460996393989,42.0,40.0,Forest,Evergreen
174,2019_JERC_5__4_3.tif,neon_10m_linearized/2019_JERC_5__4_3.tif,neon_2.5m_linearized/2019_JERC_5__4_3.tif,EPSG:32616,739940.0,3460500.0,-84.48031719723298,31.254085903228724,42.0,40.0,Forest,Evergreen
175,2019_JERC_5__4_4.tif,neon_10m_linearized/2019_JERC_5__4_4.tif,neon_2.5m_linearized/2019_JERC_5__4_4.tif,EPSG:32616,742500.0,3460500.0,-84.45345627206194,31.25355623737034,82.0,80.0,Rural,Crops
176,2019_JERC_5__4_5.tif,neon_10m_linearized/2019_JERC_5__4_5.tif,neon_2.5m_linearized/2019_JERC_5__4_5.tif,EPSG:32616,745060.0,3460500.0,-84.4265960597093,31.253020966883067,82.0,80.0,Rural,Crops
177,2019_JERC_5__4_6.tif,neon_10m_linearized/2019_JERC_5__4_6.tif,neon_2.5m_linearized/2019_JERC_5__4_6.tif,EPSG:32616,747620.0,3460500.0,-84.39973656766074,31.252480092290696,82.0,80.0,Rural,Crops
178,2019_JERC_5__4_7.tif,neon_10m_linearized/2019_JERC_5__4_7.tif,neon_2.5m_linearized/2019_JERC_5__4_7.tif,EPSG:32616,750180.0,3460500.0,-84.37287780340073,31.25193361412249,42.0,40.0,Forest,Evergreen
179,2019_JERC_5__5_2.tif,neon_10m_linearized/2019_JERC_5__5_2.tif,neon_2.5m_linearized/2019_JERC_5__5_2.tif,EPSG:32616,737380.0,3457940.0,-84.50778524153638,31.23153331145945,82.0,80.0,Rural,Crops
180,2019_JERC_5__5_3.tif,neon_10m_linearized/2019_JERC_5__5_3.tif,neon_2.5m_linearized/2019_JERC_5__5_3.tif,EPSG:32616,739940.0,3457940.0,-84.48093012874128,31.23100972399973,42.0,40.0,Forest,Evergreen
181,2019_JERC_5__5_4.tif,neon_10m_linearized/2019_JERC_5__5_4.tif,neon_2.5m_linearized/2019_JERC_5__5_4.tif,EPSG:32616,742500.0,3457940.0,-84.45407572056783,31.23048053644926,82.0,80.0,Rural,Crops
182,2019_JERC_5__5_5.tif,neon_10m_linearized/2019_JERC_5__5_5.tif,neon_2.5m_linearized/2019_JERC_5__5_5.tif,EPSG:32616,745060.0,3457940.0,-84.42722202449548,31.229945749325765,82.0,80.0,Rural,Crops
183,2019_JERC_5__5_6.tif,neon_10m_linearized/2019_JERC_5__5_6.tif,neon_2.5m_linearized/2019_JERC_5__5_6.tif,EPSG:32616,747620.0,3457940.0,-84.4003690480024,31.229405363152367,42.0,40.0,Forest,Evergreen
184,2019_JERC_5__5_7.tif,neon_10m_linearized/2019_JERC_5__5_7.tif,neon_2.5m_linearized/2019_JERC_5__5_7.tif,EPSG:32616,750180.0,3457940.0,-84.37351679856562,31.22885937845768,42.0,40.0,Forest,Evergreen
185,2019_JERC_5__6_2.tif,neon_10m_linearized/2019_JERC_5__6_2.tif,neon_2.5m_linearized/2019_JERC_5__6_2.tif,EPSG:32616,737380.0,3455380.0,-84.50839095819606,31.20845656548609,82.0,80.0,Rural,Crops
186,2019_JERC_5__6_3.tif,neon_10m_linearized/2019_JERC_5__6_3.tif,neon_2.5m_linearized/2019_JERC_5__6_3.tif,EPSG:32616,739940.0,3455380.0,-84.4815423556277,31.207933451053,42.0,40.0,Forest,Evergreen
187,2019_JERC_5__6_4.tif,neon_10m_linearized/2019_JERC_5__6_4.tif,neon_2.5m_linearized/2019_JERC_5__6_4.tif,EPSG:32616,742500.0,3455380.0,-84.4546944569724,31.20740474158327,42.0,40.0,Forest,Evergreen
188,2019_JERC_5__6_5.tif,neon_10m_linearized/2019_JERC_5__6_5.tif,neon_2.5m_linearized/2019_JERC_5__6_5.tif,EPSG:32616,745060.0,3455380.0,-84.42784726970213,31.20687043759396,42.0,40.0,Forest,Evergreen
189,2019_JERC_5__6_6.tif,neon_10m_linearized/2019_JERC_5__6_6.tif,neon_2.5m_linearized/2019_JERC_5__6_6.tif,EPSG:32616,747620.0,3455380.0,-84.4010008012876,31.206330539607567,82.0,80.0,Rural,Crops
190,2019_JERC_5__6_7.tif,neon_10m_linearized/2019_JERC_5__6_7.tif,neon_2.5m_linearized/2019_JERC_5__6_7.tif,EPSG:32616,750180.0,3455380.0,-84.37415505919829,31.205785048152062,82.0,80.0,Rural,Crops
191,2019_JERC_5__7_2.tif,neon_10m_linearized/2019_JERC_5__7_2.tif,neon_2.5m_linearized/2019_JERC_5__7_2.tif,EPSG:32616,737380.0,3452820.0,-84.5089959784156,31.18537972606889,82.0,80.0,Rural,Crops
192,2019_JERC_5__7_3.tif,neon_10m_linearized/2019_JERC_5__7_3.tif,neon_2.5m_linearized/2019_JERC_5__7_3.tif,EPSG:32616,739940.0,3452820.0,-84.48215387860083,31.184857084437965,42.0,40.0,Forest,Evergreen
193,2019_JERC_5__7_4.tif,neon_10m_linearized/2019_JERC_5__7_4.tif,neon_2.5m_linearized/2019_JERC_5__7_4.tif,EPSG:32616,742500.0,3452820.0,-84.45531248199177,31.184328852822084,42.0,40.0,Forest,Evergreen
194,2019_JERC_5__7_5.tif,neon_10m_linearized/2019_JERC_5__7_5.tif,neon_2.5m_linearized/2019_JERC_5__7_5.tif,EPSG:32616,745060.0,3452820.0,-84.42847179605286,31.18379503173772,82.0,80.0,Rural,Crops
195,2019_JERC_5__7_6.tif,neon_10m_linearized/2019_JERC_5__7_6.tif,neon_2.5m_linearized/2019_JERC_5__7_6.tif,EPSG:32616,747620.0,3452820.0,-84.40163182824736,31.183255621706703,82.0,80.0,Rural,Crops
196,2019_JERC_5__7_7.tif,neon_10m_linearized/2019_JERC_5__7_7.tif,neon_2.5m_linearized/2019_JERC_5__7_7.tif,EPSG:32616,750180.0,3452820.0,-84.37479258603729,31.18271062325635,82.0,80.0,Rural,Crops
197,2019_JERC_5__8_2.tif,neon_10m_linearized/2019_JERC_5__8_2.tif,neon_2.5m_linearized/2019_JERC_5__8_2.tif,EPSG:32616,737380.0,3450260.0,-84.5096003028949,31.16230279325703,82.0,80.0,Rural,Crops
198,2019_JERC_5__8_3.tif,neon_10m_linearized/2019_JERC_5__8_3.tif,neon_2.5m_linearized/2019_JERC_5__8_3.tif,EPSG:32616,739940.0,3450260.0,-84.48276469836809,31.161780624204084,42.0,40.0,Forest,Evergreen
199,2019_JERC_5__8_4.tif,neon_10m_linearized/2019_JERC_5__8_4.tif,neon_2.5m_linearized/2019_JERC_5__8_4.tif,EPSG:32616,742500.0,3450260.0,-84.45592979634078,31.16125287021551,42.0,40.0,Forest,Evergreen
200,2019_JERC_5__8_5.tif,neon_10m_linearized/2019_JERC_5__8_5.tif,neon_2.5m_linearized/2019_JERC_5__8_5.tif,EPSG:32616,745060.0,3450260.0,-84.42909560426999,31.16071953180714,42.0,40.0,Forest,Evergreen
201,2019_JERC_5__8_6.tif,neon_10m_linearized/2019_JERC_5__8_6.tif,neon_2.5m_linearized/2019_JERC_5__8_6.tif,EPSG:32616,747620.0,3450260.0,-84.4022621296115,31.16018060950019,82.0,80.0,Rural,Crops
202,2019_JORN_3__1_0.tif,neon_10m_linearized/2019_JORN_3__1_0.tif,neon_2.5m_linearized/2019_JORN_3__1_0.tif,EPSG:32613,315260.0,3623160.0,-106.9714799613356,32.730773222436206,71.0,70.0,Rural,Grassland
203,2019_JORN_3__1_1.tif,neon_10m_linearized/2019_JORN_3__1_1.tif,neon_2.5m_linearized/2019_JORN_3__1_1.tif,EPSG:32613,317820.0,3623160.0,-106.94417422789007,32.731199805984375,71.0,70.0,Rural,Grassland
204,2019_JORN_3__1_2.tif,neon_10m_linearized/2019_JORN_3__1_2.tif,neon_2.5m_linearized/2019_JORN_3__1_2.tif,EPSG:32613,320380.0,3623160.0,-106.9168679220579,32.731620446981566,52.0,50.0,Rural,ShrubScrub
205,2019_JORN_3__2_0.tif,neon_10m_linearized/2019_JORN_3__2_0.tif,neon_2.5m_linearized/2019_JORN_3__2_0.tif,EPSG:32613,315260.0,3620600.0,-106.97097204251156,32.707693728169204,71.0,70.0,Rural,Grassland
206,2019_JORN_3__2_1.tif,neon_10m_linearized/2019_JORN_3__2_1.tif,neon_2.5m_linearized/2019_JORN_3__2_1.tif,EPSG:32613,317820.0,3620600.0,-106.94367333305652,32.70811993612043,52.0,50.0,Rural,ShrubScrub
207,2019_JORN_3__2_2.tif,neon_10m_linearized/2019_JORN_3__2_2.tif,neon_2.5m_linearized/2019_JORN_3__2_2.tif,EPSG:32613,320380.0,3620600.0,-106.9163740518169,32.70854020674949,52.0,50.0,Rural,ShrubScrub
208,2019_JORN_3__2_3.tif,neon_10m_linearized/2019_JORN_3__2_3.tif,neon_2.5m_linearized/2019_JORN_3__2_3.tif,EPSG:32613,322940.0,3620600.0,-106.88907420680334,32.70895453963597,52.0,50.0,Rural,ShrubScrub
209,2019_JORN_3__2_4.tif,neon_10m_linearized/2019_JORN_3__2_4.tif,neon_2.5m_linearized/2019_JORN_3__2_4.tif,EPSG:32613,325500.0,3620600.0,-106.86177380602744,32.70936293436538,52.0,50.0,Rural,ShrubScrub
210,2019_JORN_3__3_0.tif,neon_10m_linearized/2019_JORN_3__3_0.tif,neon_2.5m_linearized/2019_JORN_3__3_0.tif,EPSG:32613,315260.0,3618040.0,-106.9704647034818,32.684614141831744,52.0,50.0,Rural,ShrubScrub
211,2019_JORN_3__3_1.tif,neon_10m_linearized/2019_JORN_3__3_1.tif,neon_2.5m_linearized/2019_JORN_3__3_1.tif,EPSG:32613,317820.0,3618040.0,-106.94317301000764,32.68503997437538,71.0,70.0,Rural,Grassland
212,2019_JORN_3__3_2.tif,neon_10m_linearized/2019_JORN_3__3_2.tif,neon_2.5m_linearized/2019_JORN_3__3_2.tif,EPSG:32613,320380.0,3618040.0,-106.91588074535004,32.68545987482307,52.0,50.0,Rural,ShrubScrub
213,2019_JORN_3__3_3.tif,neon_10m_linearized/2019_JORN_3__3_3.tif,neon_2.5m_linearized/2019_JORN_3__3_3.tif,EPSG:32613,322940.0,3618040.0,-106.88858791751116,32.68587384275488,52.0,50.0,Rural,ShrubScrub
214,2019_JORN_3__3_4.tif,neon_10m_linearized/2019_JORN_3__3_4.tif,neon_2.5m_linearized/2019_JORN_3__3_4.tif,EPSG:32613,325500.0,3618040.0,-106.86129453449422,32.686281877756855,52.0,50.0,Rural,ShrubScrub
215,2019_JORN_3__3_5.tif,neon_10m_linearized/2019_JORN_3__3_5.tif,neon_2.5m_linearized/2019_JORN_3__3_5.tif,EPSG:32613,328060.0,3618040.0,-106.83400060430348,32.686683979420906,52.0,50.0,Rural,ShrubScrub
216,2019_JORN_3__3_6.tif,neon_10m_linearized/2019_JORN_3__3_6.tif,neon_2.5m_linearized/2019_JORN_3__3_6.tif,EPSG:32613,330620.0,3618040.0,-106.80670613494412,32.68708014734491,52.0,50.0,Rural,ShrubScrub
217,2019_JORN_3__4_0.tif,neon_10m_linearized/2019_JORN_3__4_0.tif,neon_2.5m_linearized/2019_JORN_3__4_0.tif,EPSG:32613,315260.0,3615480.0,-106.96995794363686,32.66153446346451,52.0,50.0,Rural,ShrubScrub
218,2019_JORN_3__4_1.tif,neon_10m_linearized/2019_JORN_3__4_1.tif,neon_2.5m_linearized/2019_JORN_3__4_1.tif,EPSG:32613,317820.0,3615480.0,-106.94267325814243,32.6619599207897,71.0,70.0,Rural,Grassland
219,2019_JORN_3__4_2.tif,neon_10m_linearized/2019_JORN_3__4_2.tif,neon_2.5m_linearized/2019_JORN_3__4_2.tif,EPSG:32613,320380.0,3615480.0,-106.9153880020646,32.66237945124248,52.0,50.0,Rural,ShrubScrub
220,2019_JORN_3__4_3.tif,neon_10m_linearized/2019_JORN_3__4_3.tif,neon_2.5m_linearized/2019_JORN_3__4_3.tif,EPSG:32613,322940.0,3615480.0,-106.88810218339718,32.6627930544035,52.0,50.0,Rural,ShrubScrub
221,2019_JORN_3__4_4.tif,neon_10m_linearized/2019_JORN_3__4_4.tif,neon_2.5m_linearized/2019_JORN_3__4_4.tif,EPSG:32613,325500.0,3615480.0,-106.86081581013498,32.66320072985926,52.0,50.0,Rural,ShrubScrub
222,2019_JORN_3__4_5.tif,neon_10m_linearized/2019_JORN_3__4_5.tif,neon_2.5m_linearized/2019_JORN_3__4_5.tif,EPSG:32613,328060.0,3615480.0,-106.83352889027384,32.663602477202225,52.0,50.0,Rural,ShrubScrub
223,2019_JORN_3__4_6.tif,neon_10m_linearized/2019_JORN_3__4_6.tif,neon_2.5m_linearized/2019_JORN_3__4_6.tif,EPSG:32613,330620.0,3615480.0,-106.80624143181063,32.66399829603069,52.0,50.0,Rural,ShrubScrub
224,2019_JORN_3__5_0.tif,neon_10m_linearized/2019_JORN_3__5_0.tif,neon_2.5m_linearized/2019_JORN_3__5_0.tif,EPSG:32613,315260.0,3612920.0,-106.96945176236828,32.638454693108315,52.0,50.0,Rural,ShrubScrub
225,2019_JORN_3__5_1.tif,neon_10m_linearized/2019_JORN_3__5_1.tif,neon_2.5m_linearized/2019_JORN_3__5_1.tif,EPSG:32613,317820.0,3612920.0,-106.9421740768608,32.63887977540387,52.0,50.0,Rural,ShrubScrub
226,2019_JORN_3__5_2.tif,neon_10m_linearized/2019_JORN_3__5_2.tif,neon_2.5m_linearized/2019_JORN_3__5_2.tif,EPSG:32613,320380.0,3612920.0,-106.91489582136892,32.63929893604799,52.0,50.0,Rural,ShrubScrub
227,2019_JORN_3__5_3.tif,neon_10m_linearized/2019_JORN_3__5_3.tif,neon_2.5m_linearized/2019_JORN_3__5_3.tif,EPSG:32613,322940.0,3612920.0,-106.88761700387812,32.639712174621806,52.0,50.0,Rural,ShrubScrub
228,2019_JORN_3__5_4.tif,neon_10m_linearized/2019_JORN_3__5_4.tif,neon_2.5m_linearized/2019_JORN_3__5_4.tif,EPSG:32613,325500.0,3612920.0,-106.86033763237484,32.64011949071236,52.0,50.0,Rural,ShrubScrub
229,2019_JORN_3__5_5.tif,neon_10m_linearized/2019_JORN_3__5_5.tif,neon_2.5m_linearized/2019_JORN_3__5_5.tif,EPSG:32613,328060.0,3612920.0,-106.83305771484652,32.640520883912565,52.0,50.0,Rural,ShrubScrub
230,2019_JORN_3__5_6.tif,neon_10m_linearized/2019_JORN_3__5_6.tif,neon_2.5m_linearized/2019_JORN_3__5_6.tif,EPSG:32613,330620.0,3612920.0,-106.80577725928164,32.64091635382126,52.0,50.0,Rural,ShrubScrub
231,2019_JORN_3__5_7.tif,neon_10m_linearized/2019_JORN_3__5_7.tif,neon_2.5m_linearized/2019_JORN_3__5_7.tif,EPSG:32613,333180.0,3612920.0,-106.77849627366962,32.641305900043214,52.0,50.0,Rural,ShrubScrub
232,2019_JORN_3__5_8.tif,neon_10m_linearized/2019_JORN_3__5_8.tif,neon_2.5m_linearized/2019_JORN_3__5_8.tif,EPSG:32613,335740.0,3612920.0,-106.75121476600084,32.64168952218904,71.0,70.0,Rural,Grassland
233,2019_JORN_3__6_3.tif,neon_10m_linearized/2019_JORN_3__6_3.tif,neon_2.5m_linearized/2019_JORN_3__6_3.tif,EPSG:32613,322940.0,3610360.0,-106.88713237837172,32.616631203449806,52.0,50.0,Rural,ShrubScrub
234,2019_JORN_3__6_4.tif,neon_10m_linearized/2019_JORN_3__6_4.tif,neon_2.5m_linearized/2019_JORN_3__6_4.tif,EPSG:32613,325500.0,3610360.0,-106.85986000063988,32.61703816035586,52.0,50.0,Rural,ShrubScrub
235,2019_JORN_3__6_5.tif,neon_10m_linearized/2019_JORN_3__6_5.tif,neon_2.5m_linearized/2019_JORN_3__6_5.tif,EPSG:32613,328060.0,3610360.0,-106.8325870774559,32.61743919959143,52.0,50.0,Rural,ShrubScrub
236,2019_JORN_3__6_6.tif,neon_10m_linearized/2019_JORN_3__6_6.tif,neon_2.5m_linearized/2019_JORN_3__6_6.tif,EPSG:32613,330620.0,3610360.0,-106.80531361679992,32.617834320755854,52.0,50.0,Rural,ShrubScrub
237,2019_JORN_3__6_7.tif,neon_10m_linearized/2019_JORN_3__6_7.tif,neon_2.5m_linearized/2019_JORN_3__6_7.tif,EPSG:32613,333180.0,3610360.0,-106.77803962665298,32.61822352345434,52.0,50.0,Rural,ShrubScrub
238,2019_JORN_3__6_8.tif,neon_10m_linearized/2019_JORN_3__6_8.tif,neon_2.5m_linearized/2019_JORN_3__6_8.tif,EPSG:32613,335740.0,3610360.0,-106.75076511499712,32.61860680729803,71.0,70.0,Rural,Grassland
239,2019_JORN_3__7_3.tif,neon_10m_linearized/2019_JORN_3__7_3.tif,neon_2.5m_linearized/2019_JORN_3__7_3.tif,EPSG:32613,322940.0,3607800.0,-106.8866483062967,32.593550140927555,71.0,70.0,Rural,Grassland
240,2019_JORN_3__7_4.tif,neon_10m_linearized/2019_JORN_3__7_4.tif,neon_2.5m_linearized/2019_JORN_3__7_4.tif,EPSG:32613,325500.0,3607800.0,-106.85938291435716,32.59395673882959,71.0,70.0,Rural,Grassland
241,2019_JORN_3__7_5.tif,neon_10m_linearized/2019_JORN_3__7_5.tif,neon_2.5m_linearized/2019_JORN_3__7_5.tif,EPSG:32613,328060.0,3607800.0,-106.83211697753748,32.594357424278385,52.0,50.0,Rural,ShrubScrub
242,2019_JORN_3__7_6.tif,neon_10m_linearized/2019_JORN_3__7_6.tif,neon_2.5m_linearized/2019_JORN_3__7_6.tif,EPSG:32613,330620.0,3607800.0,-106.80485050380932,32.59475219687376,52.0,50.0,Rural,ShrubScrub
243,2019_JORN_3__7_7.tif,neon_10m_linearized/2019_JORN_3__7_7.tif,neon_2.5m_linearized/2019_JORN_3__7_7.tif,EPSG:32613,333180.0,3607800.0,-106.77758350114546,32.59514105622142,52.0,50.0,Rural,ShrubScrub
244,2019_JORN_3__7_8.tif,neon_10m_linearized/2019_JORN_3__7_8.tif,neon_2.5m_linearized/2019_JORN_3__7_8.tif,EPSG:32613,335740.0,3607800.0,-106.75031597751952,32.595524001932986,52.0,50.0,Rural,ShrubScrub
245,2019_JORN_3__8_3.tif,neon_10m_linearized/2019_JORN_3__8_3.tif,neon_2.5m_linearized/2019_JORN_3__8_3.tif,EPSG:32613,322940.0,3605240.0,-106.8861647870728,32.57046898709513,71.0,70.0,Rural,Grassland
246,2019_JORN_3__8_4.tif,neon_10m_linearized/2019_JORN_3__8_4.tif,neon_2.5m_linearized/2019_JORN_3__8_4.tif,EPSG:32613,325500.0,3605240.0,-106.85890637295482,32.57087522617338,71.0,70.0,Rural,Grassland
247,2019_JORN_3__8_5.tif,neon_10m_linearized/2019_JORN_3__8_5.tif,neon_2.5m_linearized/2019_JORN_3__8_5.tif,EPSG:32613,328060.0,3605240.0,-106.83164741452762,32.57127555801301,71.0,70.0,Rural,Grassland
248,2019_JORN_3__8_6.tif,neon_10m_linearized/2019_JORN_3__8_6.tif,neon_2.5m_linearized/2019_JORN_3__8_6.tif,EPSG:32613,330620.0,3605240.0,-106.80438791975462,32.571669982214345,52.0,50.0,Rural,ShrubScrub
249,2019_JORN_3__8_7.tif,neon_10m_linearized/2019_JORN_3__8_7.tif,neon_2.5m_linearized/2019_JORN_3__8_7.tif,EPSG:32613,333180.0,3605240.0,-106.77712789660016,32.57205849838356,52.0,50.0,Rural,ShrubScrub
250,2019_JORN_3__8_8.tif,neon_10m_linearized/2019_JORN_3__8_8.tif,neon_2.5m_linearized/2019_JORN_3__8_8.tif,EPSG:32613,335740.0,3605240.0,-106.74986735302956,32.572441106132764,52.0,50.0,Rural,ShrubScrub
251,2019_JORN_3__9_4.tif,neon_10m_linearized/2019_JORN_3__9_4.tif,neon_2.5m_linearized/2019_JORN_3__9_4.tif,EPSG:32613,325500.0,3602680.0,-106.85843037586189,32.547793622427115,71.0,70.0,Rural,Grassland
252,2019_JORN_3__9_5.tif,neon_10m_linearized/2019_JORN_3__9_5.tif,neon_2.5m_linearized/2019_JORN_3__9_5.tif,EPSG:32613,328060.0,3602680.0,-106.8311783878638,32.548193600834935,52.0,50.0,Rural,ShrubScrub
253,2019_JORN_3__9_6.tif,neon_10m_linearized/2019_JORN_3__9_6.tif,neon_2.5m_linearized/2019_JORN_3__9_6.tif,EPSG:32613,330620.0,3602680.0,-106.8039258640815,32.54858767681698,52.0,50.0,Rural,ShrubScrub
254,2019_JORN_3__9_7.tif,neon_10m_linearized/2019_JORN_3__9_7.tif,neon_2.5m_linearized/2019_JORN_3__9_7.tif,EPSG:32613,333180.0,3602680.0,-106.7766728124711,32.548975849979904,52.0,50.0,Rural,ShrubScrub
255,2019_JORN_3__9_8.tif,neon_10m_linearized/2019_JORN_3__9_8.tif,neon_2.5m_linearized/2019_JORN_3__9_8.tif,EPSG:32613,335740.0,3602680.0,-106.74941924098958,32.54935811993629,71.0,70.0,Rural,Grassland
256,2019_NIWO_3__2_3.tif,neon_10m_linearized/2019_NIWO_3__2_3.tif,neon_2.5m_linearized/2019_NIWO_3__2_3.tif,EPSG:32613,450980.0,4437620.0,-105.57500807408786,40.08743388970398,42.0,40.0,Forest,Evergreen
257,2019_NIWO_3__3_1.tif,neon_10m_linearized/2019_NIWO_3__3_1.tif,neon_2.5m_linearized/2019_NIWO_3__3_1.tif,EPSG:32613,445860.0,4435060.0,-105.63484851256432,40.06405683792078,31.0,30.0,Rural,Barren
258,2019_NIWO_3__3_2.tif,neon_10m_linearized/2019_NIWO_3__3_2.tif,neon_2.5m_linearized/2019_NIWO_3__3_2.tif,EPSG:32613,448420.0,4435060.0,-105.60483143549736,40.06421743779198,52.0,50.0,Rural,ShrubScrub
259,2019_NIWO_3__3_3.tif,neon_10m_linearized/2019_NIWO_3__3_3.tif,neon_2.5m_linearized/2019_NIWO_3__3_3.tif,EPSG:32613,450980.0,4435060.0,-105.57481412325586,40.06437026101294,42.0,40.0,Forest,Evergreen
260,2019_NIWO_3__3_6.tif,neon_10m_linearized/2019_NIWO_3__3_6.tif,neon_2.5m_linearized/2019_NIWO_3__3_6.tif,EPSG:32613,458660.0,4435060.0,-105.48476089217196,40.06478206907413,42.0,40.0,Forest,Evergreen
261,2019_NIWO_3__4_1.tif,neon_10m_linearized/2019_NIWO_3__4_1.tif,neon_2.5m_linearized/2019_NIWO_3__4_1.tif,EPSG:32613,445860.0,4432500.0,-105.63463455524004,40.04099337071363,31.0,30.0,Rural,Barren
262,2019_NIWO_3__4_2.tif,neon_10m_linearized/2019_NIWO_3__4_2.tif,neon_2.5m_linearized/2019_NIWO_3__4_2.tif,EPSG:32613,448420.0,4432500.0,-105.6046275930208,40.041153840246494,52.0,50.0,Rural,ShrubScrub
263,2019_NIWO_3__4_3.tif,neon_10m_linearized/2019_NIWO_3__4_3.tif,neon_2.5m_linearized/2019_NIWO_3__4_3.tif,EPSG:32613,450980.0,4432500.0,-105.57462039592995,40.04130653943985,42.0,40.0,Forest,Evergreen
264,2019_NIWO_3__4_4.tif,neon_10m_linearized/2019_NIWO_3__4_4.tif,neon_2.5m_linearized/2019_NIWO_3__4_4.tif,EPSG:32613,453540.0,4432500.0,-105.544612975621,40.04145146811948,42.0,40.0,Forest,Evergreen
265,2019_NIWO_3__4_5.tif,neon_10m_linearized/2019_NIWO_3__4_5.tif,neon_2.5m_linearized/2019_NIWO_3__4_5.tif,EPSG:32613,456100.0,4432500.0,-105.51460534374796,40.04158862612,42.0,40.0,Forest,Evergreen
266,2019_NIWO_3__4_6.tif,neon_10m_linearized/2019_NIWO_3__4_6.tif,neon_2.5m_linearized/2019_NIWO_3__4_6.tif,EPSG:32613,458660.0,4432500.0,-105.48459751196536,40.041718013284935,42.0,40.0,Forest,Evergreen
267,2019_NIWO_3__5_1.tif,neon_10m_linearized/2019_NIWO_3__5_1.tif,neon_2.5m_linearized/2019_NIWO_3__5_1.tif,EPSG:32613,445860.0,4429940.0,-105.63442084444034,40.017929810468864,71.0,70.0,Rural,Grassland
268,2019_NIWO_3__5_2.tif,neon_10m_linearized/2019_NIWO_3__5_2.tif,neon_2.5m_linearized/2019_NIWO_3__5_2.tif,EPSG:32613,448420.0,4429940.0,-105.60442398541592,40.01809014975006,52.0,50.0,Rural,ShrubScrub
269,2019_NIWO_3__5_3.tif,neon_10m_linearized/2019_NIWO_3__5_3.tif,neon_2.5m_linearized/2019_NIWO_3__5_3.tif,EPSG:32613,450980.0,4429940.0,-105.57442689182228,40.01824272499832,42.0,40.0,Forest,Evergreen
270,2019_NIWO_3__5_4.tif,neon_10m_linearized/2019_NIWO_3__5_4.tif,neon_2.5m_linearized/2019_NIWO_3__5_4.tif,EPSG:32613,453540.0,4429940.0,-105.54442957529784,40.01838753603962,42.0,40.0,Forest,Evergreen
271,2019_NIWO_3__6_2.tif,neon_10m_linearized/2019_NIWO_3__6_2.tif,neon_2.5m_linearized/2019_NIWO_3__6_2.tif,EPSG:32613,448420.0,4427380.0,-105.60422061238044,39.99502636631649,42.0,40.0,Forest,Evergreen
272,2019_OAES_4__1_2.tif,neon_10m_linearized/2019_OAES_4__1_2.tif,neon_2.5m_linearized/2019_OAES_4__1_2.tif,EPSG:32614,489400.0,3920160.0,-99.11676893672406,35.42480284087182,71.0,70.0,Rural,Grassland
273,2019_OAES_4__1_3.tif,neon_10m_linearized/2019_OAES_4__1_3.tif,neon_2.5m_linearized/2019_OAES_4__1_3.tif,EPSG:32614,491960.0,3920160.0,-99.08856817177517,35.42482681602166,71.0,70.0,Rural,Grassland
274,2019_OAES_4__2_0.tif,neon_10m_linearized/2019_OAES_4__2_0.tif,neon_2.5m_linearized/2019_OAES_4__2_0.tif,EPSG:32614,484280.0,3917600.0,-99.17312096764792,35.40165216781721,71.0,70.0,Rural,Grassland
275,2019_OAES_4__2_1.tif,neon_10m_linearized/2019_OAES_4__2_1.tif,neon_2.5m_linearized/2019_OAES_4__2_1.tif,EPSG:32614,486840.0,3917600.0,-99.14492832840594,35.40168928225959,82.0,80.0,Rural,Crops
276,2019_OAES_4__3_0.tif,neon_10m_linearized/2019_OAES_4__3_0.tif,neon_2.5m_linearized/2019_OAES_4__3_0.tif,EPSG:32614,484280.0,3915040.0,-99.17307164755717,35.37856911279649,82.0,80.0,Rural,Crops
277,2019_OAES_4__3_1.tif,neon_10m_linearized/2019_OAES_4__3_1.tif,neon_2.5m_linearized/2019_OAES_4__3_1.tif,EPSG:32614,486840.0,3915040.0,-99.1448870399854,35.37860619577147,82.0,80.0,Rural,Crops
278,2019_OAES_4__4_5.tif,neon_10m_linearized/2019_OAES_4__4_5.tif,neon_2.5m_linearized/2019_OAES_4__4_5.tif,EPSG:32614,497080.0,3912480.0,-99.0321390808962,35.35560554032513,71.0,70.0,Rural,Grassland
279,2019_OAES_4__5_0.tif,neon_10m_linearized/2019_OAES_4__5_0.tif,neon_2.5m_linearized/2019_OAES_4__5_0.tif,EPSG:32614,484280.0,3909920.0,-99.17297317544192,35.33240273750855,82.0,80.0,Rural,Crops
280,2019_OAES_4__5_1.tif,neon_10m_linearized/2019_OAES_4__5_1.tif,neon_2.5m_linearized/2019_OAES_4__5_1.tif,EPSG:32614,486840.0,3909920.0,-99.14480460384152,35.33243975760155,82.0,80.0,Rural,Crops
281,2019_OAES_4__6_1.tif,neon_10m_linearized/2019_OAES_4__6_1.tif,neon_2.5m_linearized/2019_OAES_4__6_1.tif,EPSG:32614,486840.0,3907360.0,-99.14476345601176,35.309356405968785,82.0,80.0,Rural,Crops
282,2019_SERC_4__0_3.tif,neon_10m_linearized/2019_SERC_4__0_3.tif,neon_2.5m_linearized/2019_SERC_4__0_3.tif,EPSG:32618,366980.0,4310740.0,-76.53474277712132,38.93551127089083,11.0,10.0,Water,Open Water
283,2019_SERC_4__2_3.tif,neon_10m_linearized/2019_SERC_4__2_3.tif,neon_2.5m_linearized/2019_SERC_4__2_3.tif,EPSG:32618,366980.0,4305620.0,-76.5337495901599,38.88938900933011,11.0,10.0,Water,Open Water
284,2019_SERC_4__4_3.tif,neon_10m_linearized/2019_SERC_4__4_3.tif,neon_2.5m_linearized/2019_SERC_4__4_3.tif,EPSG:32618,366980.0,4300500.0,-76.53275867630956,38.84326636110141,11.0,10.0,Water,Open Water
285,2019_SOAP_4__0_2.tif,neon_10m_linearized/2019_SOAP_4__0_2.tif,neon_2.5m_linearized/2019_SOAP_4__0_2.tif,EPSG:32611,298420.0,4108720.0,-119.26845754794309,37.10312097067497,42.0,40.0,Forest,Evergreen
286,2019_SOAP_4__0_4.tif,neon_10m_linearized/2019_SOAP_4__0_4.tif,neon_2.5m_linearized/2019_SOAP_4__0_4.tif,EPSG:32611,303540.0,4108720.0,-119.2108798020398,37.104209038344415,42.0,40.0,Forest,Evergreen
287,2019_SOAP_4__1_0.tif,neon_10m_linearized/2019_SOAP_4__1_0.tif,neon_2.5m_linearized/2019_SOAP_4__1_0.tif,EPSG:32611,293300.0,4106160.0,-119.32532720435326,37.07894744686163,71.0,70.0,Rural,Grassland
288,2019_SOAP_4__1_1.tif,neon_10m_linearized/2019_SOAP_4__1_1.tif,neon_2.5m_linearized/2019_SOAP_4__1_1.tif,EPSG:32611,295860.0,4106160.0,-119.29654899970998,37.07950846917258,42.0,40.0,Forest,Evergreen
289,2019_SOAP_4__1_2.tif,neon_10m_linearized/2019_SOAP_4__1_2.tif,neon_2.5m_linearized/2019_SOAP_4__1_2.tif,EPSG:32611,298420.0,4106160.0,-119.267770003052,37.08006251572353,42.0,40.0,Forest,Evergreen
290,2019_SOAP_4__1_3.tif,neon_10m_linearized/2019_SOAP_4__1_3.tif,neon_2.5m_linearized/2019_SOAP_4__1_3.tif,EPSG:32611,300980.0,4106160.0,-119.23899022426684,37.08060958591884,42.0,40.0,Forest,Evergreen
291,2019_SOAP_4__1_4.tif,neon_10m_linearized/2019_SOAP_4__1_4.tif,neon_2.5m_linearized/2019_SOAP_4__1_4.tif,EPSG:32611,303540.0,4106160.0,-119.21020967324368,37.0811496791703,42.0,40.0,Forest,Evergreen
292,2019_SOAP_4__2_0.tif,neon_10m_linearized/2019_SOAP_4__2_0.tif,neon_2.5m_linearized/2019_SOAP_4__2_0.tif,EPSG:32611,293300.0,4103600.0,-119.3246230489913,37.055889817978056,71.0,70.0,Rural,Grassland
293,2019_SOAP_4__2_1.tif,neon_10m_linearized/2019_SOAP_4__2_1.tif,neon_2.5m_linearized/2019_SOAP_4__2_1.tif,EPSG:32611,295860.0,4103600.0,-119.29585354017678,37.05645037396653,42.0,40.0,Forest,Evergreen
294,2019_SOAP_4__2_2.tif,neon_10m_linearized/2019_SOAP_4__2_2.tif,neon_2.5m_linearized/2019_SOAP_4__2_2.tif,EPSG:32611,298420.0,4103600.0,-119.2670832402884,37.057003959986616,42.0,40.0,Forest,Evergreen
295,2019_SOAP_4__3_0.tif,neon_10m_linearized/2019_SOAP_4__3_0.tif,neon_2.5m_linearized/2019_SOAP_4__3_0.tif,EPSG:32611,293300.0,4101040.0,-119.3239196945776,37.0328320877931,71.0,70.0,Rural,Grassland
296,2019_SOAP_4__3_1.tif,neon_10m_linearized/2019_SOAP_4__3_1.tif,neon_2.5m_linearized/2019_SOAP_4__3_1.tif,EPSG:32611,295860.0,4101040.0,-119.29515887171776,37.03339217773666,71.0,70.0,Rural,Grassland
297,2019_SOAP_4__3_2.tif,neon_10m_linearized/2019_SOAP_4__3_2.tif,neon_2.5m_linearized/2019_SOAP_4__3_2.tif,EPSG:32611,298420.0,4101040.0,-119.26639725872312,37.03394530349995,42.0,40.0,Forest,Evergreen
298,2019_SOAP_4__3_4.tif,neon_10m_linearized/2019_SOAP_4__3_4.tif,neon_2.5m_linearized/2019_SOAP_4__3_4.tif,EPSG:32611,303540.0,4101040.0,-119.2088717017878,37.035030660116576,42.0,40.0,Forest,Evergreen
299,2019_SOAP_4__4_0.tif,neon_10m_linearized/2019_SOAP_4__4_0.tif,neon_2.5m_linearized/2019_SOAP_4__4_0.tif,EPSG:32611,293300.0,4098480.0,-119.32321714016145,37.00977425634335,71.0,70.0,Rural,Grassland
300,2019_SOAP_4__4_1.tif,neon_10m_linearized/2019_SOAP_4__4_1.tif,neon_2.5m_linearized/2019_SOAP_4__4_1.tif,EPSG:32611,295860.0,4098480.0,-119.2944649933938,37.01033388051906,71.0,70.0,Rural,Grassland
301,2019_SOAP_4__4_2.tif,neon_10m_linearized/2019_SOAP_4__4_2.tif,neon_2.5m_linearized/2019_SOAP_4__4_2.tif,EPSG:32611,298420.0,4098480.0,-119.2657120574288,37.01088654629928,71.0,70.0,Rural,Grassland
302,2019_SOAP_4__4_4.tif,neon_10m_linearized/2019_SOAP_4__4_4.tif,neon_2.5m_linearized/2019_SOAP_4__4_4.tif,EPSG:32611,303540.0,4098480.0,-119.20820385731832,37.01197100030686,42.0,40.0,Forest,Evergreen
303,2019_SRER_3__0_2.tif,neon_10m_linearized/2019_SRER_3__0_2.tif,neon_2.5m_linearized/2019_SRER_3__0_2.tif,EPSG:32612,507400.0,3531700.0,-110.9217230146736,31.92116359714372,52.0,50.0,Rural,ShrubScrub
304,2019_SRER_3__1_2.tif,neon_10m_linearized/2019_SRER_3__1_2.tif,neon_2.5m_linearized/2019_SRER_3__1_2.tif,EPSG:32612,507400.0,3529140.0,-110.92174256511755,31.89806744595684,52.0,50.0,Rural,ShrubScrub
305,2019_SRER_3__2_5.tif,neon_10m_linearized/2019_SRER_3__2_5.tif,neon_2.5m_linearized/2019_SRER_3__2_5.tif,EPSG:32612,515080.0,3526580.0,-110.84056403338865,31.874895321319823,52.0,50.0,Rural,ShrubScrub
306,2019_SRER_3__3_8.tif,neon_10m_linearized/2019_SRER_3__3_8.tif,neon_2.5m_linearized/2019_SRER_3__3_8.tif,EPSG:32612,522760.0,3524020.0,-110.75942637644746,31.85167144217004,52.0,50.0,Rural,ShrubScrub
307,2019_SRER_3__4_1.tif,neon_10m_linearized/2019_SRER_3__4_1.tif,neon_2.5m_linearized/2019_SRER_3__4_1.tif,EPSG:32612,504840.0,3521460.0,-110.94885366906009,31.828792237175872,52.0,50.0,Rural,ShrubScrub
308,2019_SRER_3__4_2.tif,neon_10m_linearized/2019_SRER_3__4_2.tif,neon_2.5m_linearized/2019_SRER_3__4_2.tif,EPSG:32612,507400.0,3521460.0,-110.92180108206998,31.82877848823617,52.0,50.0,Rural,ShrubScrub
309,2019_SRER_3__4_8.tif,neon_10m_linearized/2019_SRER_3__4_8.tif,neon_2.5m_linearized/2019_SRER_3__4_8.tif,EPSG:32612,522760.0,3521460.0,-110.75948629985788,31.828575220862263,52.0,50.0,Rural,ShrubScrub
310,2019_SRER_3__5_0.tif,neon_10m_linearized/2019_SRER_3__5_0.tif,neon_2.5m_linearized/2019_SRER_3__5_0.tif,EPSG:32612,502280.0,3518900.0,-110.97591226674425,31.805703728292595,52.0,50.0,Rural,ShrubScrub
311,2019_SRER_3__5_1.tif,neon_10m_linearized/2019_SRER_3__5_1.tif,neon_2.5m_linearized/2019_SRER_3__5_1.tif,EPSG:32612,504840.0,3518900.0,-110.948866397575,31.80569573769297,52.0,50.0,Rural,ShrubScrub
312,2019_SRER_3__5_2.tif,neon_10m_linearized/2019_SRER_3__5_2.tif,neon_2.5m_linearized/2019_SRER_3__5_2.tif,EPSG:32612,507400.0,3518900.0,-110.92182054300426,31.80568200105273,52.0,50.0,Rural,ShrubScrub
313,2019_SRER_3__5_6.tif,neon_10m_linearized/2019_SRER_3__5_6.tif,neon_2.5m_linearized/2019_SRER_3__5_6.tif,EPSG:32612,517640.0,3518900.0,-110.8136374251362,31.80556959444236,52.0,50.0,Rural,ShrubScrub
314,2019_SRER_3__5_7.tif,neon_10m_linearized/2019_SRER_3__5_7.tif,neon_2.5m_linearized/2019_SRER_3__5_7.tif,EPSG:32612,520200.0,3518900.0,-110.78659175937976,31.80552712791629,52.0,50.0,Rural,ShrubScrub
315,2019_SRER_3__5_8.tif,neon_10m_linearized/2019_SRER_3__5_8.tif,neon_2.5m_linearized/2019_SRER_3__5_8.tif,EPSG:32612,522760.0,3518900.0,-110.75954615455004,31.805478915516247,71.0,70.0,Rural,Grassland
316,2019_SRER_3__6_1.tif,neon_10m_linearized/2019_SRER_3__6_1.tif,neon_2.5m_linearized/2019_SRER_3__6_1.tif,EPSG:32612,504840.0,3516340.0,-110.94887911149137,31.78259915429966,52.0,50.0,Rural,ShrubScrub
317,2019_SRER_3__6_4.tif,neon_10m_linearized/2019_SRER_3__6_4.tif,neon_2.5m_linearized/2019_SRER_3__6_4.tif,EPSG:32612,512520.0,3516340.0,-110.86776179647788,31.782540758624467,52.0,50.0,Rural,ShrubScrub
318,2019_SRER_3__6_5.tif,neon_10m_linearized/2019_SRER_3__6_5.tif,neon_2.5m_linearized/2019_SRER_3__6_5.tif,EPSG:32612,515080.0,3516340.0,-110.84072275663716,31.78250981168697,71.0,70.0,Rural,Grassland
319,2019_SRER_3__6_6.tif,neon_10m_linearized/2019_SRER_3__6_6.tif,neon_2.5m_linearized/2019_SRER_3__6_6.tif,EPSG:32612,517640.0,3516340.0,-110.81368376223412,31.782473123939496,71.0,70.0,Rural,Grassland
320,2019_SRER_3__6_7.tif,neon_10m_linearized/2019_SRER_3__6_7.tif,neon_2.5m_linearized/2019_SRER_3__6_7.tif,EPSG:32612,520200.0,3516340.0,-110.78664482098212,31.782430695418284,71.0,70.0,Rural,Grassland
321,2019_SRER_3__6_8.tif,neon_10m_linearized/2019_SRER_3__6_8.tif,neon_2.5m_linearized/2019_SRER_3__6_8.tif,EPSG:32612,522760.0,3516340.0,-110.7596059405944,31.782382526165254,71.0,70.0,Rural,Grassland
322,2019_SRER_3__8_5.tif,neon_10m_linearized/2019_SRER_3__8_5.tif,neon_2.5m_linearized/2019_SRER_3__8_5.tif,EPSG:32612,515080.0,3511220.0,-110.84080184544862,31.73631655324069,42.0,40.0,Forest,Evergreen
323,2019_SRER_3__8_6.tif,neon_10m_linearized/2019_SRER_3__8_6.tif,neon_2.5m_linearized/2019_SRER_3__8_6.tif,EPSG:32612,517640.0,3511220.0,-110.81377627703128,31.736279931170586,42.0,40.0,Forest,Evergreen
324,2019_TALL_5__0_0.tif,neon_10m_linearized/2019_TALL_5__0_0.tif,neon_2.5m_linearized/2019_TALL_5__0_0.tif,EPSG:32616,456260.0,3649720.0,-87.46814757300477,32.98498800222823,41.0,40.0,Forest,Deciduous
325,2019_TALL_5__0_1.tif,neon_10m_linearized/2019_TALL_5__0_1.tif,neon_2.5m_linearized/2019_TALL_5__0_1.tif,EPSG:32616,458820.0,3649720.0,-87.44074871367876,32.98508771643457,41.0,40.0,Forest,Deciduous
326,2019_TALL_5__0_2.tif,neon_10m_linearized/2019_TALL_5__0_2.tif,neon_2.5m_linearized/2019_TALL_5__0_2.tif,EPSG:32616,461380.0,3649720.0,-87.41334972335171,32.98518141917335,43.0,40.0,Forest,Mixed
327,2019_TALL_5__0_3.tif,neon_10m_linearized/2019_TALL_5__0_3.tif,neon_2.5m_linearized/2019_TALL_5__0_3.tif,EPSG:32616,463940.0,3649720.0,-87.38595061016629,32.98526911035032,41.0,40.0,Forest,Deciduous
328,2019_TALL_5__1_0.tif,neon_10m_linearized/2019_TALL_5__1_0.tif,neon_2.5m_linearized/2019_TALL_5__1_0.tif,EPSG:32616,456260.0,3647160.0,-87.4680257618907,32.961896508564784,41.0,40.0,Forest,Deciduous
329,2019_TALL_5__1_1.tif,neon_10m_linearized/2019_TALL_5__1_1.tif,neon_2.5m_linearized/2019_TALL_5__1_1.tif,EPSG:32616,458820.0,3647160.0,-87.44063403111637,32.961996135284906,41.0,40.0,Forest,Deciduous
330,2019_TALL_5__1_2.tif,neon_10m_linearized/2019_TALL_5__1_2.tif,neon_2.5m_linearized/2019_TALL_5__1_2.tif,EPSG:32616,461380.0,3647160.0,-87.41324216947997,32.96208975581156,41.0,40.0,Forest,Deciduous
331,2019_TALL_5__1_3.tif,neon_10m_linearized/2019_TALL_5__1_3.tif,neon_2.5m_linearized/2019_TALL_5__1_3.tif,EPSG:32616,463940.0,3647160.0,-87.38585018511547,32.96217737005064,41.0,40.0,Forest,Deciduous
332,2019_TALL_5__2_0.tif,neon_10m_linearized/2019_TALL_5__2_0.tif,neon_2.5m_linearized/2019_TALL_5__2_0.tif,EPSG:32616,456260.0,3644600.0,-87.46790408977255,32.93880492901123,41.0,40.0,Forest,Deciduous
333,2019_TALL_5__2_1.tif,neon_10m_linearized/2019_TALL_5__2_1.tif,neon_2.5m_linearized/2019_TALL_5__2_1.tif,EPSG:32616,458820.0,3644600.0,-87.44051947941614,32.938904468289735,41.0,40.0,Forest,Deciduous
334,2019_TALL_5__2_2.tif,neon_10m_linearized/2019_TALL_5__2_2.tif,neon_2.5m_linearized/2019_TALL_5__2_2.tif,EPSG:32616,461380.0,3644600.0,-87.41313473833632,32.93899800664619,42.0,40.0,Forest,Evergreen
335,2019_TALL_5__2_3.tif,neon_10m_linearized/2019_TALL_5__2_3.tif,neon_2.5m_linearized/2019_TALL_5__2_3.tif,EPSG:32616,463940.0,3644600.0,-87.38574987465853,32.939085543986586,42.0,40.0,Forest,Evergreen
336,2019_TALL_5__3_0.tif,neon_10m_linearized/2019_TALL_5__3_0.tif,neon_2.5m_linearized/2019_TALL_5__3_0.tif,EPSG:32616,456260.0,3642040.0,-87.46778255650298,32.91571326359852,41.0,40.0,Forest,Deciduous
337,2019_TALL_5__3_1.tif,neon_10m_linearized/2019_TALL_5__3_1.tif,neon_2.5m_linearized/2019_TALL_5__3_1.tif,EPSG:32616,458820.0,3642040.0,-87.44040505843931,32.91581271547995,41.0,40.0,Forest,Deciduous
338,2019_TALL_5__3_2.tif,neon_10m_linearized/2019_TALL_5__3_2.tif,neon_2.5m_linearized/2019_TALL_5__3_2.tif,EPSG:32616,461380.0,3642040.0,-87.41302742979073,32.91590617170805,41.0,40.0,Forest,Deciduous
339,2019_TALL_5__3_3.tif,neon_10m_linearized/2019_TALL_5__3_3.tif,neon_2.5m_linearized/2019_TALL_5__3_3.tif,EPSG:32616,463940.0,3642040.0,-87.385649678674,32.91599363218896,42.0,40.0,Forest,Evergreen
340,2019_TALL_5__4_0.tif,neon_10m_linearized/2019_TALL_5__4_0.tif,neon_2.5m_linearized/2019_TALL_5__4_0.tif,EPSG:32616,456260.0,3639480.0,-87.46766116193493,32.89262151235768,41.0,40.0,Forest,Deciduous
341,2019_TALL_5__4_1.tif,neon_10m_linearized/2019_TALL_5__4_1.tif,neon_2.5m_linearized/2019_TALL_5__4_1.tif,EPSG:32616,458820.0,3639480.0,-87.44029076804748,32.89272087688651,41.0,40.0,Forest,Deciduous
342,2019_TALL_5__4_2.tif,neon_10m_linearized/2019_TALL_5__4_2.tif,neon_2.5m_linearized/2019_TALL_5__4_2.tif,EPSG:32616,461380.0,3639480.0,-87.41292024371332,32.89281425102807,41.0,40.0,Forest,Deciduous
343,2019_TALL_5__4_3.tif,neon_10m_linearized/2019_TALL_5__4_3.tif,neon_2.5m_linearized/2019_TALL_5__4_3.tif,EPSG:32616,463940.0,3639480.0,-87.38554959704064,32.89290163468858,42.0,40.0,Forest,Evergreen
344,2020_CPER_5__0_1.tif,neon_10m_linearized/2020_CPER_5__0_1.tif,neon_2.5m_linearized/2020_CPER_5__0_1.tif,EPSG:32613,520860.0,4525720.0,-104.75240652755612,40.882292083188574,71.0,70.0,Rural,Grassland
345,2020_CPER_5__0_2.tif,neon_10m_linearized/2020_CPER_5__0_2.tif,neon_2.5m_linearized/2020_CPER_5__0_2.tif,EPSG:32613,523420.0,4525720.0,-104.7220214573864,40.88222285531664,71.0,70.0,Rural,Grassland
346,2020_CPER_5__1_0.tif,neon_10m_linearized/2020_CPER_5__1_0.tif,neon_2.5m_linearized/2020_CPER_5__1_0.tif,EPSG:32613,518300.0,4523160.0,-104.78286704703524,40.85929186206112,71.0,70.0,Rural,Grassland
347,2020_CPER_5__1_1.tif,neon_10m_linearized/2020_CPER_5__1_1.tif,neon_2.5m_linearized/2020_CPER_5__1_1.tif,EPSG:32613,520860.0,4523160.0,-104.7524924176368,40.85923068811767,71.0,70.0,Rural,Grassland
348,2020_CPER_5__1_2.tif,neon_10m_linearized/2020_CPER_5__1_2.tif,neon_2.5m_linearized/2020_CPER_5__1_2.tif,EPSG:32613,523420.0,4523160.0,-104.7221178877237,40.85916151616484,71.0,70.0,Rural,Grassland
349,2020_CPER_5__1_3.tif,neon_10m_linearized/2020_CPER_5__1_3.tif,neon_2.5m_linearized/2020_CPER_5__1_3.tif,EPSG:32613,525980.0,4523160.0,-104.69174346950427,40.85908434628292,71.0,70.0,Rural,Grassland
350,2020_CPER_5__2_0.tif,neon_10m_linearized/2020_CPER_5__2_0.tif,neon_2.5m_linearized/2020_CPER_5__2_0.tif,EPSG:32613,518300.0,4520600.0,-104.78294230945136,40.83623032492084,71.0,70.0,Rural,Grassland
351,2020_CPER_5__2_1.tif,neon_10m_linearized/2020_CPER_5__2_1.tif,neon_2.5m_linearized/2020_CPER_5__2_1.tif,EPSG:32613,520860.0,4520600.0,-104.75257820823208,40.83616920039706,71.0,70.0,Rural,Grassland
352,2020_CPER_5__2_2.tif,neon_10m_linearized/2020_CPER_5__2_2.tif,neon_2.5m_linearized/2020_CPER_5__2_2.tif,EPSG:32613,523420.0,4520600.0,-104.72221420636728,40.836100084325,71.0,70.0,Rural,Grassland
353,2020_CPER_5__2_3.tif,neon_10m_linearized/2020_CPER_5__2_3.tif,neon_2.5m_linearized/2020_CPER_5__2_3.tif,EPSG:32613,525980.0,4520600.0,-104.69185031604924,40.836022976784896,71.0,70.0,Rural,Grassland
354,2020_CPER_5__3_0.tif,neon_10m_linearized/2020_CPER_5__3_0.tif,neon_2.5m_linearized/2020_CPER_5__3_0.tif,EPSG:32613,518300.0,4518040.0,-104.78301748470544,40.81316869517528,71.0,70.0,Rural,Grassland
355,2020_CPER_5__3_1.tif,neon_10m_linearized/2020_CPER_5__3_1.tif,neon_2.5m_linearized/2020_CPER_5__3_1.tif,EPSG:32613,520860.0,4518040.0,-104.75266389947284,40.81310762003733,71.0,70.0,Rural,Grassland
356,2020_CPER_5__3_2.tif,neon_10m_linearized/2020_CPER_5__3_2.tif,neon_2.5m_linearized/2020_CPER_5__3_2.tif,EPSG:32613,523420.0,4518040.0,-104.72231041346409,40.81303855980781,71.0,70.0,Rural,Grassland
357,2020_CPER_5__3_3.tif,neon_10m_linearized/2020_CPER_5__3_3.tif,neon_2.5m_linearized/2020_CPER_5__3_3.tif,EPSG:32613,525980.0,4518040.0,-104.69195703885543,40.81296151456682,71.0,70.0,Rural,Grassland
358,2020_CPER_5__4_0.tif,neon_10m_linearized/2020_CPER_5__4_0.tif,neon_2.5m_linearized/2020_CPER_5__4_0.tif,EPSG:32613,518300.0,4515480.0,-104.78309257291212,40.790106972835055,71.0,70.0,Rural,Grassland
359,2020_CPER_5__4_1.tif,neon_10m_linearized/2020_CPER_5__4_1.tif,neon_2.5m_linearized/2020_CPER_5__4_1.tif,EPSG:32613,520860.0,4515480.0,-104.7527494914897,40.79004594704915,71.0,70.0,Rural,Grassland
360,2020_CPER_5__4_2.tif,neon_10m_linearized/2020_CPER_5__4_2.tif,neon_2.5m_linearized/2020_CPER_5__4_2.tif,EPSG:32613,523420.0,4515480.0,-104.72240650916076,40.78997694262397,71.0,70.0,Rural,Grassland
361,2020_CPER_5__4_3.tif,neon_10m_linearized/2020_CPER_5__4_3.tif,neon_2.5m_linearized/2020_CPER_5__4_3.tif,EPSG:32613,525980.0,4515480.0,-104.69206363808551,40.7898999596395,71.0,70.0,Rural,Grassland
362,2020_CPER_7__0_0.tif,neon_10m_linearized/2020_CPER_7__0_0.tif,neon_2.5m_linearized/2020_CPER_7__0_0.tif,EPSG:32613,519260.0,4524700.0,-104.77142885582168,40.87314275972672,71.0,70.0,Rural,Grassland
363,2020_CPER_7__0_1.tif,neon_10m_linearized/2020_CPER_7__0_1.tif,neon_2.5m_linearized/2020_CPER_7__0_1.tif,EPSG:32613,521820.0,4524700.0,-104.74104792309014,40.87307855531725,71.0,70.0,Rural,Grassland
364,2020_CPER_7__1_0.tif,neon_10m_linearized/2020_CPER_7__1_0.tif,neon_2.5m_linearized/2020_CPER_7__1_0.tif,EPSG:32613,519260.0,4522140.0,-104.77150812156138,40.850081296081925,71.0,70.0,Rural,Grassland
365,2020_CPER_7__1_1.tif,neon_10m_linearized/2020_CPER_7__1_1.tif,neon_2.5m_linearized/2020_CPER_7__1_1.tif,EPSG:32613,521820.0,4522140.0,-104.74113772430402,40.85001714353643,71.0,70.0,Rural,Grassland
366,2020_CPER_7__2_0.tif,neon_10m_linearized/2020_CPER_7__2_0.tif,neon_2.5m_linearized/2020_CPER_7__2_0.tif,EPSG:32613,519260.0,4519580.0,-104.77158729549416,40.82701973981332,71.0,70.0,Rural,Grassland
367,2020_CPER_7__2_1.tif,neon_10m_linearized/2020_CPER_7__2_1.tif,neon_2.5m_linearized/2020_CPER_7__2_1.tif,EPSG:32613,521820.0,4519580.0,-104.74122742150897,40.82695563909626,71.0,70.0,Rural,Grassland
368,2020_CPER_7__3_0.tif,neon_10m_linearized/2020_CPER_7__3_0.tif,neon_2.5m_linearized/2020_CPER_7__3_0.tif,EPSG:32613,519260.0,4517020.0,-104.7716663777408,40.803958090931495,71.0,70.0,Rural,Grassland
369,2020_CPER_7__3_1.tif,neon_10m_linearized/2020_CPER_7__3_1.tif,neon_2.5m_linearized/2020_CPER_7__3_1.tif,EPSG:32613,521820.0,4517020.0,-104.74131701484173,40.80389404200742,71.0,70.0,Rural,Grassland
370,2020_CPER_7__4_0.tif,neon_10m_linearized/2020_CPER_7__4_0.tif,neon_2.5m_linearized/2020_CPER_7__4_0.tif,EPSG:32613,519260.0,4514460.0,-104.7717453684218,40.78089634944708,71.0,70.0,Rural,Grassland
371,2020_CPER_7__4_1.tif,neon_10m_linearized/2020_CPER_7__4_1.tif,neon_2.5m_linearized/2020_CPER_7__4_1.tif,EPSG:32613,521820.0,4514460.0,-104.7414065044388,40.78083235228058,71.0,70.0,Rural,Grassland
372,2020_NIWO_4__1_0.tif,neon_10m_linearized/2020_NIWO_4__1_0.tif,neon_2.5m_linearized/2020_NIWO_4__1_0.tif,EPSG:32613,445280.0,4435140.0,-105.64165598450464,40.06474010239299,31.0,30.0,Rural,Barren
373,2020_NIWO_4__1_1.tif,neon_10m_linearized/2020_NIWO_4__1_1.tif,neon_2.5m_linearized/2020_NIWO_4__1_1.tif,EPSG:32613,447840.0,4435140.0,-105.61163864606596,40.064902468255525,52.0,50.0,Rural,ShrubScrub
374,2020_NIWO_4__2_0.tif,neon_10m_linearized/2020_NIWO_4__2_0.tif,neon_2.5m_linearized/2020_NIWO_4__2_0.tif,EPSG:32613,445280.0,4432580.0,-105.64143972778724,40.04167666850074,31.0,30.0,Rural,Barren
375,2020_NIWO_4__3_0.tif,neon_10m_linearized/2020_NIWO_4__3_0.tif,neon_2.5m_linearized/2020_NIWO_4__3_0.tif,EPSG:32613,445280.0,4430020.0,-105.6412237202445,40.01861314155021,71.0,70.0,Rural,Grassland
376,2020_NIWO_4__3_1.tif,neon_10m_linearized/2020_NIWO_4__3_1.tif,neon_2.5m_linearized/2020_NIWO_4__3_1.tif,EPSG:32613,447840.0,4430020.0,-105.61122660043536,40.018775243958736,52.0,50.0,Rural,ShrubScrub
377,2020_NIWO_4__3_4.tif,neon_10m_linearized/2020_NIWO_4__3_4.tif,neon_2.5m_linearized/2020_NIWO_4__3_4.tif,EPSG:32613,455520.0,4430020.0,-105.52123386427044,40.01921496535319,42.0,40.0,Forest,Evergreen
378,2020_RMNP_3__0_1.tif,neon_10m_linearized/2020_RMNP_3__0_1.tif,neon_2.5m_linearized/2020_RMNP_3__0_1.tif,EPSG:32613,453840.0,4461700.0,-105.54318981058498,40.30453450314971,42.0,40.0,Forest,Evergreen
379,2020_RMNP_3__1_0.tif,neon_10m_linearized/2020_RMNP_3__1_0.tif,neon_2.5m_linearized/2020_RMNP_3__1_0.tif,EPSG:32613,451280.0,4459140.0,-105.57311846356409,40.28132637758798,42.0,40.0,Forest,Evergreen
380,2020_RMNP_3__1_3.tif,neon_10m_linearized/2020_RMNP_3__1_3.tif,neon_2.5m_linearized/2020_RMNP_3__1_3.tif,EPSG:32613,458960.0,4459140.0,-105.48277798721394,40.281738585239474,42.0,40.0,Forest,Evergreen
381,2020_RMNP_3__1_4.tif,neon_10m_linearized/2020_RMNP_3__1_4.tif,neon_2.5m_linearized/2020_RMNP_3__1_4.tif,EPSG:32613,461520.0,4459140.0,-105.45266410050748,40.2818603142178,42.0,40.0,Forest,Evergreen
382,2020_RMNP_3__2_0.tif,neon_10m_linearized/2020_RMNP_3__2_0.tif,neon_2.5m_linearized/2020_RMNP_3__2_0.tif,EPSG:32613,451280.0,4456580.0,-105.57292382074698,40.25826351600585,42.0,40.0,Forest,Evergreen
383,2020_RMNP_3__2_1.tif,neon_10m_linearized/2020_RMNP_3__2_1.tif,neon_2.5m_linearized/2020_RMNP_3__2_1.tif,EPSG:32613,453840.0,4456580.0,-105.5428207635699,40.25840863747474,42.0,40.0,Forest,Evergreen
384,2020_RMNP_3__2_2.tif,neon_10m_linearized/2020_RMNP_3__2_2.tif,neon_2.5m_linearized/2020_RMNP_3__2_2.tif,EPSG:32613,456400.0,4456580.0,-105.51271749362384,40.25854592871414,42.0,40.0,Forest,Evergreen
385,2020_RMNP_3__2_3.tif,neon_10m_linearized/2020_RMNP_3__2_3.tif,neon_2.5m_linearized/2020_RMNP_3__2_3.tif,EPSG:32613,458960.0,4456580.0,-105.48261402270592,40.25867538956668,42.0,40.0,Forest,Evergreen
386,2020_RMNP_3__3_0.tif,neon_10m_linearized/2020_RMNP_3__3_0.tif,neon_2.5m_linearized/2020_RMNP_3__3_0.tif,EPSG:32613,451280.0,4454020.0,-105.57272940249554,40.23520056143919,42.0,40.0,Forest,Evergreen
387,2020_RMNP_3__3_1.tif,neon_10m_linearized/2020_RMNP_3__3_1.tif,neon_2.5m_linearized/2020_RMNP_3__3_1.tif,EPSG:32613,453840.0,4454020.0,-105.542636559354,40.23534556527237,42.0,40.0,Forest,Evergreen
388,2020_RMNP_3__3_3.tif,neon_10m_linearized/2020_RMNP_3__3_3.tif,neon_2.5m_linearized/2020_RMNP_3__3_3.tif,EPSG:32613,458960.0,4454020.0,-105.4824502473722,40.235612101133285,42.0,40.0,Forest,Evergreen
389,2020_RMNP_3__3_4.tif,neon_10m_linearized/2020_RMNP_3__3_4.tif,neon_2.5m_linearized/2020_RMNP_3__3_4.tif,EPSG:32613,461520.0,4454020.0,-105.45235680209616,40.23573363285568,42.0,40.0,Forest,Evergreen
390,2020_RMNP_3__4_0.tif,neon_10m_linearized/2020_RMNP_3__4_0.tif,neon_2.5m_linearized/2020_RMNP_3__4_0.tif,EPSG:32613,451280.0,4451460.0,-105.57253520851904,40.21213751390106,42.0,40.0,Forest,Evergreen
391,2020_RMNP_3__4_1.tif,neon_10m_linearized/2020_RMNP_3__4_1.tif,neon_2.5m_linearized/2020_RMNP_3__4_1.tif,EPSG:32613,453840.0,4451460.0,-105.54245256763168,40.212282400177344,42.0,40.0,Forest,Evergreen
392,2020_RMNP_3__4_2.tif,neon_10m_linearized/2020_RMNP_3__4_2.tif,neon_2.5m_linearized/2020_RMNP_3__4_2.tif,EPSG:32613,456400.0,4451460.0,-105.5123697145258,40.212419468913325,42.0,40.0,Forest,Evergreen
393,2020_RMNP_3__5_0.tif,neon_10m_linearized/2020_RMNP_3__5_0.tif,neon_2.5m_linearized/2020_RMNP_3__5_0.tif,EPSG:32613,451280.0,4448900.0,-105.57234123852724,40.18907437340467,42.0,40.0,Forest,Evergreen
394,2020_RMNP_3__5_2.tif,neon_10m_linearized/2020_RMNP_3__5_2.tif,neon_2.5m_linearized/2020_RMNP_3__5_2.tif,EPSG:32613,456400.0,4448900.0,-105.51219612578468,40.18935609979869,42.0,40.0,Forest,Evergreen
395,2020_RMNP_3__5_4.tif,neon_10m_linearized/2020_RMNP_3__5_4.tif,neon_2.5m_linearized/2020_RMNP_3__5_4.tif,EPSG:32613,461520.0,4448900.0,-105.45205021227169,40.18960658076653,42.0,40.0,Forest,Evergreen
396,2020_RMNP_3__6_0.tif,neon_10m_linearized/2020_RMNP_3__6_0.tif,neon_2.5m_linearized/2020_RMNP_3__6_0.tif,EPSG:32613,451280.0,4446340.0,-105.57214749223051,40.16601113996321,42.0,40.0,Forest,Evergreen
397,2020_RMNP_3__6_1.tif,neon_10m_linearized/2020_RMNP_3__6_1.tif,neon_2.5m_linearized/2020_RMNP_3__6_1.tif,EPSG:32613,453840.0,4446340.0,-105.54208522056857,40.16615579136155,42.0,40.0,Forest,Evergreen
398,2020_RMNP_3__6_2.tif,neon_10m_linearized/2020_RMNP_3__6_2.tif,neon_2.5m_linearized/2020_RMNP_3__6_2.tif,EPSG:32613,456400.0,4446340.0,-105.5120227372364,40.16629263789186,42.0,40.0,Forest,Evergreen
399,2020_RMNP_3__6_3.tif,neon_10m_linearized/2020_RMNP_3__6_3.tif,neon_2.5m_linearized/2020_RMNP_3__6_3.tif,EPSG:32613,458960.0,4446340.0,-105.4819600539702,40.16642167939761,42.0,40.0,Forest,Evergreen
400,2020_RMNP_3__7_0.tif,neon_10m_linearized/2020_RMNP_3__7_0.tif,neon_2.5m_linearized/2020_RMNP_3__7_0.tif,EPSG:32613,451280.0,4443780.0,-105.57195396933976,40.14294781358995,42.0,40.0,Forest,Evergreen
401,2020_RMNP_3__7_1.tif,neon_10m_linearized/2020_RMNP_3__7_1.tif,neon_2.5m_linearized/2020_RMNP_3__7_1.tif,EPSG:32613,453840.0,4443780.0,-105.54190186467936,40.14309234766704,42.0,40.0,Forest,Evergreen
402,2020_RMNP_3__7_2.tif,neon_10m_linearized/2020_RMNP_3__7_2.tif,neon_2.5m_linearized/2020_RMNP_3__7_2.tif,EPSG:32613,456400.0,4443780.0,-105.51184954862217,40.143229083205874,42.0,40.0,Forest,Evergreen
403,2020_RMNP_3__7_3.tif,neon_10m_linearized/2020_RMNP_3__7_3.tif,neon_2.5m_linearized/2020_RMNP_3__7_3.tif,EPSG:32613,458960.0,4443780.0,-105.4817970328892,40.14335802005013,42.0,40.0,Forest,Evergreen
404,2020_YELL_3__1_3.tif,neon_10m_linearized/2020_YELL_3__1_3.tif,neon_2.5m_linearized/2020_YELL_3__1_3.tif,EPSG:32612,532940.0,4981140.0,-110.58218481209718,44.982938607570965,52.0,50.0,Rural,ShrubScrub
405,2020_YELL_3__1_4.tif,neon_10m_linearized/2020_YELL_3__1_4.tif,neon_2.5m_linearized/2020_YELL_3__1_4.tif,EPSG:32612,535500.0,4981140.0,-110.54971441102468,44.98281519899718,52.0,50.0,Rural,ShrubScrub
406,2020_YELL_3__1_5.tif,neon_10m_linearized/2020_YELL_3__1_5.tif,neon_2.5m_linearized/2020_YELL_3__1_5.tif,EPSG:32612,538060.0,4981140.0,-110.51724422708064,44.98268255900665,52.0,50.0,Rural,ShrubScrub
407,2020_YELL_3__1_6.tif,neon_10m_linearized/2020_YELL_3__1_6.tif,neon_2.5m_linearized/2020_YELL_3__1_6.tif,EPSG:32612,540620.0,4981140.0,-110.4847742759194,44.982540687769216,52.0,50.0,Rural,ShrubScrub
408,2020_YELL_3__2_1.tif,neon_10m_linearized/2020_YELL_3__2_1.tif,neon_2.5m_linearized/2020_YELL_3__2_1.tif,EPSG:32612,527820.0,4978580.0,-110.64726748677884,44.9601131191194,52.0,50.0,Rural,ShrubScrub
409,2020_YELL_3__2_2.tif,neon_10m_linearized/2020_YELL_3__2_2.tif,neon_2.5m_linearized/2020_YELL_3__2_2.tif,EPSG:32612,530380.0,4978580.0,-110.61480969833342,44.96000825765965,52.0,50.0,Rural,ShrubScrub
410,2020_YELL_3__2_3.tif,neon_10m_linearized/2020_YELL_3__2_3.tif,neon_2.5m_linearized/2020_YELL_3__2_3.tif,EPSG:32612,532940.0,4978580.0,-110.5823520954334,44.9598941718518,52.0,50.0,Rural,ShrubScrub
411,2020_YELL_3__2_4.tif,neon_10m_linearized/2020_YELL_3__2_4.tif,neon_2.5m_linearized/2020_YELL_3__2_4.tif,EPSG:32612,535500.0,4978580.0,-110.54989469371144,44.95977086184188,52.0,50.0,Rural,ShrubScrub
412,2020_YELL_3__2_5.tif,neon_10m_linearized/2020_YELL_3__2_5.tif,neon_2.5m_linearized/2020_YELL_3__2_5.tif,EPSG:32612,538060.0,4978580.0,-110.51743750879956,44.95963832778767,52.0,50.0,Rural,ShrubScrub
413,2020_YELL_3__2_6.tif,neon_10m_linearized/2020_YELL_3__2_6.tif,neon_2.5m_linearized/2020_YELL_3__2_6.tif,EPSG:32612,540620.0,4978580.0,-110.48498055632912,44.95949656985878,52.0,50.0,Rural,ShrubScrub
414,2020_YELL_3__2_7.tif,neon_10m_linearized/2020_YELL_3__2_7.tif,neon_2.5m_linearized/2020_YELL_3__2_7.tif,EPSG:32612,543180.0,4978580.0,-110.4525238519308,44.95934558823662,52.0,50.0,Rural,ShrubScrub
415,2020_YELL_3__2_8.tif,neon_10m_linearized/2020_YELL_3__2_8.tif,neon_2.5m_linearized/2020_YELL_3__2_8.tif,EPSG:32612,545740.0,4978580.0,-110.42006741123448,44.95918538311442,52.0,50.0,Rural,ShrubScrub
416,2020_YELL_3__3_1.tif,neon_10m_linearized/2020_YELL_3__3_1.tif,neon_2.5m_linearized/2020_YELL_3__3_1.tif,EPSG:32612,527820.0,4976020.0,-110.64740860063831,44.937068414657645,52.0,50.0,Rural,ShrubScrub
417,2020_YELL_3__3_3.tif,neon_10m_linearized/2020_YELL_3__3_3.tif,neon_2.5m_linearized/2020_YELL_3__3_3.tif,EPSG:32612,532940.0,4976020.0,-110.58251917759144,44.93684964226062,52.0,50.0,Rural,ShrubScrub
418,2020_YELL_3__3_4.tif,neon_10m_linearized/2020_YELL_3__3_4.tif,neon_2.5m_linearized/2020_YELL_3__3_4.tif,EPSG:32612,535500.0,4976020.0,-110.550074759588,44.93672643073633,52.0,50.0,Rural,ShrubScrub
419,2020_YELL_3__3_5.tif,neon_10m_linearized/2020_YELL_3__3_5.tif,neon_2.5m_linearized/2020_YELL_3__3_5.tif,EPSG:32612,538060.0,4976020.0,-110.51763055807692,44.93659400253439,52.0,50.0,Rural,ShrubScrub
420,2020_YELL_3__3_6.tif,neon_10m_linearized/2020_YELL_3__3_6.tif,neon_2.5m_linearized/2020_YELL_3__3_6.tif,EPSG:32612,540620.0,4976020.0,-110.48518658866664,44.93645235782415,52.0,50.0,Rural,ShrubScrub
421,2020_YELL_3__3_7.tif,neon_10m_linearized/2020_YELL_3__3_7.tif,neon_2.5m_linearized/2020_YELL_3__3_7.tif,EPSG:32612,543180.0,4976020.0,-110.45274286696495,44.936301496786776,52.0,50.0,Rural,ShrubScrub
422,2020_YELL_3__3_8.tif,neon_10m_linearized/2020_YELL_3__3_8.tif,neon_2.5m_linearized/2020_YELL_3__3_8.tif,EPSG:32612,545740.0,4976020.0,-110.42029940857884,44.93614141961523,52.0,50.0,Rural,ShrubScrub
423,2020_YELL_3__3_9.tif,neon_10m_linearized/2020_YELL_3__3_9.tif,neon_2.5m_linearized/2020_YELL_3__3_9.tif,EPSG:32612,548300.0,4976020.0,-110.38785622911448,44.93597212651422,52.0,50.0,Rural,ShrubScrub
424,2020_YELL_3__4_2.tif,neon_10m_linearized/2020_YELL_3__4_2.tif,neon_2.5m_linearized/2020_YELL_3__4_2.tif,EPSG:32612,530380.0,4973460.0,-110.61511770934924,44.91391892244026,52.0,50.0,Rural,ShrubScrub
425,2020_YELL_3__4_3.tif,neon_10m_linearized/2020_YELL_3__4_3.tif,neon_2.5m_linearized/2020_YELL_3__4_3.tif,EPSG:32612,532940.0,4973460.0,-110.58268605886616,44.9138050187978,52.0,50.0,Rural,ShrubScrub
426,2020_YELL_3__4_4.tif,neon_10m_linearized/2020_YELL_3__4_4.tif,neon_2.5m_linearized/2020_YELL_3__4_4.tif,EPSG:32612,535500.0,4973460.0,-110.5502546089721,44.91368190568107,52.0,50.0,Rural,ShrubScrub
427,2020_YELL_3__4_5.tif,neon_10m_linearized/2020_YELL_3__4_5.tif,neon_2.5m_linearized/2020_YELL_3__4_5.tif,EPSG:32612,538060.0,4973460.0,-110.51782337525331,44.91354958324747,52.0,50.0,Rural,ShrubScrub
428,2020_YELL_3__4_6.tif,neon_10m_linearized/2020_YELL_3__4_6.tif,neon_2.5m_linearized/2020_YELL_3__4_6.tif,EPSG:32612,540620.0,4973460.0,-110.48539237329548,44.91340805166613,52.0,50.0,Rural,ShrubScrub
429,2020_YELL_3__4_7.tif,neon_10m_linearized/2020_YELL_3__4_7.tif,neon_2.5m_linearized/2020_YELL_3__4_7.tif,EPSG:32612,543180.0,4973460.0,-110.4529616186834,44.91325731111796,52.0,50.0,Rural,ShrubScrub
430,2020_YELL_3__4_8.tif,neon_10m_linearized/2020_YELL_3__4_8.tif,neon_2.5m_linearized/2020_YELL_3__4_8.tif,EPSG:32612,545740.0,4973460.0,-110.42053112700124,44.91309736179563,52.0,50.0,Rural,ShrubScrub
431,2020_YELL_3__4_9.tif,neon_10m_linearized/2020_YELL_3__4_9.tif,neon_2.5m_linearized/2020_YELL_3__4_9.tif,EPSG:32612,548300.0,4973460.0,-110.38810091383242,44.91292820390356,52.0,50.0,Rural,ShrubScrub
432,2020_YELL_3__5_3.tif,neon_10m_linearized/2020_YELL_3__5_3.tif,neon_2.5m_linearized/2020_YELL_3__5_3.tif,EPSG:32612,532940.0,4970900.0,-110.58285273955173,44.89076030146381,52.0,50.0,Rural,ShrubScrub
433,2020_YELL_3__5_4.tif,neon_10m_linearized/2020_YELL_3__5_4.tif,neon_2.5m_linearized/2020_YELL_3__5_4.tif,EPSG:32612,535500.0,4970900.0,-110.5504342421808,44.8906372866767,52.0,50.0,Rural,ShrubScrub
434,2020_YELL_3__5_5.tif,neon_10m_linearized/2020_YELL_3__5_5.tif,neon_2.5m_linearized/2020_YELL_3__5_5.tif,EPSG:32612,538060.0,4970900.0,-110.51801596066872,44.89050506992766,52.0,50.0,Rural,ShrubScrub
435,2020_YELL_3__5_8.tif,neon_10m_linearized/2020_YELL_3__5_8.tif,neon_2.5m_linearized/2020_YELL_3__5_8.tif,EPSG:32612,545740.0,4970900.0,-110.42076256691026,44.89005320965679,42.0,40.0,Forest,Evergreen
436,2020_YELL_3__5_9.tif,neon_10m_linearized/2020_YELL_3__5_9.tif,neon_2.5m_linearized/2020_YELL_3__5_9.tif,EPSG:32612,548300.0,4970900.0,-110.3883453044544,44.88988418686658,52.0,50.0,Rural,ShrubScrub
437,2020_YELL_3__6_3.tif,neon_10m_linearized/2020_YELL_3__6_3.tif,neon_2.5m_linearized/2020_YELL_3__6_3.tif,EPSG:32612,532940.0,4968340.0,-110.58301921994178,44.86771549025919,52.0,50.0,Rural,ShrubScrub
438,2020_YELL_3__6_4.tif,neon_10m_linearized/2020_YELL_3__6_4.tif,neon_2.5m_linearized/2020_YELL_3__6_4.tif,EPSG:32612,535500.0,4968340.0,-110.55061365953053,44.86759257372386,52.0,50.0,Rural,ShrubScrub
439,2021_ABBY_4__0_1.tif,neon_10m_linearized/2021_ABBY_4__0_1.tif,neon_2.5m_linearized/2021_ABBY_4__0_1.tif,EPSG:32610,548820.0,5072740.0,-122.3717001520586,45.80649454037151,42.0,40.0,Forest,Evergreen
440,2021_ABBY_4__0_3.tif,neon_10m_linearized/2021_ABBY_4__0_3.tif,neon_2.5m_linearized/2021_ABBY_4__0_3.tif,EPSG:32610,553940.0,5072740.0,-122.30581182824857,45.80611322446532,42.0,40.0,Forest,Evergreen
441,2021_ABBY_4__0_4.tif,neon_10m_linearized/2021_ABBY_4__0_4.tif,neon_2.5m_linearized/2021_ABBY_4__0_4.tif,EPSG:32610,556500.0,5072740.0,-122.27286817988026,45.80590832001898,42.0,40.0,Forest,Evergreen
442,2021_ABBY_4__1_1.tif,neon_10m_linearized/2021_ABBY_4__1_1.tif,neon_2.5m_linearized/2021_ABBY_4__1_1.tif,EPSG:32610,548820.0,5070180.0,-122.3719590291129,45.78345421503347,42.0,40.0,Forest,Evergreen
443,2021_ABBY_4__1_2.tif,neon_10m_linearized/2021_ABBY_4__1_2.tif,neon_2.5m_linearized/2021_ABBY_4__1_2.tif,EPSG:32610,551380.0,5070180.0,-122.339028273162,45.78326845450947,42.0,40.0,Forest,Evergreen
444,2021_ABBY_4__1_3.tif,neon_10m_linearized/2021_ABBY_4__1_3.tif,neon_2.5m_linearized/2021_ABBY_4__1_3.tif,EPSG:32610,553940.0,5070180.0,-122.30609784807088,45.78307320373908,42.0,40.0,Forest,Evergreen
445,2021_ABBY_4__1_4.tif,neon_10m_linearized/2021_ABBY_4__1_4.tif,neon_2.5m_linearized/2021_ABBY_4__1_4.tif,EPSG:32610,556500.0,5070180.0,-122.273167770317,45.782868462977646,42.0,40.0,Forest,Evergreen
446,2021_ABBY_4__1_5.tif,neon_10m_linearized/2021_ABBY_4__1_5.tif,neon_2.5m_linearized/2021_ABBY_4__1_5.tif,EPSG:32610,559060.0,5070180.0,-122.2402380563768,45.78265423249294,42.0,40.0,Forest,Evergreen
447,2021_ABBY_4__2_1.tif,neon_10m_linearized/2021_ABBY_4__2_1.tif,neon_2.5m_linearized/2021_ABBY_4__2_1.tif,EPSG:32610,548820.0,5067620.0,-122.37221759178576,45.76041379523322,42.0,40.0,Forest,Evergreen
448,2021_ABBY_4__2_2.tif,neon_10m_linearized/2021_ABBY_4__2_2.tif,neon_2.5m_linearized/2021_ABBY_4__2_2.tif,EPSG:32610,551380.0,5067620.0,-122.3393003909886,45.76022818310064,42.0,40.0,Forest,Evergreen
449,2021_ABBY_4__2_3.tif,neon_10m_linearized/2021_ABBY_4__2_3.tif,neon_2.5m_linearized/2021_ABBY_4__2_3.tif,EPSG:32610,553940.0,5067620.0,-122.30638352055573,45.76003308830173,42.0,40.0,Forest,Evergreen
450,2021_ABBY_4__2_4.tif,neon_10m_linearized/2021_ABBY_4__2_4.tif,neon_2.5m_linearized/2021_ABBY_4__2_4.tif,EPSG:32610,556500.0,5067620.0,-122.27346699693987,45.75982851109149,42.0,40.0,Forest,Evergreen
451,2021_ABBY_4__2_5.tif,neon_10m_linearized/2021_ABBY_4__2_5.tif,neon_2.5m_linearized/2021_ABBY_4__2_5.tif,EPSG:32610,559060.0,5067620.0,-122.24055083659285,45.759614451737285,42.0,40.0,Forest,Evergreen
452,2021_ABBY_4__3_1.tif,neon_10m_linearized/2021_ABBY_4__3_1.tif,neon_2.5m_linearized/2021_ABBY_4__3_1.tif,EPSG:32610,548820.0,5065060.0,-122.37247584054808,45.73737328097001,42.0,40.0,Forest,Evergreen
453,2021_ABBY_4__3_2.tif,neon_10m_linearized/2021_ABBY_4__3_2.tif,neon_2.5m_linearized/2021_ABBY_4__3_2.tif,EPSG:32610,551380.0,5065060.0,-122.3395721784508,45.73718781710775,42.0,40.0,Forest,Evergreen
454,2021_ABBY_4__3_4.tif,neon_10m_linearized/2021_ABBY_4__3_4.tif,neon_2.5m_linearized/2021_ABBY_4__3_4.tif,EPSG:32610,556500.0,5065060.0,-122.27376586029376,45.73678846436045,42.0,40.0,Forest,Evergreen
455,2021_ABBY_4__3_5.tif,neon_10m_linearized/2021_ABBY_4__3_5.tif,neon_2.5m_linearized/2021_ABBY_4__3_5.tif,EPSG:32610,559060.0,5065060.0,-122.24086323708931,45.73657457599704,42.0,40.0,Forest,Evergreen
456,2021_ABBY_4__4_1.tif,neon_10m_linearized/2021_ABBY_4__4_1.tif,neon_2.5m_linearized/2021_ABBY_4__4_1.tif,EPSG:32610,548820.0,5062500.0,-122.37273377586972,45.71433267224327,42.0,40.0,Forest,Evergreen
457,2021_ABBY_4__4_2.tif,neon_10m_linearized/2021_ABBY_4__4_2.tif,neon_2.5m_linearized/2021_ABBY_4__4_2.tif,EPSG:32610,551380.0,5062500.0,-122.33984363604308,45.714147356530354,42.0,40.0,Forest,Evergreen
458,2021_ABBY_4__4_3.tif,neon_10m_linearized/2021_ABBY_4__4_3.tif,neon_2.5m_linearized/2021_ABBY_4__4_3.tif,EPSG:32610,553940.0,5062500.0,-122.30695382559274,45.71395257329269,42.0,40.0,Forest,Evergreen
459,2021_ABBY_4__4_5.tif,neon_10m_linearized/2021_ABBY_4__4_5.tif,neon_2.5m_linearized/2021_ABBY_4__4_5.tif,EPSG:32610,559060.0,5062500.0,-122.24117525843454,45.71353460527244,42.0,40.0,Forest,Evergreen
460,2021_BONA_4__1_6.tif,neon_10m_linearized/2021_BONA_4__1_6.tif,neon_2.5m_linearized/2021_BONA_4__1_6.tif,EPSG:32606,483620.0,7234140.0,-147.35037044036252,65.23005834689485,,,,
461,2021_BONA_4__2_3.tif,neon_10m_linearized/2021_BONA_4__2_3.tif,neon_2.5m_linearized/2021_BONA_4__2_3.tif,EPSG:32606,475940.0,7231580.0,-147.51419376183944,65.20661728918398,,,,
462,2021_BONA_4__2_5.tif,neon_10m_linearized/2021_BONA_4__2_5.tif,neon_2.5m_linearized/2021_BONA_4__2_5.tif,EPSG:32606,481060.0,7231580.0,-147.40477641532132,65.20695174058197,,,,
463,2021_BONA_4__2_6.tif,neon_10m_linearized/2021_BONA_4__2_6.tif,neon_2.5m_linearized/2021_BONA_4__2_6.tif,EPSG:32606,483620.0,7231580.0,-147.35006668661268,65.20708910064688,,,,
464,2021_BONA_4__3_0.tif,neon_10m_linearized/2021_BONA_4__3_0.tif,neon_2.5m_linearized/2021_BONA_4__3_0.tif,EPSG:32606,468260.0,7229020.0,-147.67772573422545,65.18299815093998,,,,
465,2021_BONA_4__3_3.tif,neon_10m_linearized/2021_BONA_4__3_3.tif,neon_2.5m_linearized/2021_BONA_4__3_3.tif,EPSG:32606,475940.0,7229020.0,-147.51374846274976,65.18364846587312,,,,
466,2021_BONA_4__3_4.tif,neon_10m_linearized/2021_BONA_4__3_4.tif,neon_2.5m_linearized/2021_BONA_4__3_4.tif,EPSG:32606,478500.0,7229020.0,-147.45908754549268,65.18382546093557,,,,
467,2021_BONA_4__3_5.tif,neon_10m_linearized/2021_BONA_4__3_5.tif,neon_2.5m_linearized/2021_BONA_4__3_5.tif,EPSG:32606,481060.0,7229020.0,-147.40442586605656,65.18398256675886,,,,
468,2021_BONA_4__4_1.tif,neon_10m_linearized/2021_BONA_4__4_1.tif,neon_2.5m_linearized/2021_BONA_4__4_1.tif,EPSG:32606,470820.0,7226460.0,-147.62252864269772,65.16026634771053,,,,
469,2021_BONA_4__4_3.tif,neon_10m_linearized/2021_BONA_4__4_3.tif,neon_2.5m_linearized/2021_BONA_4__4_3.tif,EPSG:32606,475940.0,7226460.0,-147.5133040165672,65.16067957012613,,,,
470,2021_BONA_4__4_4.tif,neon_10m_linearized/2021_BONA_4__4_4.tif,neon_2.5m_linearized/2021_BONA_4__4_4.tif,EPSG:32606,478500.0,7226460.0,-147.4586903824402,65.16085637982178,,,,
471,2021_BONA_4__4_5.tif,neon_10m_linearized/2021_BONA_4__4_5.tif,neon_2.5m_linearized/2021_BONA_4__4_5.tif,EPSG:32606,481060.0,7226460.0,-147.40407598823754,65.1610133211062,,,,
472,2021_BONA_4__4_6.tif,neon_10m_linearized/2021_BONA_4__4_6.tif,neon_2.5m_linearized/2021_BONA_4__4_6.tif,EPSG:32606,483620.0,7226460.0,-147.3494609244432,65.16115039350251,,,,
473,2021_BONA_4__5_1.tif,neon_10m_linearized/2021_BONA_4__5_1.tif,neon_2.5m_linearized/2021_BONA_4__5_1.tif,EPSG:32606,470820.0,7223900.0,-147.62199066904552,65.13729781194594,,,,
474,2021_BONA_4__5_3.tif,neon_10m_linearized/2021_BONA_4__5_3.tif,neon_2.5m_linearized/2021_BONA_4__5_3.tif,EPSG:32606,475940.0,7223900.0,-147.51286042093804,65.13771060189883,,,,
475,2021_BONA_4__5_4.tif,neon_10m_linearized/2021_BONA_4__5_4.tif,neon_2.5m_linearized/2021_BONA_4__5_4.tif,EPSG:32606,478500.0,7223900.0,-147.45829397946474,65.13788722654812,,,,
476,2021_BONA_4__5_5.tif,neon_10m_linearized/2021_BONA_4__5_5.tif,neon_2.5m_linearized/2021_BONA_4__5_5.tif,EPSG:32606,481060.0,7223900.0,-147.40372678001137,65.13804400357809,,,,
477,2021_BONA_4__5_6.tif,neon_10m_linearized/2021_BONA_4__5_6.tif,neon_2.5m_linearized/2021_BONA_4__5_6.tif,EPSG:32606,483620.0,7223900.0,-147.34915891281244,65.13818093251311,,,,
478,2021_BONA_4__6_1.tif,neon_10m_linearized/2021_BONA_4__6_1.tif,neon_2.5m_linearized/2021_BONA_4__6_1.tif,EPSG:32606,470820.0,7221340.0,-147.62145372402887,65.11432920291024,,,,
479,2021_BONA_4__6_3.tif,neon_10m_linearized/2021_BONA_4__6_3.tif,neon_2.5m_linearized/2021_BONA_4__6_3.tif,EPSG:32606,475940.0,7221340.0,-147.51241767351726,65.11474156114714,,,,
480,2021_BONA_4__6_4.tif,neon_10m_linearized/2021_BONA_4__6_4.tif,neon_2.5m_linearized/2021_BONA_4__6_4.tif,EPSG:32606,478500.0,7221340.0,-147.45789833447063,65.11491800106963,,,,
481,2021_CLBJ_5__1_0.tif,neon_10m_linearized/2021_CLBJ_5__1_0.tif,neon_2.5m_linearized/2021_CLBJ_5__1_0.tif,EPSG:32614,624260.0,3697140.0,-97.6637066133366,33.4064013533296,71.0,70.0,Rural,Grassland
482,2021_CLBJ_5__1_1.tif,neon_10m_linearized/2021_CLBJ_5__1_1.tif,neon_2.5m_linearized/2021_CLBJ_5__1_1.tif,EPSG:32614,626820.0,3697140.0,-97.63618306962276,33.40610182396482,71.0,70.0,Rural,Grassland
483,2021_CLBJ_5__1_4.tif,neon_10m_linearized/2021_CLBJ_5__1_4.tif,neon_2.5m_linearized/2021_CLBJ_5__1_4.tif,EPSG:32614,634500.0,3697140.0,-97.55361493893888,33.405166619911896,71.0,70.0,Rural,Grassland
484,2021_CLBJ_5__2_4.tif,neon_10m_linearized/2021_CLBJ_5__2_4.tif,neon_2.5m_linearized/2021_CLBJ_5__2_4.tif,EPSG:32614,634500.0,3694580.0,-97.55399731401243,33.38208329326845,71.0,70.0,Rural,Grassland
485,2021_CLBJ_5__3_4.tif,neon_10m_linearized/2021_CLBJ_5__3_4.tif,neon_2.5m_linearized/2021_CLBJ_5__3_4.tif,EPSG:32614,634500.0,3692020.0,-97.55437925347488,33.3589998767666,71.0,70.0,Rural,Grassland
486,2021_CLBJ_5__4_1.tif,neon_10m_linearized/2021_CLBJ_5__4_1.tif,neon_2.5m_linearized/2021_CLBJ_5__4_1.tif,EPSG:32614,626820.0,3689460.0,-97.63726352928394,33.33684913096172,71.0,70.0,Rural,Grassland
487,2021_CPER_8__1_2.tif,neon_10m_linearized/2021_CPER_8__1_2.tif,neon_2.5m_linearized/2021_CPER_8__1_2.tif,EPSG:32613,522400.0,4523160.0,-104.7342202267823,40.85919003536154,71.0,70.0,Rural,Grassland
488,2021_CPER_8__2_2.tif,neon_10m_linearized/2021_CPER_8__2_2.tif,neon_2.5m_linearized/2021_CPER_8__2_2.tif,EPSG:32613,522400.0,4520600.0,-104.73431235067336,40.8361285804824,71.0,70.0,Rural,Grassland
489,2021_CPER_8__2_3.tif,neon_10m_linearized/2021_CPER_8__2_3.tif,neon_2.5m_linearized/2021_CPER_8__2_3.tif,EPSG:32613,524960.0,4520600.0,-104.70394841444975,40.83605465703264,71.0,70.0,Rural,Grassland
490,2021_CPER_8__3_0.tif,neon_10m_linearized/2021_CPER_8__3_0.tif,neon_2.5m_linearized/2021_CPER_8__3_0.tif,EPSG:32613,517280.0,4518040.0,-104.79511151625276,40.81319080517813,71.0,70.0,Rural,Grassland
491,2021_CPER_8__3_2.tif,neon_10m_linearized/2021_CPER_8__3_2.tif,neon_2.5m_linearized/2021_CPER_8__3_2.tif,EPSG:32613,522400.0,4518040.0,-104.73440436787544,40.81306703294166,71.0,70.0,Rural,Grassland
492,2021_CPER_8__4_2.tif,neon_10m_linearized/2021_CPER_8__4_2.tif,neon_2.5m_linearized/2021_CPER_8__4_2.tif,EPSG:32613,522400.0,4515480.0,-104.73449627852884,40.790005392750025,71.0,70.0,Rural,Grassland
493,2021_HEAL_4__0_2.tif,neon_10m_linearized/2021_HEAL_4__0_2.tif,neon_2.5m_linearized/2021_HEAL_4__0_2.tif,EPSG:32606,390400.0,7092700.0,-149.23662829451993,63.94403521196387,,,,
494,2021_HEAL_4__0_3.tif,neon_10m_linearized/2021_HEAL_4__0_3.tif,neon_2.5m_linearized/2021_HEAL_4__0_3.tif,EPSG:32606,392960.0,7092700.0,-149.1844321672,63.94483128179489,,,,
495,2021_HEAL_4__1_1.tif,neon_10m_linearized/2021_HEAL_4__1_1.tif,neon_2.5m_linearized/2021_HEAL_4__1_1.tif,EPSG:32606,387840.0,7090140.0,-149.28694879376752,63.920264963810006,,,,
496,2021_HEAL_4__1_2.tif,neon_10m_linearized/2021_HEAL_4__1_2.tif,neon_2.5m_linearized/2021_HEAL_4__1_2.tif,EPSG:32606,390400.0,7090140.0,-149.23479862903886,63.92107899187816,,,,
497,2021_HEAL_4__1_3.tif,neon_10m_linearized/2021_HEAL_4__1_3.tif,neon_2.5m_linearized/2021_HEAL_4__1_3.tif,EPSG:32606,392960.0,7090140.0,-149.1826451168926,63.92187425744794,,,,
498,2021_HEAL_4__1_4.tif,neon_10m_linearized/2021_HEAL_4__1_4.tif,neon_2.5m_linearized/2021_HEAL_4__1_4.tif,EPSG:32606,395520.0,7090140.0,-149.13048833508944,63.922650758293855,,,,
499,2021_HEAL_4__2_4.tif,neon_10m_linearized/2021_HEAL_4__2_4.tif,neon_2.5m_linearized/2021_HEAL_4__2_4.tif,EPSG:32606,395520.0,7087580.0,-149.12874710042874,63.899692849306426,,,,
500,2021_HEAL_4__3_1.tif,neon_10m_linearized/2021_HEAL_4__3_1.tif,neon_2.5m_linearized/2021_HEAL_4__3_1.tif,EPSG:32606,387840.0,7085020.0,-149.28321451654995,63.87435386029573,,,,
501,2021_HEAL_4__3_2.tif,neon_10m_linearized/2021_HEAL_4__3_2.tif,neon_2.5m_linearized/2021_HEAL_4__3_2.tif,EPSG:32606,390400.0,7085020.0,-149.23114933156992,63.87516624601425,,,,
502,2021_HEAL_4__3_3.tif,neon_10m_linearized/2021_HEAL_4__3_3.tif,neon_2.5m_linearized/2021_HEAL_4__3_3.tif,EPSG:32606,392960.0,7085020.0,-149.17908081669157,63.87595990699702,,,,
503,2021_HEAL_4__3_4.tif,neon_10m_linearized/2021_HEAL_4__3_4.tif,neon_2.5m_linearized/2021_HEAL_4__3_4.tif,EPSG:32606,395520.0,7085020.0,-149.1270090492702,63.87673484102944,,,,
504,2021_HEAL_4__4_1.tif,neon_10m_linearized/2021_HEAL_4__4_1.tif,neon_2.5m_linearized/2021_HEAL_4__4_1.tif,EPSG:32606,387840.0,7082460.0,-149.28135249325658,63.851398153744135,,,,
505,2021_HEAL_4__4_2.tif,neon_10m_linearized/2021_HEAL_4__4_2.tif,neon_2.5m_linearized/2021_HEAL_4__4_2.tif,EPSG:32606,390400.0,7082460.0,-149.22932968206268,63.85220972029461,,,,
506,2021_HEAL_4__4_3.tif,neon_10m_linearized/2021_HEAL_4__4_3.tif,neon_2.5m_linearized/2021_HEAL_4__4_3.tif,EPSG:32606,392960.0,7082460.0,-149.1773035496841,63.85300258094466,,,,
507,2021_HEAL_4__4_4.tif,neon_10m_linearized/2021_HEAL_4__4_4.tif,neon_2.5m_linearized/2021_HEAL_4__4_4.tif,EPSG:32606,395520.0,7082460.0,-149.12527417327442,63.85377673348515,,,,
508,2021_HEAL_4__5_1.tif,neon_10m_linearized/2021_HEAL_4__5_1.tif,neon_2.5m_linearized/2021_HEAL_4__5_1.tif,EPSG:32606,387840.0,7079900.0,-149.2794938682761,63.82844234403965,,,,
509,2021_HEAL_4__5_2.tif,neon_10m_linearized/2021_HEAL_4__5_2.tif,neon_2.5m_linearized/2021_HEAL_4__5_2.tif,EPSG:32606,390400.0,7079900.0,-149.22751335374517,63.82925309275514,,,,
510,2021_HEAL_4__5_3.tif,neon_10m_linearized/2021_HEAL_4__5_3.tif,neon_2.5m_linearized/2021_HEAL_4__5_3.tif,EPSG:32606,392960.0,7079900.0,-149.1755295267127,63.83004515437508,,,,
511,2021_HEAL_4__5_4.tif,neon_10m_linearized/2021_HEAL_4__5_4.tif,neon_2.5m_linearized/2021_HEAL_4__5_4.tif,EPSG:32606,395520.0,7079900.0,-149.12354246413122,63.83081852669571,,,,
512,2021_JERC_6__0_1.tif,neon_10m_linearized/2021_JERC_6__0_1.tif,neon_2.5m_linearized/2021_JERC_6__0_1.tif,EPSG:32616,734820.0,3468700.0,-84.5321149655482,31.32904669272642,82.0,80.0,Rural,Crops
513,2021_JERC_6__0_2.tif,neon_10m_linearized/2021_JERC_6__0_2.tif,neon_2.5m_linearized/2021_JERC_6__0_2.tif,EPSG:32616,737380.0,3468700.0,-84.50523170746928,31.32852673648952,42.0,40.0,Forest,Evergreen
514,2021_JERC_6__1_0.tif,neon_10m_linearized/2021_JERC_6__1_0.tif,neon_2.5m_linearized/2021_JERC_6__1_0.tif,EPSG:32616,732260.0,3466140.0,-84.5595944822299,31.30648374114616,82.0,80.0,Rural,Crops
515,2021_JERC_6__1_1.tif,neon_10m_linearized/2021_JERC_6__1_1.tif,neon_2.5m_linearized/2021_JERC_6__1_1.tif,EPSG:32616,734820.0,3466140.0,-84.53271707468758,31.305969871136888,82.0,80.0,Rural,Crops
516,2021_JERC_6__1_2.tif,neon_10m_linearized/2021_JERC_6__1_2.tif,neon_2.5m_linearized/2021_JERC_6__1_2.tif,EPSG:32616,737380.0,3466140.0,-84.50584035903412,31.305450383808854,82.0,80.0,Rural,Crops
517,2021_JERC_6__1_4.tif,neon_10m_linearized/2021_JERC_6__1_4.tif,neon_2.5m_linearized/2021_JERC_6__1_4.tif,EPSG:32616,742500.0,3466140.0,-84.45208903341629,31.304394559237103,42.0,40.0,Forest,Evergreen
518,2021_JERC_6__1_5.tif,neon_10m_linearized/2021_JERC_6__1_5.tif,neon_2.5m_linearized/2021_JERC_6__1_5.tif,EPSG:32616,745060.0,3466140.0,-84.4252144384601,31.303858223027376,82.0,80.0,Rural,Crops
519,2021_JERC_6__2_0.tif,neon_10m_linearized/2021_JERC_6__2_0.tif,neon_2.5m_linearized/2021_JERC_6__2_0.tif,EPSG:32616,732260.0,3463580.0,-84.56018936386322,31.283406362507584,82.0,80.0,Rural,Crops
520,2021_JERC_6__2_3.tif,neon_10m_linearized/2021_JERC_6__2_3.tif,neon_2.5m_linearized/2021_JERC_6__2_3.tif,EPSG:32616,739940.0,3463580.0,-84.47957882915998,31.28184930708797,42.0,40.0,Forest,Evergreen
521,2021_JERC_6__2_4.tif,neon_10m_linearized/2021_JERC_6__2_4.tif,neon_2.5m_linearized/2021_JERC_6__2_4.tif,EPSG:32616,742500.0,3463580.0,-84.452710053303,31.28131906546382,42.0,40.0,Forest,Evergreen
522,2021_JERC_6__2_5.tif,neon_10m_linearized/2021_JERC_6__2_5.tif,neon_2.5m_linearized/2021_JERC_6__2_5.tif,EPSG:32616,745060.0,3463580.0,-84.425841991129,31.2807832131248,82.0,80.0,Rural,Crops
523,2021_JERC_6__3_0.tif,neon_10m_linearized/2021_JERC_6__3_0.tif,neon_2.5m_linearized/2021_JERC_6__3_0.tif,EPSG:32616,732260.0,3461020.0,-84.56078356180443,31.26032889071179,82.0,80.0,Rural,Crops
524,2021_JERC_6__3_3.tif,neon_10m_linearized/2021_JERC_6__3_3.tif,neon_2.5m_linearized/2021_JERC_6__3_3.tif,EPSG:32616,739940.0,3461020.0,-84.48019260935726,31.25877324067859,42.0,40.0,Forest,Evergreen
525,2021_JERC_6__3_4.tif,neon_10m_linearized/2021_JERC_6__3_4.tif,neon_2.5m_linearized/2021_JERC_6__3_4.tif,EPSG:32616,742500.0,3461020.0,-84.4533303595065,31.25824347763611,82.0,80.0,Rural,Crops
526,2021_JERC_6__3_5.tif,neon_10m_linearized/2021_JERC_6__3_5.tif,neon_2.5m_linearized/2021_JERC_6__3_5.tif,EPSG:32616,745060.0,3461020.0,-84.42646882261995,31.2577081089375,82.0,80.0,Rural,Crops
527,2021_JERC_6__4_2.tif,neon_10m_linearized/2021_JERC_6__4_2.tif,neon_2.5m_linearized/2021_JERC_6__4_2.tif,EPSG:32616,737380.0,3458460.0,-84.50766212017732,31.23622076406276,82.0,80.0,Rural,Crops
528,2021_JERC_6__4_3.tif,neon_10m_linearized/2021_JERC_6__4_3.tif,neon_2.5m_linearized/2021_JERC_6__4_3.tif,EPSG:32616,739940.0,3458460.0,-84.48080568407856,31.235697080492045,42.0,40.0,Forest,Evergreen
529,2021_JERC_6__4_4.tif,neon_10m_linearized/2021_JERC_6__4_4.tif,neon_2.5m_linearized/2021_JERC_6__4_4.tif,EPSG:32616,742500.0,3458460.0,-84.45394995274556,31.235167795803683,82.0,80.0,Rural,Crops
530,2021_JERC_6__4_5.tif,neon_10m_linearized/2021_JERC_6__4_5.tif,neon_2.5m_linearized/2021_JERC_6__4_5.tif,EPSG:32616,745060.0,3458460.0,-84.42709493365923,31.234632910515504,82.0,80.0,Rural,Crops
531,2021_JERC_6__5_3.tif,neon_10m_linearized/2021_JERC_6__5_3.tif,neon_2.5m_linearized/2021_JERC_6__5_3.tif,EPSG:32616,739940.0,3455900.0,-84.48141805403391,31.21262082657773,42.0,40.0,Forest,Evergreen
532,2021_JERC_6__5_4.tif,neon_10m_linearized/2021_JERC_6__5_4.tif,neon_2.5m_linearized/2021_JERC_6__5_4.tif,EPSG:32616,742500.0,3455900.0,-84.45456883373771,31.21209202001623,42.0,40.0,Forest,Evergreen
533,2021_JERC_6__5_5.tif,neon_10m_linearized/2021_JERC_6__5_5.tif,neon_2.5m_linearized/2021_JERC_6__5_5.tif,EPSG:32616,745060.0,3455900.0,-84.42772032497189,31.21155761790884,82.0,80.0,Rural,Crops
534,2021_JERC_6__6_2.tif,neon_10m_linearized/2021_JERC_6__6_2.tif,neon_2.5m_linearized/2021_JERC_6__6_2.tif,EPSG:32616,737380.0,3453340.0,-84.50887314001429,31.19006721663577,82.0,80.0,Rural,Crops
535,2021_JERC_6__6_3.tif,neon_10m_linearized/2021_JERC_6__6_3.tif,neon_2.5m_linearized/2021_JERC_6__6_3.tif,EPSG:32616,739940.0,3453340.0,-84.48202971993214,31.18954447898507,42.0,40.0,Forest,Evergreen
536,2021_JERC_6__6_4.tif,neon_10m_linearized/2021_JERC_6__6_4.tif,neon_2.5m_linearized/2021_JERC_6__6_4.tif,EPSG:32616,742500.0,3453340.0,-84.45518700319931,31.189016150323475,42.0,40.0,Forest,Evergreen
537,2021_JERC_6__7_2.tif,neon_10m_linearized/2021_JERC_6__7_2.tif,neon_2.5m_linearized/2021_JERC_6__7_2.tif,EPSG:32616,737380.0,3450780.0,-84.50947760575924,31.16699030279073,82.0,80.0,Rural,Crops
538,2021_JERC_6__7_3.tif,neon_10m_linearized/2021_JERC_6__7_3.tif,neon_2.5m_linearized/2021_JERC_6__7_3.tif,EPSG:32616,739940.0,3450780.0,-84.4826406824809,31.166468037763508,82.0,80.0,Rural,Crops
539,2021_JERC_6__7_4.tif,neon_10m_linearized/2021_JERC_6__7_4.tif,neon_2.5m_linearized/2021_JERC_6__7_4.tif,EPSG:32616,742500.0,3450780.0,-84.45580446184543,31.165940186775213,42.0,40.0,Forest,Evergreen
540,2021_JERC_6__7_5.tif,neon_10m_linearized/2021_JERC_6__7_5.tif,neon_2.5m_linearized/2021_JERC_6__7_5.tif,EPSG:32616,745060.0,3450780.0,-84.42896895131135,31.165406750341784,82.0,80.0,Rural,Crops
541,2021_JORN_4__1_0.tif,neon_10m_linearized/2021_JORN_4__1_0.tif,neon_2.5m_linearized/2021_JORN_4__1_0.tif,EPSG:32613,315260.0,3621180.0,-106.97108706704904,32.71292268415738,71.0,70.0,Rural,Grassland
542,2021_JORN_4__1_1.tif,neon_10m_linearized/2021_JORN_4__1_1.tif,neon_2.5m_linearized/2021_JORN_4__1_1.tif,EPSG:32613,317820.0,3621180.0,-106.9437867669232,32.71334897718818,52.0,50.0,Rural,ShrubScrub
543,2021_JORN_4__1_2.tif,neon_10m_linearized/2021_JORN_4__1_2.tif,neon_2.5m_linearized/2021_JORN_4__1_2.tif,EPSG:32613,320380.0,3621180.0,-106.91648589487652,32.713769331712406,52.0,50.0,Rural,ShrubScrub
544,2021_JORN_4__1_3.tif,neon_10m_linearized/2021_JORN_4__1_3.tif,neon_2.5m_linearized/2021_JORN_4__1_3.tif,EPSG:32613,322940.0,3621180.0,-106.88918445892142,32.7141837473095,52.0,50.0,Rural,ShrubScrub
545,2021_JORN_4__1_4.tif,neon_10m_linearized/2021_JORN_4__1_4.tif,neon_2.5m_linearized/2021_JORN_4__1_4.tif,EPSG:32613,325500.0,3621180.0,-106.86188246707148,32.71459222356487,52.0,50.0,Rural,ShrubScrub
546,2021_JORN_4__2_0.tif,neon_10m_linearized/2021_JORN_4__2_0.tif,neon_2.5m_linearized/2021_JORN_4__2_0.tif,EPSG:32613,315260.0,3618620.0,-106.97057959671308,32.689843118676066,71.0,70.0,Rural,Grassland
547,2021_JORN_4__2_1.tif,neon_10m_linearized/2021_JORN_4__2_1.tif,neon_2.5m_linearized/2021_JORN_4__2_1.tif,EPSG:32613,317820.0,3618620.0,-106.94328631438208,32.6902690362564,52.0,50.0,Rural,ShrubScrub
548,2021_JORN_4__2_2.tif,neon_10m_linearized/2021_JORN_4__2_2.tif,neon_2.5m_linearized/2021_JORN_4__2_2.tif,EPSG:32613,320380.0,3618620.0,-106.91599246073152,32.690689020556945,52.0,50.0,Rural,ShrubScrub
549,2021_JORN_4__2_3.tif,neon_10m_linearized/2021_JORN_4__2_3.tif,neon_2.5m_linearized/2021_JORN_4__2_3.tif,EPSG:32613,322940.0,3618620.0,-106.88869804376552,32.69110307115769,52.0,50.0,Rural,ShrubScrub
550,2021_JORN_4__2_4.tif,neon_10m_linearized/2021_JORN_4__2_4.tif,neon_2.5m_linearized/2021_JORN_4__2_4.tif,EPSG:32613,325500.0,3618620.0,-106.86140307148916,32.69151118764452,52.0,50.0,Rural,ShrubScrub
551,2021_JORN_4__2_5.tif,neon_10m_linearized/2021_JORN_4__2_5.tif,neon_2.5m_linearized/2021_JORN_4__2_5.tif,EPSG:32613,328060.0,3618620.0,-106.83410755190862,32.69191336960926,52.0,50.0,Rural,ShrubScrub
552,2021_JORN_4__3_0.tif,neon_10m_linearized/2021_JORN_4__3_0.tif,neon_2.5m_linearized/2021_JORN_4__3_0.tif,EPSG:32613,315260.0,3616060.0,-106.97007270569992,32.66676346115576,52.0,50.0,Rural,ShrubScrub
553,2021_JORN_4__3_1.tif,neon_10m_linearized/2021_JORN_4__3_1.tif,neon_2.5m_linearized/2021_JORN_4__3_1.tif,EPSG:32613,317820.0,3616060.0,-106.94278643316068,32.66718900347481,71.0,70.0,Rural,Grassland
554,2021_JORN_4__3_2.tif,neon_10m_linearized/2021_JORN_4__3_2.tif,neon_2.5m_linearized/2021_JORN_4__3_2.tif,EPSG:32613,320380.0,3616060.0,-106.91549958990218,32.66760861773824,52.0,50.0,Rural,ShrubScrub
555,2021_JORN_4__3_3.tif,neon_10m_linearized/2021_JORN_4__3_3.tif,neon_2.5m_linearized/2021_JORN_4__3_3.tif,EPSG:32613,322940.0,3616060.0,-106.88821218392012,32.66802230352655,52.0,50.0,Rural,ShrubScrub
556,2021_JORN_4__3_4.tif,neon_10m_linearized/2021_JORN_4__3_4.tif,neon_2.5m_linearized/2021_JORN_4__3_4.tif,EPSG:32613,325500.0,3616060.0,-106.86092422321124,32.668430060426125,52.0,50.0,Rural,ShrubScrub
557,2021_JORN_4__3_6.tif,neon_10m_linearized/2021_JORN_4__3_6.tif,neon_2.5m_linearized/2021_JORN_4__3_6.tif,EPSG:32613,330620.0,3616060.0,-106.80634666960492,32.669227785934346,52.0,50.0,Rural,ShrubScrub
558,2021_JORN_4__4_0.tif,neon_10m_linearized/2021_JORN_4__4_0.tif,neon_2.5m_linearized/2021_JORN_4__4_0.tif,EPSG:32613,315260.0,3613500.0,-106.96956639340088,32.64368371163723,52.0,50.0,Rural,ShrubScrub
559,2021_JORN_4__4_1.tif,neon_10m_linearized/2021_JORN_4__4_1.tif,neon_2.5m_linearized/2021_JORN_4__4_1.tif,EPSG:32613,317820.0,3613500.0,-106.94228712265873,32.644108878883905,52.0,50.0,Rural,ShrubScrub
560,2021_JORN_4__4_2.tif,neon_10m_linearized/2021_JORN_4__4_2.tif,neon_2.5m_linearized/2021_JORN_4__4_2.tif,EPSG:32613,320380.0,3613500.0,-106.91500728179656,32.6445281232965,52.0,50.0,Rural,ShrubScrub
561,2021_JORN_4__4_3.tif,neon_10m_linearized/2021_JORN_4__4_3.tif,neon_2.5m_linearized/2021_JORN_4__4_3.tif,EPSG:32613,322940.0,3613500.0,-106.8877268788017,32.64494144445602,52.0,50.0,Rural,ShrubScrub
562,2021_JORN_4__4_4.tif,neon_10m_linearized/2021_JORN_4__4_4.tif,neon_2.5m_linearized/2021_JORN_4__4_4.tif,EPSG:32613,325500.0,3613500.0,-106.86044592166256,32.645348841949414,52.0,50.0,Rural,ShrubScrub
563,2021_JORN_4__4_5.tif,neon_10m_linearized/2021_JORN_4__4_5.tif,neon_2.5m_linearized/2021_JORN_4__4_5.tif,EPSG:32613,328060.0,3613500.0,-106.83316441836844,32.64575031536946,52.0,50.0,Rural,ShrubScrub
564,2021_JORN_4__4_7.tif,neon_10m_linearized/2021_JORN_4__4_7.tif,neon_2.5m_linearized/2021_JORN_4__4_7.tif,EPSG:32613,333180.0,3613500.0,-106.77859980527768,32.64653548839042,52.0,50.0,Rural,ShrubScrub
565,2021_JORN_4__4_8.tif,neon_10m_linearized/2021_JORN_4__4_8.tif,neon_2.5m_linearized/2021_JORN_4__4_8.tif,EPSG:32613,335740.0,3613500.0,-106.75131671146464,32.64691918720647,71.0,70.0,Rural,Grassland
566,2021_JORN_4__5_0.tif,neon_10m_linearized/2021_JORN_4__5_0.tif,neon_2.5m_linearized/2021_JORN_4__5_0.tif,EPSG:32613,315260.0,3610940.0,-106.96906065920834,32.62060387016124,52.0,50.0,Rural,ShrubScrub
567,2021_JORN_4__5_1.tif,neon_10m_linearized/2021_JORN_4__5_1.tif,neon_2.5m_linearized/2021_JORN_4__5_1.tif,EPSG:32613,317820.0,3610940.0,-106.94178838227695,32.621028662524175,52.0,50.0,Rural,ShrubScrub
568,2021_JORN_4__5_2.tif,neon_10m_linearized/2021_JORN_4__5_2.tif,neon_2.5m_linearized/2021_JORN_4__5_2.tif,EPSG:32613,320380.0,3610940.0,-106.91451553582378,32.62144753727197,52.0,50.0,Rural,ShrubScrub
569,2021_JORN_4__5_3.tif,neon_10m_linearized/2021_JORN_4__5_3.tif,neon_2.5m_linearized/2021_JORN_4__5_3.tif,EPSG:32613,322940.0,3610940.0,-106.8872421278278,32.62186049398614,52.0,50.0,Rural,ShrubScrub
570,2021_JORN_4__5_4.tif,neon_10m_linearized/2021_JORN_4__5_4.tif,neon_2.5m_linearized/2021_JORN_4__5_4.tif,EPSG:32613,325500.0,3610940.0,-106.85996816626898,32.62226753225411,52.0,50.0,Rural,ShrubScrub
571,2021_JORN_4__5_5.tif,neon_10m_linearized/2021_JORN_4__5_5.tif,neon_2.5m_linearized/2021_JORN_4__5_5.tif,EPSG:32613,328060.0,3610940.0,-106.83269365912837,32.622668651669194,52.0,50.0,Rural,ShrubScrub
572,2021_JORN_4__5_6.tif,neon_10m_linearized/2021_JORN_4__5_6.tif,neon_2.5m_linearized/2021_JORN_4__5_6.tif,EPSG:32613,330620.0,3610940.0,-106.8054186143879,32.62306385183063,52.0,50.0,Rural,ShrubScrub
573,2021_JORN_4__5_7.tif,neon_10m_linearized/2021_JORN_4__5_7.tif,neon_2.5m_linearized/2021_JORN_4__5_7.tif,EPSG:32613,333180.0,3610940.0,-106.77814304003056,32.62345313234352,52.0,50.0,Rural,ShrubScrub
574,2021_JORN_4__6_3.tif,neon_10m_linearized/2021_JORN_4__6_3.tif,neon_2.5m_linearized/2021_JORN_4__6_3.tif,EPSG:32613,322940.0,3608380.0,-106.88675793041683,32.598779452156926,71.0,70.0,Rural,Grassland
575,2021_JORN_4__6_4.tif,neon_10m_linearized/2021_JORN_4__6_4.tif,neon_2.5m_linearized/2021_JORN_4__6_4.tif,EPSG:32613,325500.0,3608380.0,-106.8594909564574,32.59918613138,52.0,50.0,Rural,ShrubScrub
576,2021_JORN_4__6_5.tif,neon_10m_linearized/2021_JORN_4__6_5.tif,neon_2.5m_linearized/2021_JORN_4__6_5.tif,EPSG:32613,328060.0,3608380.0,-106.83222343748832,32.59958689696804,52.0,50.0,Rural,ShrubScrub
577,2021_JORN_4__6_7.tif,neon_10m_linearized/2021_JORN_4__6_7.tif,neon_2.5m_linearized/2021_JORN_4__6_7.tif,EPSG:32613,333180.0,3608380.0,-106.77768679641656,32.600370685643725,52.0,50.0,Rural,ShrubScrub
578,2021_JORN_4__6_8.tif,neon_10m_linearized/2021_JORN_4__6_8.tif,neon_2.5m_linearized/2021_JORN_4__6_8.tif,EPSG:32613,335740.0,3608380.0,-106.75041769026411,32.600753707948456,71.0,70.0,Rural,Grassland
579,2021_JORN_4__7_3.tif,neon_10m_linearized/2021_JORN_4__7_3.tif,neon_2.5m_linearized/2021_JORN_4__7_3.tif,EPSG:32613,322940.0,3605820.0,-106.8862742859884,32.57569831900845,71.0,70.0,Rural,Grassland
580,2021_JORN_4__7_4.tif,neon_10m_linearized/2021_JORN_4__7_4.tif,neon_2.5m_linearized/2021_JORN_4__7_4.tif,EPSG:32613,325500.0,3605820.0,-106.85901429165568,32.576104639366925,71.0,70.0,Rural,Grassland
581,2021_JORN_4__7_5.tif,neon_10m_linearized/2021_JORN_4__7_5.tif,neon_2.5m_linearized/2021_JORN_4__7_5.tif,EPSG:32613,328060.0,3605820.0,-106.83175375288444,32.57650505130558,71.0,70.0,Rural,Grassland
582,2021_JORN_4__7_8.tif,neon_10m_linearized/2021_JORN_4__7_8.tif,neon_2.5m_linearized/2021_JORN_4__7_8.tif,EPSG:32613,335740.0,3605820.0,-106.74996894959752,32.577670832634055,52.0,50.0,Rural,ShrubScrub
583,2021_JORN_4__8_3.tif,neon_10m_linearized/2021_JORN_4__8_3.tif,neon_2.5m_linearized/2021_JORN_4__8_3.tif,EPSG:32613,322940.0,3603260.0,-106.88579119396292,32.55261709458085,71.0,70.0,Rural,Grassland
584,2021_JORN_4__8_4.tif,neon_10m_linearized/2021_JORN_4__8_4.tif,neon_2.5m_linearized/2021_JORN_4__8_4.tif,EPSG:32613,325500.0,3603260.0,-106.85853817129258,32.55302305625475,71.0,70.0,Rural,Grassland
585,2021_JORN_4__8_5.tif,neon_10m_linearized/2021_JORN_4__8_5.tif,neon_2.5m_linearized/2021_JORN_4__8_5.tif,EPSG:32613,328060.0,3603260.0,-106.83128460475392,32.55342311472145,52.0,50.0,Rural,ShrubScrub
586,2021_JORN_4__8_6.tif,neon_10m_linearized/2021_JORN_4__8_6.tif,neon_2.5m_linearized/2021_JORN_4__8_6.tif,EPSG:32613,330620.0,3603260.0,-106.80403050230396,32.55381726958162,52.0,50.0,Rural,ShrubScrub
587,2021_JORN_4__8_7.tif,neon_10m_linearized/2021_JORN_4__8_7.tif,neon_2.5m_linearized/2021_JORN_4__8_7.tif,EPSG:32613,333180.0,3603260.0,-106.77677587190055,32.55420552044184,52.0,50.0,Rural,ShrubScrub
588,2021_JORN_4__8_8.tif,neon_10m_linearized/2021_JORN_4__8_8.tif,neon_2.5m_linearized/2021_JORN_4__8_8.tif,EPSG:32613,335740.0,3603260.0,-106.74952072150263,32.55458786691456,52.0,50.0,Rural,ShrubScrub
589,2021_JORN_4__9_6.tif,neon_10m_linearized/2021_JORN_4__9_6.tif,neon_2.5m_linearized/2021_JORN_4__9_6.tif,EPSG:32613,330620.0,3600700.0,-106.80356885492144,32.53073489403116,71.0,70.0,Rural,Grassland
590,2021_JORN_4__9_7.tif,neon_10m_linearized/2021_JORN_4__9_7.tif,neon_2.5m_linearized/2021_JORN_4__9_7.tif,EPSG:32613,333180.0,3600700.0,-106.77632118990716,32.53112280201806,71.0,70.0,Rural,Grassland
591,2021_JORN_4__9_8.tif,neon_10m_linearized/2021_JORN_4__9_8.tif,neon_2.5m_linearized/2021_JORN_4__9_8.tif,EPSG:32613,335740.0,3600700.0,-106.7490730054426,32.53150481082891,71.0,70.0,Rural,Grassland
592,2021_MCRA_2__0_0.tif,neon_10m_linearized/2021_MCRA_2__0_0.tif,neon_2.5m_linearized/2021_MCRA_2__0_0.tif,EPSG:32610,566300.0,4903720.0,-122.16908088454257,44.28370686132148,42.0,40.0,Forest,Evergreen
593,2021_MCRA_2__1_0.tif,neon_10m_linearized/2021_MCRA_2__1_0.tif,neon_2.5m_linearized/2021_MCRA_2__1_0.tif,EPSG:32610,566300.0,4901160.0,-122.169405548762,44.26066140575218,42.0,40.0,Forest,Evergreen
594,2021_OAES_5__0_1.tif,neon_10m_linearized/2021_OAES_5__0_1.tif,neon_2.5m_linearized/2021_OAES_5__0_1.tif,EPSG:32614,489840.0,3921700.0,-99.1119411475404,35.43869327160561,71.0,70.0,Rural,Grassland
595,2021_OAES_5__0_2.tif,neon_10m_linearized/2021_OAES_5__0_2.tif,neon_2.5m_linearized/2021_OAES_5__0_2.tif,EPSG:32614,492400.0,3921700.0,-99.08373553548704,35.43871612653903,71.0,70.0,Rural,Grassland
596,2021_OAES_5__0_3.tif,neon_10m_linearized/2021_OAES_5__0_3.tif,neon_2.5m_linearized/2021_OAES_5__0_3.tif,EPSG:32614,494960.0,3921700.0,-99.05552989625843,35.438732392679654,71.0,70.0,Rural,Grassland
597,2021_OAES_5__0_4.tif,neon_10m_linearized/2021_OAES_5__0_4.tif,neon_2.5m_linearized/2021_OAES_5__0_4.tif,EPSG:32614,497520.0,3921700.0,-99.02732423900837,35.438742070010456,71.0,70.0,Rural,Grassland
598,2021_OAES_5__1_0.tif,neon_10m_linearized/2021_OAES_5__1_0.tif,neon_2.5m_linearized/2021_OAES_5__1_0.tif,EPSG:32614,487280.0,3919140.0,-99.14010674255778,35.41558087820291,82.0,80.0,Rural,Crops
599,2021_OAES_5__1_1.tif,neon_10m_linearized/2021_OAES_5__1_1.tif,neon_2.5m_linearized/2021_OAES_5__1_1.tif,EPSG:32614,489840.0,3919140.0,-99.11190921320345,35.41561029695289,71.0,70.0,Rural,Grassland
600,2021_OAES_5__1_2.tif,neon_10m_linearized/2021_OAES_5__1_2.tif,neon_2.5m_linearized/2021_OAES_5__1_2.tif,EPSG:32614,492400.0,3919140.0,-99.08371164756149,35.415633132517684,71.0,70.0,Rural,Grassland
601,2021_OAES_5__1_3.tif,neon_10m_linearized/2021_OAES_5__1_3.tif,neon_2.5m_linearized/2021_OAES_5__1_3.tif,EPSG:32614,494960.0,3919140.0,-99.05551405477516,35.41564938487342,71.0,70.0,Rural,Grassland
602,2021_OAES_5__1_4.tif,neon_10m_linearized/2021_OAES_5__1_4.tif,neon_2.5m_linearized/2021_OAES_5__1_4.tif,EPSG:32614,497520.0,3919140.0,-99.0273164439878,35.415659054003086,71.0,70.0,Rural,Grassland
603,2021_OAES_5__2_1.tif,neon_10m_linearized/2021_OAES_5__2_1.tif,neon_2.5m_linearized/2021_OAES_5__2_1.tif,EPSG:32614,489840.0,3916580.0,-99.11187731515412,35.39252723387171,71.0,70.0,Rural,Grassland
604,2021_OAES_5__2_2.tif,neon_10m_linearized/2021_OAES_5__2_2.tif,neon_2.5m_linearized/2021_OAES_5__2_2.tif,EPSG:32614,492400.0,3916580.0,-99.08368778678026,35.392550050078746,71.0,70.0,Rural,Grassland
605,2021_OAES_5__2_3.tif,neon_10m_linearized/2021_OAES_5__2_3.tif,neon_2.5m_linearized/2021_OAES_5__2_3.tif,EPSG:32614,494960.0,3916580.0,-99.05549823129287,35.39256628865731,82.0,80.0,Rural,Crops
606,2021_OAES_5__2_4.tif,neon_10m_linearized/2021_OAES_5__2_4.tif,neon_2.5m_linearized/2021_OAES_5__2_4.tif,EPSG:32614,497520.0,3916580.0,-99.02730865782496,35.39257594959042,82.0,80.0,Rural,Crops
607,2021_OAES_5__3_0.tif,neon_10m_linearized/2021_OAES_5__3_0.tif,neon_2.5m_linearized/2021_OAES_5__3_0.tif,EPSG:32614,487280.0,3914020.0,-99.1400269173846,35.36941471349915,82.0,80.0,Rural,Crops
608,2021_OAES_5__3_1.tif,neon_10m_linearized/2021_OAES_5__3_1.tif,neon_2.5m_linearized/2021_OAES_5__3_1.tif,EPSG:32614,489840.0,3914020.0,-99.11184545335118,35.36944408238644,71.0,70.0,Rural,Grassland
609,2021_OAES_5__3_3.tif,neon_10m_linearized/2021_OAES_5__3_3.tif,neon_2.5m_linearized/2021_OAES_5__3_3.tif,EPSG:32614,494960.0,3914020.0,-99.05548242579118,35.36948310405566,82.0,80.0,Rural,Crops
610,2021_OAES_5__3_4.tif,neon_10m_linearized/2021_OAES_5__3_4.tif,neon_2.5m_linearized/2021_OAES_5__3_4.tif,EPSG:32614,497520.0,3914020.0,-99.02730088050969,35.36949275679682,82.0,80.0,Rural,Crops
611,2021_OAES_5__4_1.tif,neon_10m_linearized/2021_OAES_5__4_1.tif,neon_2.5m_linearized/2021_OAES_5__4_1.tif,EPSG:32614,489840.0,3911460.0,-99.11181362775352,35.34636084252152,71.0,70.0,Rural,Grassland
612,2021_OAES_5__4_2.tif,neon_10m_linearized/2021_OAES_5__4_2.tif,neon_2.5m_linearized/2021_OAES_5__4_2.tif,EPSG:32614,492400.0,3911460.0,-99.08364014652756,35.346383620045536,71.0,70.0,Rural,Grassland
613,2021_OAES_5__4_3.tif,neon_10m_linearized/2021_OAES_5__4_3.tif,neon_2.5m_linearized/2021_OAES_5__4_3.tif,EPSG:32614,494960.0,3911460.0,-99.05546663824964,35.3463998310929,71.0,70.0,Rural,Grassland
614,2021_OAES_5__5_1.tif,neon_10m_linearized/2021_OAES_5__5_1.tif,neon_2.5m_linearized/2021_OAES_5__5_1.tif,EPSG:32614,489840.0,3908900.0,-99.11178183832,35.32327751430144,71.0,70.0,Rural,Grassland
615,2021_OAES_5__5_2.tif,neon_10m_linearized/2021_OAES_5__5_2.tif,neon_2.5m_linearized/2021_OAES_5__5_2.tif,EPSG:32614,492400.0,3908900.0,-99.08361636699458,35.32330027250017,71.0,70.0,Rural,Grassland
616,2021_OAES_5__5_3.tif,neon_10m_linearized/2021_OAES_5__5_3.tif,neon_2.5m_linearized/2021_OAES_5__5_3.tif,EPSG:32614,494960.0,3908900.0,-99.05545086864788,35.32331646979347,71.0,70.0,Rural,Grassland
617,2021_OAES_5__5_4.tif,neon_10m_linearized/2021_OAES_5__5_4.tif,neon_2.5m_linearized/2021_OAES_5__5_4.tif,EPSG:32614,497520.0,3908900.0,-99.02728535238172,35.323326106164444,71.0,70.0,Rural,Grassland
618,2021_OAES_5__6_1.tif,neon_10m_linearized/2021_OAES_5__6_1.tif,neon_2.5m_linearized/2021_OAES_5__6_1.tif,EPSG:32614,489840.0,3906340.0,-99.1117500850096,35.30019409775074,82.0,80.0,Rural,Crops
619,2021_OAES_5__6_2.tif,neon_10m_linearized/2021_OAES_5__6_2.tif,neon_2.5m_linearized/2021_OAES_5__6_2.tif,EPSG:32614,492400.0,3906340.0,-99.0835926144829,35.30021683663497,82.0,80.0,Rural,Crops
620,2021_OAES_5__6_3.tif,neon_10m_linearized/2021_OAES_5__6_3.tif,neon_2.5m_linearized/2021_OAES_5__6_3.tif,EPSG:32614,494960.0,3906340.0,-99.05543511696553,35.3002330201819,71.0,70.0,Rural,Grassland
621,2021_OSBS_6__1_4.tif,neon_10m_linearized/2021_OSBS_6__1_4.tif,neon_2.5m_linearized/2021_OSBS_6__1_4.tif,EPSG:32617,405540.0,3290160.0,-81.97681165191639,29.738057383726687,42.0,40.0,Forest,Evergreen
622,2021_OSBS_6__2_0.tif,neon_10m_linearized/2021_OSBS_6__2_0.tif,neon_2.5m_linearized/2021_OSBS_6__2_0.tif,EPSG:32617,395300.0,3287600.0,-82.08244061591317,29.714133725582457,42.0,40.0,Forest,Evergreen
623,2021_OSBS_6__2_1.tif,neon_10m_linearized/2021_OSBS_6__2_1.tif,neon_2.5m_linearized/2021_OSBS_6__2_1.tif,EPSG:32617,397860.0,3287600.0,-82.05597785545078,29.71434742288616,42.0,40.0,Forest,Evergreen
624,2021_OSBS_6__2_2.tif,neon_10m_linearized/2021_OSBS_6__2_2.tif,neon_2.5m_linearized/2021_OSBS_6__2_2.tif,EPSG:32617,400420.0,3287600.0,-82.02951481348693,29.71455583311005,42.0,40.0,Forest,Evergreen
625,2021_OSBS_6__2_3.tif,neon_10m_linearized/2021_OSBS_6__2_3.tif,neon_2.5m_linearized/2021_OSBS_6__2_3.tif,EPSG:32617,402980.0,3287600.0,-82.00305149707117,29.71475895605402,42.0,40.0,Forest,Evergreen
626,2021_OSBS_6__2_4.tif,neon_10m_linearized/2021_OSBS_6__2_4.tif,neon_2.5m_linearized/2021_OSBS_6__2_4.tif,EPSG:32617,405540.0,3287600.0,-81.97658791325358,29.714956791523047,42.0,40.0,Forest,Evergreen
627,2021_OSBS_6__2_5.tif,neon_10m_linearized/2021_OSBS_6__2_5.tif,neon_2.5m_linearized/2021_OSBS_6__2_5.tif,EPSG:32617,408100.0,3287600.0,-81.95012406908465,29.71514933932717,42.0,40.0,Forest,Evergreen
628,2021_OSBS_6__3_0.tif,neon_10m_linearized/2021_OSBS_6__3_0.tif,neon_2.5m_linearized/2021_OSBS_6__3_0.tif,EPSG:32617,395300.0,3285040.0,-82.0821929256705,29.69103381801081,42.0,40.0,Forest,Evergreen
629,2021_OSBS_6__3_1.tif,neon_10m_linearized/2021_OSBS_6__3_1.tif,neon_2.5m_linearized/2021_OSBS_6__3_1.tif,EPSG:32617,397860.0,3285040.0,-82.05573621779196,29.69124731622157,42.0,40.0,Forest,Evergreen
630,2021_OSBS_6__3_3.tif,neon_10m_linearized/2021_OSBS_6__3_3.tif,neon_2.5m_linearized/2021_OSBS_6__3_3.tif,EPSG:32617,402980.0,3285040.0,-82.00282196538477,29.69165846597865,42.0,40.0,Forest,Evergreen
631,2021_OSBS_6__3_4.tif,neon_10m_linearized/2021_OSBS_6__3_4.tif,neon_2.5m_linearized/2021_OSBS_6__3_4.tif,EPSG:32617,405540.0,3285040.0,-81.97636443494221,29.69185611713032,42.0,40.0,Forest,Evergreen
632,2021_OSBS_6__3_5.tif,neon_10m_linearized/2021_OSBS_6__3_5.tif,neon_2.5m_linearized/2021_OSBS_6__3_5.tif,EPSG:32617,408100.0,3285040.0,-81.94990664439848,29.69204848554276,42.0,40.0,Forest,Evergreen
633,2021_OSBS_6__4_0.tif,neon_10m_linearized/2021_OSBS_6__4_0.tif,neon_2.5m_linearized/2021_OSBS_6__4_0.tif,EPSG:32617,395300.0,3282480.0,-82.08194552370126,29.66793382794776,81.0,80.0,Rural,Pasture
634,2021_OSBS_6__4_1.tif,neon_10m_linearized/2021_OSBS_6__4_1.tif,neon_2.5m_linearized/2021_OSBS_6__4_1.tif,EPSG:32617,397860.0,3282480.0,-82.05549486136421,29.668147127154487,81.0,80.0,Rural,Pasture
635,2021_OSBS_6__4_3.tif,neon_10m_linearized/2021_OSBS_6__4_3.tif,neon_2.5m_linearized/2021_OSBS_6__4_3.tif,EPSG:32617,402980.0,3282480.0,-82.00259270084332,29.66855789367204,42.0,40.0,Forest,Evergreen
636,2021_OSBS_6__4_4.tif,neon_10m_linearized/2021_OSBS_6__4_4.tif,neon_2.5m_linearized/2021_OSBS_6__4_4.tif,EPSG:32617,405540.0,3282480.0,-81.97614121673207,29.66875536058869,42.0,40.0,Forest,Evergreen
637,2021_OSBS_6__4_5.tif,neon_10m_linearized/2021_OSBS_6__4_5.tif,neon_2.5m_linearized/2021_OSBS_6__4_5.tif,EPSG:32617,408100.0,3282480.0,-81.94968947276944,29.668947549689594,42.0,40.0,Forest,Evergreen
638,2021_OSBS_6__4_6.tif,neon_10m_linearized/2021_OSBS_6__4_6.tif,neon_2.5m_linearized/2021_OSBS_6__4_6.tif,EPSG:32617,410660.0,3282480.0,-81.92323747599275,29.6691344607903,42.0,40.0,Forest,Evergreen
639,2021_OSBS_6__5_3.tif,neon_10m_linearized/2021_OSBS_6__5_3.tif,neon_2.5m_linearized/2021_OSBS_6__5_3.tif,EPSG:32617,402980.0,3279920.0,-82.0023637031903,29.64545723917455,90.0,90.0,Water,WoodyWetlands
640,2021_OSBS_6__5_4.tif,neon_10m_linearized/2021_OSBS_6__5_4.tif,neon_2.5m_linearized/2021_OSBS_6__5_4.tif,EPSG:32617,405540.0,3279920.0,-81.97591825837343,29.645654521938404,21.0,20.0,Developed,OpenSpace
641,2021_OSBS_6__5_5.tif,neon_10m_linearized/2021_OSBS_6__5_5.tif,neon_2.5m_linearized/2021_OSBS_6__5_5.tif,EPSG:32617,408100.0,3279920.0,-81.9494725539545,29.645846531807788,21.0,20.0,Developed,OpenSpace
642,2021_OSBS_6__5_6.tif,neon_10m_linearized/2021_OSBS_6__5_6.tif,neon_2.5m_linearized/2021_OSBS_6__5_6.tif,EPSG:32617,410660.0,3279920.0,-81.9230265969641,29.646033268598494,21.0,20.0,Developed,OpenSpace
643,2021_OSBS_6__6_2.tif,neon_10m_linearized/2021_OSBS_6__6_2.tif,neon_2.5m_linearized/2021_OSBS_6__6_2.tif,EPSG:32617,400420.0,3277360.0,-82.02857411834573,29.62215413604707,42.0,40.0,Forest,Evergreen
644,2021_OSBS_6__6_3.tif,neon_10m_linearized/2021_OSBS_6__6_3.tif,neon_2.5m_linearized/2021_OSBS_6__6_3.tif,EPSG:32617,402980.0,3277360.0,-82.00213497216961,29.6223565025266,42.0,40.0,Forest,Evergreen
645,2021_OSBS_6__6_4.tif,neon_10m_linearized/2021_OSBS_6__6_4.tif,neon_2.5m_linearized/2021_OSBS_6__6_4.tif,EPSG:32617,405540.0,3277360.0,-81.97569555961691,29.622553601219764,42.0,40.0,Forest,Evergreen
646,2021_SERC_5__0_2.tif,neon_10m_linearized/2021_SERC_5__0_2.tif,neon_2.5m_linearized/2021_SERC_5__0_2.tif,EPSG:32618,364420.0,4310740.0,-76.56426909095194,38.9351192414294,22.0,20.0,Developed,LowIntensity
647,2021_SJER_5__0_0.tif,neon_10m_linearized/2021_SJER_5__0_0.tif,neon_2.5m_linearized/2021_SJER_5__0_0.tif,EPSG:32611,252260.0,4113700.0,-119.7890512939084,37.136888732048334,52.0,50.0,Rural,ShrubScrub
648,2021_SJER_5__0_1.tif,neon_10m_linearized/2021_SJER_5__0_1.tif,neon_2.5m_linearized/2021_SJER_5__0_1.tif,EPSG:32611,254820.0,4113700.0,-119.76026151447152,37.13756314561248,71.0,70.0,Rural,Grassland
649,2021_SJER_5__0_2.tif,neon_10m_linearized/2021_SJER_5__0_2.tif,neon_2.5m_linearized/2021_SJER_5__0_2.tif,EPSG:32611,257380.0,4113700.0,-119.7314707814242,37.138230576945126,71.0,70.0,Rural,Grassland
650,2021_SJER_5__0_3.tif,neon_10m_linearized/2021_SJER_5__0_3.tif,neon_2.5m_linearized/2021_SJER_5__0_3.tif,EPSG:32611,259940.0,4113700.0,-119.70267910465849,37.13889102532843,71.0,70.0,Rural,Grassland
651,2021_SJER_5__1_0.tif,neon_10m_linearized/2021_SJER_5__1_0.tif,neon_2.5m_linearized/2021_SJER_5__1_0.tif,EPSG:32611,252260.0,4111140.0,-119.78820504040496,37.113839681990925,71.0,70.0,Rural,Grassland
652,2021_SJER_5__1_1.tif,neon_10m_linearized/2021_SJER_5__1_1.tif,neon_2.5m_linearized/2021_SJER_5__1_1.tif,EPSG:32611,254820.0,4111140.0,-119.75942396918084,37.11451353551401,71.0,70.0,Rural,Grassland
653,2021_SJER_5__1_2.tif,neon_10m_linearized/2021_SJER_5__1_2.tif,neon_2.5m_linearized/2021_SJER_5__1_2.tif,EPSG:32611,257380.0,4111140.0,-119.7306419454802,37.11518041259401,71.0,70.0,Rural,Grassland
654,2021_SJER_5__1_3.tif,neon_10m_linearized/2021_SJER_5__1_3.tif,neon_2.5m_linearized/2021_SJER_5__1_3.tif,EPSG:32611,259940.0,4111140.0,-119.7018589791834,37.11584031251404,71.0,70.0,Rural,Grassland
655,2021_SJER_5__2_0.tif,neon_10m_linearized/2021_SJER_5__2_0.tif,neon_2.5m_linearized/2021_SJER_5__2_0.tif,EPSG:32611,252260.0,4108580.0,-119.78735974925664,37.090790525587366,71.0,70.0,Rural,Grassland
656,2021_SJER_5__2_1.tif,neon_10m_linearized/2021_SJER_5__2_1.tif,neon_2.5m_linearized/2021_SJER_5__2_1.tif,EPSG:32611,254820.0,4108580.0,-119.75858737636696,37.09146381940316,71.0,70.0,Rural,Grassland
657,2021_SJER_5__2_2.tif,neon_10m_linearized/2021_SJER_5__2_2.tif,neon_2.5m_linearized/2021_SJER_5__2_2.tif,EPSG:32611,257380.0,4108580.0,-119.72981405213268,37.09213014256087,71.0,70.0,Rural,Grassland
658,2021_SJER_5__2_3.tif,neon_10m_linearized/2021_SJER_5__2_3.tif,neon_2.5m_linearized/2021_SJER_5__2_3.tif,EPSG:32611,259940.0,4108580.0,-119.70103978642248,37.09278949434452,71.0,70.0,Rural,Grassland
659,2021_SJER_5__3_0.tif,neon_10m_linearized/2021_SJER_5__3_0.tif,neon_2.5m_linearized/2021_SJER_5__3_0.tif,EPSG:32611,252260.0,4106020.0,-119.78651541931978,37.0677412628813,71.0,70.0,Rural,Grassland
660,2021_SJER_5__3_1.tif,neon_10m_linearized/2021_SJER_5__3_1.tif,neon_2.5m_linearized/2021_SJER_5__3_1.tif,EPSG:32611,254820.0,4106020.0,-119.757751734898,37.06841399732307,71.0,70.0,Rural,Grassland
661,2021_SJER_5__3_2.tif,neon_10m_linearized/2021_SJER_5__3_2.tif,neon_2.5m_linearized/2021_SJER_5__3_2.tif,EPSG:32611,257380.0,4106020.0,-119.72898710026148,37.06907976688837,71.0,70.0,Rural,Grassland
662,2021_SJER_5__3_3.tif,neon_10m_linearized/2021_SJER_5__3_3.tif,neon_2.5m_linearized/2021_SJER_5__3_3.tif,EPSG:32611,259940.0,4106020.0,-119.7002215252672,37.0697385708621,71.0,70.0,Rural,Grassland
663,2021_SJER_5__4_0.tif,neon_10m_linearized/2021_SJER_5__4_0.tif,neon_2.5m_linearized/2021_SJER_5__4_0.tif,EPSG:32611,252260.0,4103460.0,-119.78567204945293,37.04469189391638,71.0,70.0,Rural,Grassland
664,2021_SJER_5__4_1.tif,neon_10m_linearized/2021_SJER_5__4_1.tif,neon_2.5m_linearized/2021_SJER_5__4_1.tif,EPSG:32611,254820.0,4103460.0,-119.75691704364412,37.04536406931693,71.0,70.0,Rural,Grassland
665,2021_SJER_5__4_2.tif,neon_10m_linearized/2021_SJER_5__4_2.tif,neon_2.5m_linearized/2021_SJER_5__4_2.tif,EPSG:32611,257380.0,4103460.0,-119.72816108874838,37.04602928561919,71.0,70.0,Rural,Grassland
666,2021_SJER_5__4_3.tif,neon_10m_linearized/2021_SJER_5__4_3.tif,neon_2.5m_linearized/2021_SJER_5__4_3.tif,EPSG:32611,259940.0,4103460.0,-119.69940419461106,37.04668754210895,71.0,70.0,Rural,Grassland
667,2021_SOAP_5__0_2.tif,neon_10m_linearized/2021_SOAP_5__0_2.tif,neon_2.5m_linearized/2021_SOAP_5__0_2.tif,EPSG:32611,298420.0,4109740.0,-119.26873170971469,37.112308295733406,42.0,40.0,Forest,Evergreen
668,2021_SOAP_5__1_1.tif,neon_10m_linearized/2021_SOAP_5__1_1.tif,neon_2.5m_linearized/2021_SOAP_5__1_1.tif,EPSG:32611,295860.0,4107180.0,-119.29682631746654,37.08869565082846,42.0,40.0,Forest,Evergreen
669,2021_SOAP_5__1_2.tif,neon_10m_linearized/2021_SOAP_5__1_2.tif,neon_2.5m_linearized/2021_SOAP_5__1_2.tif,EPSG:32611,298420.0,4107180.0,-119.26804385293543,37.08924988094863,42.0,40.0,Forest,Evergreen
670,2021_SOAP_5__1_3.tif,neon_10m_linearized/2021_SOAP_5__1_3.tif,neon_2.5m_linearized/2021_SOAP_5__1_3.tif,EPSG:32611,300980.0,4107180.0,-119.23926060590652,37.08979713240432,42.0,40.0,Forest,Evergreen
671,2021_SOAP_5__1_4.tif,neon_10m_linearized/2021_SOAP_5__1_4.tif,neon_2.5m_linearized/2021_SOAP_5__1_4.tif,EPSG:32611,303540.0,4107180.0,-119.2104765862736,37.09033740460704,42.0,40.0,Forest,Evergreen
672,2021_SOAP_5__1_5.tif,neon_10m_linearized/2021_SOAP_5__1_5.tif,neon_2.5m_linearized/2021_SOAP_5__1_5.tif,EPSG:32611,306100.0,4107180.0,-119.18169180393232,37.09087069697576,52.0,50.0,Rural,ShrubScrub
673,2021_SOAP_5__2_0.tif,neon_10m_linearized/2021_SOAP_5__2_0.tif,neon_2.5m_linearized/2021_SOAP_5__2_0.tif,EPSG:32611,293300.0,4104620.0,-119.32490351485248,37.065076854128606,71.0,70.0,Rural,Grassland
674,2021_SOAP_5__2_1.tif,neon_10m_linearized/2021_SOAP_5__2_1.tif,neon_2.5m_linearized/2021_SOAP_5__2_1.tif,EPSG:32611,295860.0,4104620.0,-119.2961305424777,37.065637595884176,42.0,40.0,Forest,Evergreen
675,2021_SOAP_5__2_2.tif,neon_10m_linearized/2021_SOAP_5__2_2.tif,neon_2.5m_linearized/2021_SOAP_5__2_2.tif,EPSG:32611,298420.0,4104620.0,-119.26735677865436,37.06619136536416,42.0,40.0,Forest,Evergreen
676,2021_SOAP_5__2_4.tif,neon_10m_linearized/2021_SOAP_5__2_4.tif,neon_2.5m_linearized/2021_SOAP_5__2_4.tif,EPSG:32611,303540.0,4104620.0,-119.20980691618573,37.06727798512401,42.0,40.0,Forest,Evergreen
677,2021_SOAP_5__2_5.tif,neon_10m_linearized/2021_SOAP_5__2_5.tif,neon_2.5m_linearized/2021_SOAP_5__2_5.tif,EPSG:32611,306100.0,4104620.0,-119.18103083730637,37.06781083423585,42.0,40.0,Forest,Evergreen
678,2021_SOAP_5__3_0.tif,neon_10m_linearized/2021_SOAP_5__3_0.tif,neon_2.5m_linearized/2021_SOAP_5__3_0.tif,EPSG:32611,293300.0,4102060.0,-119.324199841425,37.04201916430156,71.0,70.0,Rural,Grassland
679,2021_SOAP_5__3_1.tif,neon_10m_linearized/2021_SOAP_5__3_1.tif,neon_2.5m_linearized/2021_SOAP_5__3_1.tif,EPSG:32611,295860.0,4102060.0,-119.2954355589377,37.04257943990165,42.0,40.0,Forest,Evergreen
680,2021_SOAP_5__3_2.tif,neon_10m_linearized/2021_SOAP_5__3_2.tif,neon_2.5m_linearized/2021_SOAP_5__3_2.tif,EPSG:32611,298420.0,4102060.0,-119.26667048594165,37.04313274901568,42.0,40.0,Forest,Evergreen
681,2021_SOAP_5__3_3.tif,neon_10m_linearized/2021_SOAP_5__3_3.tif,neon_2.5m_linearized/2021_SOAP_5__3_3.tif,EPSG:32611,300980.0,4102060.0,-119.2379046323056,37.043679091049206,42.0,40.0,Forest,Evergreen
682,2021_SOAP_5__3_4.tif,neon_10m_linearized/2021_SOAP_5__3_4.tif,neon_2.5m_linearized/2021_SOAP_5__3_4.tif,EPSG:32611,303540.0,4102060.0,-119.20913800790012,37.04421846541519,42.0,40.0,Forest,Evergreen
683,2021_SOAP_5__3_5.tif,neon_10m_linearized/2021_SOAP_5__3_5.tif,neon_2.5m_linearized/2021_SOAP_5__3_5.tif,EPSG:32611,306100.0,4102060.0,-119.18037062259728,37.04475087153409,42.0,40.0,Forest,Evergreen
684,2021_SOAP_5__5_0.tif,neon_10m_linearized/2021_SOAP_5__5_0.tif,neon_2.5m_linearized/2021_SOAP_5__5_0.tif,EPSG:32611,293300.0,4096940.0,-119.3227948947487,36.99590348084585,42.0,40.0,Forest,Evergreen
685,2021_SOAP_5__5_1.tif,neon_10m_linearized/2021_SOAP_5__5_1.tif,neon_2.5m_linearized/2021_SOAP_5__5_1.tif,EPSG:32611,295860.0,4096940.0,-119.29404796244668,36.99646282496643,42.0,40.0,Forest,Evergreen
686,2021_SOAP_5__5_2.tif,neon_10m_linearized/2021_SOAP_5__5_2.tif,neon_2.5m_linearized/2021_SOAP_5__5_2.tif,EPSG:32611,298420.0,4096940.0,-119.26530024151045,36.99701521416973,42.0,40.0,Forest,Evergreen
687,2021_SOAP_5__5_4.tif,neon_10m_linearized/2021_SOAP_5__5_4.tif,neon_2.5m_linearized/2021_SOAP_5__5_4.tif,EPSG:32611,303540.0,4096940.0,-119.20780247311872,36.99809912545997,42.0,40.0,Forest,Evergreen
688,2021_SRER_4__1_2.tif,neon_10m_linearized/2021_SRER_4__1_2.tif,neon_2.5m_linearized/2021_SRER_4__1_2.tif,EPSG:32612,507400.0,3531180.0,-110.9217269876725,31.916472198237752,52.0,50.0,Rural,ShrubScrub
689,2021_SRER_4__1_4.tif,neon_10m_linearized/2021_SRER_4__1_4.tif,neon_2.5m_linearized/2021_SRER_4__1_4.tif,EPSG:32612,512520.0,3531180.0,-110.86757062352096,31.91642729468204,52.0,50.0,Rural,ShrubScrub
690,2021_SRER_4__1_5.tif,neon_10m_linearized/2021_SRER_4__1_5.tif,neon_2.5m_linearized/2021_SRER_4__1_5.tif,EPSG:32612,515080.0,3531180.0,-110.84049249448957,31.91639618686468,52.0,50.0,Rural,ShrubScrub
691,2021_SRER_4__1_7.tif,neon_10m_linearized/2021_SRER_4__1_7.tif,neon_2.5m_linearized/2021_SRER_4__1_7.tif,EPSG:32612,520200.0,3531180.0,-110.78633638131296,31.91631665930487,52.0,50.0,Rural,ShrubScrub
692,2021_SRER_4__1_8.tif,neon_10m_linearized/2021_SRER_4__1_8.tif,neon_2.5m_linearized/2021_SRER_4__1_8.tif,EPSG:32612,522760.0,3531180.0,-110.75925841268648,31.916268239641163,52.0,50.0,Rural,ShrubScrub
693,2021_SRER_4__2_2.tif,neon_10m_linearized/2021_SRER_4__2_2.tif,neon_2.5m_linearized/2021_SRER_4__2_2.tif,EPSG:32612,507400.0,3528620.0,-110.92174653356216,31.89337602997581,52.0,50.0,Rural,ShrubScrub
694,2021_SRER_4__2_4.tif,neon_10m_linearized/2021_SRER_4__2_4.tif,neon_2.5m_linearized/2021_SRER_4__2_4.tif,EPSG:32612,512520.0,3528620.0,-110.867603692952,31.893331166527805,52.0,50.0,Rural,ShrubScrub
695,2021_SRER_4__2_5.tif,neon_10m_linearized/2021_SRER_4__2_5.tif,neon_2.5m_linearized/2021_SRER_4__2_5.tif,EPSG:32612,515080.0,3528620.0,-110.8405323256368,31.893300086495817,52.0,50.0,Rural,ShrubScrub
696,2021_SRER_4__2_6.tif,neon_10m_linearized/2021_SRER_4__2_6.tif,neon_2.5m_linearized/2021_SRER_4__2_6.tif,EPSG:32612,517640.0,3528620.0,-110.8134610039835,31.893263240964263,52.0,50.0,Rural,ShrubScrub
697,2021_SRER_4__2_8.tif,neon_10m_linearized/2021_SRER_4__2_8.tif,neon_2.5m_linearized/2021_SRER_4__2_8.tif,EPSG:32612,522760.0,3528620.0,-110.7593185286684,31.89317225355405,52.0,50.0,Rural,ShrubScrub
698,2021_SRER_4__3_2.tif,neon_10m_linearized/2021_SRER_4__3_2.tif,neon_2.5m_linearized/2021_SRER_4__3_2.tif,EPSG:32612,507400.0,3526060.0,-110.9217660570446,31.870279777671907,52.0,50.0,Rural,ShrubScrub
699,2021_SRER_4__3_4.tif,neon_10m_linearized/2021_SRER_4__3_4.tif,neon_2.5m_linearized/2021_SRER_4__3_4.tif,EPSG:32612,512520.0,3526060.0,-110.86763672447265,31.87023495431201,52.0,50.0,Rural,ShrubScrub
700,2021_SRER_4__3_5.tif,neon_10m_linearized/2021_SRER_4__3_5.tif,neon_2.5m_linearized/2021_SRER_4__3_5.tif,EPSG:32612,515080.0,3526060.0,-110.84057211112209,31.87020390205181,52.0,50.0,Rural,ShrubScrub
701,2021_SRER_4__3_6.tif,neon_10m_linearized/2021_SRER_4__3_6.tif,neon_2.5m_linearized/2021_SRER_4__3_6.tif,EPSG:32612,517640.0,3526060.0,-110.81350754338654,31.87016708944384,52.0,50.0,Rural,ShrubScrub
702,2021_SRER_4__3_7.tif,neon_10m_linearized/2021_SRER_4__3_7.tif,neon_2.5m_linearized/2021_SRER_4__3_7.tif,EPSG:32612,520200.0,3526060.0,-110.7864430290095,31.87012451652452,52.0,50.0,Rural,ShrubScrub
703,2021_SRER_4__3_8.tif,neon_10m_linearized/2021_SRER_4__3_8.tif,neon_2.5m_linearized/2021_SRER_4__3_8.tif,EPSG:32612,522760.0,3526060.0,-110.75937857573436,31.870076183335936,52.0,50.0,Rural,ShrubScrub
704,2021_SRER_4__4_1.tif,neon_10m_linearized/2021_SRER_4__4_1.tif,neon_2.5m_linearized/2021_SRER_4__4_1.tif,EPSG:32612,504840.0,3523500.0,-110.94884351556306,31.847197200104155,52.0,50.0,Rural,ShrubScrub
705,2021_SRER_4__4_2.tif,neon_10m_linearized/2021_SRER_4__4_2.tif,neon_2.5m_linearized/2021_SRER_4__4_2.tif,EPSG:32612,507400.0,3523500.0,-110.92178555814282,31.847183441359032,52.0,50.0,Rural,ShrubScrub
706,2021_SRER_4__4_4.tif,neon_10m_linearized/2021_SRER_4__4_4.tif,neon_2.5m_linearized/2021_SRER_4__4_4.tif,EPSG:32612,512520.0,3523500.0,-110.86766971812172,31.847138658067664,52.0,50.0,Rural,ShrubScrub
707,2021_SRER_4__4_5.tif,neon_10m_linearized/2021_SRER_4__4_5.tif,neon_2.5m_linearized/2021_SRER_4__4_5.tif,EPSG:32612,515080.0,3523500.0,-110.84061185099227,31.8471076335657,52.0,50.0,Rural,ShrubScrub
708,2021_SRER_4__4_6.tif,neon_10m_linearized/2021_SRER_4__4_6.tif,neon_2.5m_linearized/2021_SRER_4__4_6.tif,EPSG:32612,517640.0,3523500.0,-110.81355402943105,31.847070853865223,52.0,50.0,Rural,ShrubScrub
709,2021_SRER_4__4_7.tif,neon_10m_linearized/2021_SRER_4__4_7.tif,neon_2.5m_linearized/2021_SRER_4__4_7.tif,EPSG:32612,520200.0,3523500.0,-110.78649626117353,31.84702831900261,52.0,50.0,Rural,ShrubScrub
710,2021_SRER_4__4_8.tif,neon_10m_linearized/2021_SRER_4__4_8.tif,neon_2.5m_linearized/2021_SRER_4__4_8.tif,EPSG:32612,522760.0,3523500.0,-110.75943855395516,31.84698002901993,52.0,50.0,Rural,ShrubScrub
711,2021_SRER_4__5_0.tif,neon_10m_linearized/2021_SRER_4__5_0.tif,neon_2.5m_linearized/2021_SRER_4__5_0.tif,EPSG:32612,502280.0,3520940.0,-110.97590748917447,31.82410876381176,52.0,50.0,Rural,ShrubScrub
712,2021_SRER_4__5_1.tif,neon_10m_linearized/2021_SRER_4__5_1.tif,neon_2.5m_linearized/2021_SRER_4__5_1.tif,EPSG:32612,504840.0,3520940.0,-110.94885625572188,31.8241007675111,52.0,50.0,Rural,ShrubScrub
713,2021_SRER_4__5_2.tif,neon_10m_linearized/2021_SRER_4__5_2.tif,neon_2.5m_linearized/2021_SRER_4__5_2.tif,EPSG:32612,507400.0,3520940.0,-110.9218050368798,31.82408702107023,52.0,50.0,Rural,ShrubScrub
714,2021_SRER_4__5_4.tif,neon_10m_linearized/2021_SRER_4__5_4.tif,neon_2.5m_linearized/2021_SRER_4__5_4.tif,EPSG:32612,512520.0,3520940.0,-110.86770267393824,31.82404227782783,52.0,50.0,Rural,ShrubScrub
715,2021_SRER_4__5_5.tif,neon_10m_linearized/2021_SRER_4__5_5.tif,neon_2.5m_linearized/2021_SRER_4__5_5.tif,EPSG:32612,515080.0,3520940.0,-110.84065154529428,31.82401128107056,52.0,50.0,Rural,ShrubScrub
716,2021_SRER_4__5_6.tif,neon_10m_linearized/2021_SRER_4__5_6.tif,neon_2.5m_linearized/2021_SRER_4__5_6.tif,EPSG:32612,517640.0,3520940.0,-110.8136004621718,31.82397453426154,52.0,50.0,Rural,ShrubScrub
717,2021_SRER_4__5_7.tif,neon_10m_linearized/2021_SRER_4__5_7.tif,neon_2.5m_linearized/2021_SRER_4__5_7.tif,EPSG:32612,520200.0,3520940.0,-110.7865494322984,31.82393203743708,52.0,50.0,Rural,ShrubScrub
718,2021_SRER_4__5_8.tif,neon_10m_linearized/2021_SRER_4__5_8.tif,neon_2.5m_linearized/2021_SRER_4__5_8.tif,EPSG:32612,522760.0,3520940.0,-110.7594984634015,31.823883790639208,52.0,50.0,Rural,ShrubScrub
719,2021_SRER_4__6_1.tif,neon_10m_linearized/2021_SRER_4__6_1.tif,neon_2.5m_linearized/2021_SRER_4__6_1.tif,EPSG:32612,504840.0,3518380.0,-110.94886898127028,31.801004250981222,52.0,50.0,Rural,ShrubScrub
720,2021_SRER_4__6_2.tif,neon_10m_linearized/2021_SRER_4__6_2.tif,neon_2.5m_linearized/2021_SRER_4__6_2.tif,EPSG:32612,507400.0,3518380.0,-110.92182449327844,31.80099051683858,52.0,50.0,Rural,ShrubScrub
721,2021_SRER_4__6_5.tif,neon_10m_linearized/2021_SRER_4__6_5.tif,neon_2.5m_linearized/2021_SRER_4__6_5.tif,EPSG:32612,515080.0,3518380.0,-110.8406911940748,31.80091484459954,52.0,50.0,Rural,ShrubScrub
722,2021_SRER_4__6_6.tif,neon_10m_linearized/2021_SRER_4__6_6.tif,neon_2.5m_linearized/2021_SRER_4__6_6.tif,EPSG:32612,517640.0,3518380.0,-110.8136468416635,31.80087813066594,52.0,50.0,Rural,ShrubScrub
723,2021_SRER_4__6_7.tif,neon_10m_linearized/2021_SRER_4__6_7.tif,neon_2.5m_linearized/2021_SRER_4__6_7.tif,EPSG:32612,520200.0,3518380.0,-110.78660254244669,31.80083567186109,52.0,50.0,Rural,ShrubScrub
724,2021_SRER_4__6_8.tif,neon_10m_linearized/2021_SRER_4__6_8.tif,neon_2.5m_linearized/2021_SRER_4__6_8.tif,EPSG:32612,522760.0,3518380.0,-110.75955830414388,31.800787468227,71.0,70.0,Rural,Grassland
725,2021_SRER_4__7_1.tif,neon_10m_linearized/2021_SRER_4__7_1.tif,neon_2.5m_linearized/2021_SRER_4__7_1.tif,EPSG:32612,504840.0,3515820.0,-110.94888169222313,31.77790765054765,52.0,50.0,Rural,ShrubScrub
726,2021_SRER_4__7_5.tif,neon_10m_linearized/2021_SRER_4__7_5.tif,neon_2.5m_linearized/2021_SRER_4__7_5.tif,EPSG:32612,515080.0,3515820.0,-110.8407307973805,31.77781832418586,71.0,70.0,Rural,Grassland
727,2021_SRER_4__7_6.tif,neon_10m_linearized/2021_SRER_4__7_6.tif,neon_2.5m_linearized/2021_SRER_4__7_6.tif,EPSG:32612,517640.0,3515820.0,-110.81369316796072,31.77778164311165,71.0,70.0,Rural,Grassland
728,2021_SRER_4__7_7.tif,neon_10m_linearized/2021_SRER_4__7_7.tif,neon_2.5m_linearized/2021_SRER_4__7_7.tif,EPSG:32612,520200.0,3515820.0,-110.78665559168093,31.77773922230792,71.0,70.0,Rural,Grassland
729,2021_SRER_4__7_8.tif,neon_10m_linearized/2021_SRER_4__7_8.tif,neon_2.5m_linearized/2021_SRER_4__7_8.tif,EPSG:32612,522760.0,3515820.0,-110.75961807625274,31.77769106181656,71.0,70.0,Rural,Grassland
730,2021_SRER_4__8_6.tif,neon_10m_linearized/2021_SRER_4__8_6.tif,neon_2.5m_linearized/2021_SRER_4__8_6.tif,EPSG:32612,517640.0,3513260.0,-110.81373944111796,31.75468507163196,42.0,40.0,Forest,Evergreen
731,2021_SRER_4__8_7.tif,neon_10m_linearized/2021_SRER_4__8_7.tif,neon_2.5m_linearized/2021_SRER_4__8_7.tif,EPSG:32612,520200.0,3513260.0,-110.7867085800635,31.754642688810844,42.0,40.0,Forest,Evergreen
732,2021_SRER_4__9_5.tif,neon_10m_linearized/2021_SRER_4__9_5.tif,neon_2.5m_linearized/2021_SRER_4__9_5.tif,EPSG:32612,515080.0,3510700.0,-110.84080986775372,31.73162503166354,42.0,40.0,Forest,Evergreen
733,2021_SRER_4__9_6.tif,neon_10m_linearized/2021_SRER_4__9_6.tif,neon_2.5m_linearized/2021_SRER_4__9_6.tif,EPSG:32612,517640.0,3510700.0,-110.8137856611896,31.73158841626021,42.0,40.0,Forest,Evergreen
734,2021_TALL_6__1_0.tif,neon_10m_linearized/2021_TALL_6__1_0.tif,neon_2.5m_linearized/2021_TALL_6__1_0.tif,EPSG:32616,456260.0,3648180.0,-87.4680742793406,32.971097035866315,41.0,40.0,Forest,Deciduous
735,2021_TALL_6__1_1.tif,neon_10m_linearized/2021_TALL_6__1_1.tif,neon_2.5m_linearized/2021_TALL_6__1_1.tif,EPSG:32616,458820.0,3648180.0,-87.44067970925923,32.97119669743889,41.0,40.0,Forest,Deciduous
736,2021_TALL_6__1_2.tif,neon_10m_linearized/2021_TALL_6__1_2.tif,neon_2.5m_linearized/2021_TALL_6__1_2.tif,EPSG:32616,461380.0,3648180.0,-87.41328500826042,32.971290350716906,43.0,40.0,Forest,Mixed
737,2021_TALL_6__1_3.tif,neon_10m_linearized/2021_TALL_6__1_3.tif,neon_2.5m_linearized/2021_TALL_6__1_3.tif,EPSG:32616,463940.0,3648180.0,-87.38589018448164,32.97137799560622,41.0,40.0,Forest,Deciduous
738,2021_TALL_6__2_1.tif,neon_10m_linearized/2021_TALL_6__2_1.tif,neon_2.5m_linearized/2021_TALL_6__2_1.tif,EPSG:32616,458820.0,3645620.0,-87.44056510543523,32.94810506464409,41.0,40.0,Forest,Deciduous
739,2021_TALL_6__2_2.tif,neon_10m_linearized/2021_TALL_6__2_2.tif,neon_2.5m_linearized/2021_TALL_6__2_2.tif,EPSG:32616,461380.0,3645620.0,-87.4131775282329,32.94819863573522,41.0,40.0,Forest,Deciduous
740,2021_TALL_6__3_3.tif,neon_10m_linearized/2021_TALL_6__3_3.tif,neon_2.5m_linearized/2021_TALL_6__3_3.tif,EPSG:32616,463940.0,3643060.0,-87.38568958680068,32.925194326068386,41.0,40.0,Forest,Deciduous
741,2022_ABBY_5__0_4.tif,neon_10m_linearized/2022_ABBY_5__0_4.tif,neon_2.5m_linearized/2022_ABBY_5__0_4.tif,EPSG:32610,557520.0,5073700.0,-122.25962782597104,45.8144639291606,42.0,40.0,Forest,Evergreen
742,2022_ABBY_5__1_0.tif,neon_10m_linearized/2022_ABBY_5__1_0.tif,neon_2.5m_linearized/2022_ABBY_5__1_0.tif,EPSG:32610,547280.0,5071140.0,-122.39167510795188,45.79220155505071,42.0,40.0,Forest,Evergreen
743,2022_ABBY_5__1_1.tif,neon_10m_linearized/2022_ABBY_5__1_1.tif,neon_2.5m_linearized/2022_ABBY_5__1_1.tif,EPSG:32610,549840.0,5071140.0,-122.35873907336894,45.79202144965379,42.0,40.0,Forest,Evergreen
744,2022_ABBY_5__1_2.tif,neon_10m_linearized/2022_ABBY_5__1_2.tif,neon_2.5m_linearized/2022_ABBY_5__1_2.tif,EPSG:32610,552400.0,5071140.0,-122.32580335991352,45.79183185101865,42.0,40.0,Forest,Evergreen
745,2022_ABBY_5__1_3.tif,neon_10m_linearized/2022_ABBY_5__1_3.tif,neon_2.5m_linearized/2022_ABBY_5__1_3.tif,EPSG:32610,554960.0,5071140.0,-122.29286798407308,45.79163275939331,42.0,40.0,Forest,Evergreen
746,2022_ABBY_5__1_4.tif,neon_10m_linearized/2022_ABBY_5__1_4.tif,neon_2.5m_linearized/2022_ABBY_5__1_4.tif,EPSG:32610,557520.0,5071140.0,-122.25993296233383,45.79142417503822,42.0,40.0,Forest,Evergreen
747,2022_ABBY_5__2_0.tif,neon_10m_linearized/2022_ABBY_5__2_0.tif,neon_2.5m_linearized/2022_ABBY_5__2_0.tif,EPSG:32610,547280.0,5068580.0,-122.3919256302462,45.76916108503251,42.0,40.0,Forest,Evergreen
748,2022_ABBY_5__2_1.tif,neon_10m_linearized/2022_ABBY_5__2_1.tif,neon_2.5m_linearized/2022_ABBY_5__2_1.tif,EPSG:32610,549840.0,5068580.0,-122.35900315728,45.76898112351106,42.0,40.0,Forest,Evergreen
749,2022_ABBY_5__2_2.tif,neon_10m_linearized/2022_ABBY_5__2_2.tif,neon_2.5m_linearized/2022_ABBY_5__2_2.tif,EPSG:32610,552400.0,5068580.0,-122.32608100496029,45.76879167633398,42.0,40.0,Forest,Evergreen
750,2022_ABBY_5__2_3.tif,neon_10m_linearized/2022_ABBY_5__2_3.tif,neon_2.5m_linearized/2022_ABBY_5__2_3.tif,EPSG:32610,554960.0,5068580.0,-122.29315918974972,45.76859274374893,42.0,40.0,Forest,Evergreen
751,2022_ABBY_5__2_4.tif,neon_10m_linearized/2022_ABBY_5__2_4.tif,neon_2.5m_linearized/2022_ABBY_5__2_4.tif,EPSG:32610,557520.0,5068580.0,-122.26023772811,45.768384326016005,42.0,40.0,Forest,Evergreen
752,2022_ABBY_5__3_0.tif,neon_10m_linearized/2022_ABBY_5__3_0.tif,neon_2.5m_linearized/2022_ABBY_5__3_0.tif,EPSG:32610,547280.0,5066020.0,-122.3921758483576,45.74612052062157,42.0,40.0,Forest,Evergreen
753,2022_ABBY_5__3_1.tif,neon_10m_linearized/2022_ABBY_5__3_1.tif,neon_2.5m_linearized/2022_ABBY_5__3_1.tif,EPSG:32610,549840.0,5066020.0,-122.35926692054444,45.74594070285811,42.0,40.0,Forest,Evergreen
754,2022_ABBY_5__3_2.tif,neon_10m_linearized/2022_ABBY_5__3_2.tif,neon_2.5m_linearized/2022_ABBY_5__3_2.tif,EPSG:32610,552400.0,5066020.0,-122.32635831289764,45.745751407015405,42.0,40.0,Forest,Evergreen
755,2022_ABBY_5__3_3.tif,neon_10m_linearized/2022_ABBY_5__3_3.tif,neon_2.5m_linearized/2022_ABBY_5__3_3.tif,EPSG:32610,554960.0,5066020.0,-122.2934500418554,45.74555263334081,42.0,40.0,Forest,Evergreen
756,2022_ABBY_5__3_4.tif,neon_10m_linearized/2022_ABBY_5__3_4.tif,neon_2.5m_linearized/2022_ABBY_5__3_4.tif,EPSG:32610,557520.0,5066020.0,-122.26054212385462,45.74534438209397,42.0,40.0,Forest,Evergreen
757,2022_ABBY_5__4_0.tif,neon_10m_linearized/2022_ABBY_5__4_0.tif,neon_2.5m_linearized/2022_ABBY_5__4_0.tif,EPSG:32610,547280.0,5063460.0,-122.39242576274152,45.72307986181712,42.0,40.0,Forest,Evergreen
758,2022_ABBY_5__4_1.tif,neon_10m_linearized/2022_ABBY_5__4_1.tif,neon_2.5m_linearized/2022_ABBY_5__4_1.tif,EPSG:32610,549840.0,5063460.0,-122.35953036364224,45.72290018769436,42.0,40.0,Forest,Evergreen
759,2022_ABBY_5__4_2.tif,neon_10m_linearized/2022_ABBY_5__4_2.tif,neon_2.5m_linearized/2022_ABBY_5__4_2.tif,EPSG:32610,552400.0,5063460.0,-122.32663528423038,45.72271104306257,42.0,40.0,Forest,Evergreen
760,2022_ABBY_5__4_3.tif,neon_10m_linearized/2022_ABBY_5__4_3.tif,neon_2.5m_linearized/2022_ABBY_5__4_3.tif,EPSG:32610,554960.0,5063460.0,-122.2937405409194,45.72251242816873,42.0,40.0,Forest,Evergreen
761,2022_ABBY_5__4_4.tif,neon_10m_linearized/2022_ABBY_5__4_4.tif,neon_2.5m_linearized/2022_ABBY_5__4_4.tif,EPSG:32610,557520.0,5063460.0,-122.26084615012168,45.72230434327217,42.0,40.0,Forest,Evergreen
762,2022_ARIK_4__1_3.tif,neon_10m_linearized/2022_ARIK_4__1_3.tif,neon_2.5m_linearized/2022_ARIK_4__1_3.tif,EPSG:32613,713960.0,4410180.0,-102.50031931843058,39.81469461585674,71.0,70.0,Rural,Grassland
763,2022_ARIK_4__2_0.tif,neon_10m_linearized/2022_ARIK_4__2_0.tif,neon_2.5m_linearized/2022_ARIK_4__2_0.tif,EPSG:32613,706280.0,4407620.0,-102.5907730594246,39.79354702159492,71.0,70.0,Rural,Grassland
764,2022_ARIK_4__2_2.tif,neon_10m_linearized/2022_ARIK_4__2_2.tif,neon_2.5m_linearized/2022_ARIK_4__2_2.tif,EPSG:32613,711400.0,4407620.0,-102.53102615173388,39.792290506777846,71.0,70.0,Rural,Grassland
765,2022_ARIK_4__2_3.tif,neon_10m_linearized/2022_ARIK_4__2_3.tif,neon_2.5m_linearized/2022_ARIK_4__2_3.tif,EPSG:32613,713960.0,4407620.0,-102.50115411450136,39.79165072721808,71.0,70.0,Rural,Grassland
766,2022_ARIK_4__2_4.tif,neon_10m_linearized/2022_ARIK_4__2_4.tif,neon_2.5m_linearized/2022_ARIK_4__2_4.tif,EPSG:32613,716520.0,4407620.0,-102.4712830369026,39.791003267187776,71.0,70.0,Rural,Grassland
767,2022_ARIK_4__2_5.tif,neon_10m_linearized/2022_ARIK_4__2_5.tif,neon_2.5m_linearized/2022_ARIK_4__2_5.tif,EPSG:32613,719080.0,4407620.0,-102.4414129303536,39.790348127420486,71.0,70.0,Rural,Grassland
768,2022_ARIK_4__3_0.tif,neon_10m_linearized/2022_ARIK_4__3_0.tif,neon_2.5m_linearized/2022_ARIK_4__3_0.tif,EPSG:32613,706280.0,4405060.0,-102.59157706285228,39.770501486186085,71.0,70.0,Rural,Grassland
769,2022_ARIK_4__3_1.tif,neon_10m_linearized/2022_ARIK_4__3_1.tif,neon_2.5m_linearized/2022_ARIK_4__3_1.tif,EPSG:32613,708840.0,4405060.0,-102.56171308614717,39.76987757696166,71.0,70.0,Rural,Grassland
770,2022_ARIK_4__3_2.tif,neon_10m_linearized/2022_ARIK_4__3_2.tif,neon_2.5m_linearized/2022_ARIK_4__3_2.tif,EPSG:32613,711400.0,4405060.0,-102.53185004504036,39.76924599205653,71.0,70.0,Rural,Grassland
771,2022_ARIK_4__3_3.tif,neon_10m_linearized/2022_ARIK_4__3_3.tif,neon_2.5m_linearized/2022_ARIK_4__3_3.tif,EPSG:32613,713960.0,4405060.0,-102.501987950938,39.768606732186,71.0,70.0,Rural,Grassland
772,2022_ARIK_4__3_4.tif,neon_10m_linearized/2022_ARIK_4__3_4.tif,neon_2.5m_linearized/2022_ARIK_4__3_4.tif,EPSG:32613,716520.0,4405060.0,-102.47212681524388,39.76795979807401,71.0,70.0,Rural,Grassland
773,2022_ARIK_4__3_5.tif,neon_10m_linearized/2022_ARIK_4__3_5.tif,neon_2.5m_linearized/2022_ARIK_4__3_5.tif,EPSG:32613,719080.0,4405060.0,-102.4422666493594,39.767305190453165,71.0,70.0,Rural,Grassland
774,2022_ARIK_4__4_0.tif,neon_10m_linearized/2022_ARIK_4__4_0.tif,neon_2.5m_linearized/2022_ARIK_4__4_0.tif,EPSG:32613,706280.0,4402500.0,-102.5923801420896,39.74745584543116,71.0,70.0,Rural,Grassland
775,2022_ARIK_4__4_1.tif,neon_10m_linearized/2022_ARIK_4__4_1.tif,neon_2.5m_linearized/2022_ARIK_4__4_1.tif,EPSG:32613,708840.0,4402500.0,-102.56252609951378,39.74683244310154,71.0,70.0,Rural,Grassland
776,2022_ARIK_4__4_2.tif,neon_10m_linearized/2022_ARIK_4__4_2.tif,neon_2.5m_linearized/2022_ARIK_4__4_2.tif,EPSG:32613,711400.0,4402500.0,-102.53267299134208,39.74620137131808,71.0,70.0,Rural,Grassland
777,2022_ARIK_4__4_3.tif,neon_10m_linearized/2022_ARIK_4__4_3.tif,neon_2.5m_linearized/2022_ARIK_4__4_3.tif,EPSG:32613,713960.0,4402500.0,-102.50282082896608,39.74556263079515,71.0,70.0,Rural,Grassland
778,2022_ARIK_4__4_4.tif,neon_10m_linearized/2022_ARIK_4__4_4.tif,neon_2.5m_linearized/2022_ARIK_4__4_4.tif,EPSG:32613,716520.0,4402500.0,-102.47296962377504,39.74491622225579,71.0,70.0,Rural,Grassland
779,2022_ARIK_4__4_5.tif,neon_10m_linearized/2022_ARIK_4__4_5.tif,neon_2.5m_linearized/2022_ARIK_4__4_5.tif,EPSG:32613,719080.0,4402500.0,-102.443119387156,39.74426214643163,71.0,70.0,Rural,Grassland
780,2022_ARIK_4__5_0.tif,neon_10m_linearized/2022_ARIK_4__5_0.tif,neon_2.5m_linearized/2022_ARIK_4__5_0.tif,EPSG:32613,706280.0,4399940.0,-102.59318229831622,39.72441009936328,71.0,70.0,Rural,Grassland
781,2022_ARIK_4__5_1.tif,neon_10m_linearized/2022_ARIK_4__5_1.tif,neon_2.5m_linearized/2022_ARIK_4__5_1.tif,EPSG:32613,708840.0,4399940.0,-102.5633381784759,39.7237872035955,71.0,70.0,Rural,Grassland
782,2022_ARIK_4__5_2.tif,neon_10m_linearized/2022_ARIK_4__5_2.tif,neon_2.5m_linearized/2022_ARIK_4__5_2.tif,EPSG:32613,711400.0,4399940.0,-102.5334949918477,39.723156644596656,71.0,70.0,Rural,Grassland
783,2022_ARIK_4__5_3.tif,neon_10m_linearized/2022_ARIK_4__5_3.tif,neon_2.5m_linearized/2022_ARIK_4__5_3.tif,EPSG:32613,713960.0,4399940.0,-102.50365274980874,39.72251842308022,71.0,70.0,Rural,Grassland
784,2022_ARIK_4__5_4.tif,neon_10m_linearized/2022_ARIK_4__5_4.tif,neon_2.5m_linearized/2022_ARIK_4__5_4.tif,EPSG:32613,716520.0,4399940.0,-102.47381146373384,39.721872539768285,82.0,80.0,Rural,Crops
785,2022_ARIK_4__5_5.tif,neon_10m_linearized/2022_ARIK_4__5_5.tif,neon_2.5m_linearized/2022_ARIK_4__5_5.tif,EPSG:32613,719080.0,4399940.0,-102.44397114499554,39.72121899539156,71.0,70.0,Rural,Grassland
786,2022_ARIK_4__6_0.tif,neon_10m_linearized/2022_ARIK_4__6_0.tif,neon_2.5m_linearized/2022_ARIK_4__6_0.tif,EPSG:32613,706280.0,4397380.0,-102.59398353270971,39.70136424801564,82.0,80.0,Rural,Crops
787,2022_ARIK_4__6_1.tif,neon_10m_linearized/2022_ARIK_4__6_1.tif,neon_2.5m_linearized/2022_ARIK_4__6_1.tif,EPSG:32613,708840.0,4397380.0,-102.56414932422553,39.70074185847721,82.0,80.0,Rural,Crops
788,2022_ARIK_4__6_2.tif,neon_10m_linearized/2022_ARIK_4__6_2.tif,neon_2.5m_linearized/2022_ARIK_4__6_2.tif,EPSG:32613,711400.0,4397380.0,-102.53431604776372,39.70011181192644,71.0,70.0,Rural,Grassland
789,2022_ARIK_4__6_3.tif,neon_10m_linearized/2022_ARIK_4__6_3.tif,neon_2.5m_linearized/2022_ARIK_4__6_3.tif,EPSG:32613,713960.0,4397380.0,-102.50448371468696,39.69947410907589,71.0,70.0,Rural,Grassland
790,2022_ARIK_4__6_4.tif,neon_10m_linearized/2022_ARIK_4__6_4.tif,neon_2.5m_linearized/2022_ARIK_4__6_4.tif,EPSG:32613,716520.0,4397380.0,-102.47465233635567,39.698828750646726,82.0,80.0,Rural,Crops
791,2022_ARIK_4__6_5.tif,neon_10m_linearized/2022_ARIK_4__6_5.tif,neon_2.5m_linearized/2022_ARIK_4__6_5.tif,EPSG:32613,719080.0,4397380.0,-102.44482192412794,39.69817573736872,71.0,70.0,Rural,Grassland
792,2022_ARIK_4__7_0.tif,neon_10m_linearized/2022_ARIK_4__7_0.tif,neon_2.5m_linearized/2022_ARIK_4__7_0.tif,EPSG:32613,706280.0,4394820.0,-102.59478384644534,39.67831829142146,82.0,80.0,Rural,Crops
793,2022_ARIK_4__7_1.tif,neon_10m_linearized/2022_ARIK_4__7_1.tif,neon_2.5m_linearized/2022_ARIK_4__7_1.tif,EPSG:32613,708840.0,4394820.0,-102.56495953795236,39.67769640778037,82.0,80.0,Rural,Crops
794,2022_ARIK_4__7_2.tif,neon_10m_linearized/2022_ARIK_4__7_2.tif,neon_2.5m_linearized/2022_ARIK_4__7_2.tif,EPSG:32613,711400.0,4394820.0,-102.5351361602943,39.67706687334163,71.0,70.0,Rural,Grassland
795,2022_ARIK_4__7_3.tif,neon_10m_linearized/2022_ARIK_4__7_3.tif,neon_2.5m_linearized/2022_ARIK_4__7_3.tif,EPSG:32613,713960.0,4394820.0,-102.50531372481936,39.67642968881687,82.0,80.0,Rural,Crops
796,2022_ARIK_4__7_4.tif,neon_10m_linearized/2022_ARIK_4__7_4.tif,neon_2.5m_linearized/2022_ARIK_4__7_4.tif,EPSG:32613,716520.0,4394820.0,-102.47549224287356,39.67578485492632,82.0,80.0,Rural,Crops
797,2022_ARIK_4__7_5.tif,neon_10m_linearized/2022_ARIK_4__7_5.tif,neon_2.5m_linearized/2022_ARIK_4__7_5.tif,EPSG:32613,719080.0,4394820.0,-102.4456717258006,39.67513237239884,82.0,80.0,Rural,Crops
798,2022_BART_6__0_1.tif,neon_10m_linearized/2022_BART_6__0_1.tif,neon_2.5m_linearized/2022_BART_6__0_1.tif,EPSG:32619,315840.0,4884700.0,-71.30055056480872,44.09232007572607,41.0,40.0,Forest,Deciduous
799,2022_BART_6__0_2.tif,neon_10m_linearized/2022_BART_6__0_2.tif,neon_2.5m_linearized/2022_BART_6__0_2.tif,EPSG:32619,318400.0,4884700.0,-71.26859572019171,44.09295938346742,41.0,40.0,Forest,Deciduous
800,2022_BART_6__1_0.tif,neon_10m_linearized/2022_BART_6__1_0.tif,neon_2.5m_linearized/2022_BART_6__1_0.tif,EPSG:32619,313280.0,4882140.0,-71.33159926510382,44.06864230123473,43.0,40.0,Forest,Mixed
801,2022_BART_6__1_1.tif,neon_10m_linearized/2022_BART_6__1_1.tif,neon_2.5m_linearized/2022_BART_6__1_1.tif,EPSG:32619,315840.0,4882140.0,-71.29965785652416,44.06929002103598,43.0,40.0,Forest,Mixed
802,2022_BART_6__2_0.tif,neon_10m_linearized/2022_BART_6__2_0.tif,neon_2.5m_linearized/2022_BART_6__2_0.tif,EPSG:32619,313280.0,4879580.0,-71.33069526167712,44.04561265624107,41.0,40.0,Forest,Deciduous
803,2022_BART_6__2_1.tif,neon_10m_linearized/2022_BART_6__2_1.tif,neon_2.5m_linearized/2022_BART_6__2_1.tif,EPSG:32619,315840.0,4879580.0,-71.29876621058074,44.046259858763314,43.0,40.0,Forest,Mixed
804,2022_BART_6__3_0.tif,neon_10m_linearized/2022_BART_6__3_0.tif,neon_2.5m_linearized/2022_BART_6__3_0.tif,EPSG:32619,313280.0,4877020.0,-71.32979233374333,44.02258290329268,41.0,40.0,Forest,Deciduous
805,2022_BART_6__4_0.tif,neon_10m_linearized/2022_BART_6__4_0.tif,neon_2.5m_linearized/2022_BART_6__4_0.tif,EPSG:32619,313280.0,4874460.0,-71.32889047976578,43.9995530424147,42.0,40.0,Forest,Evergreen
806,2022_BLAN_5__0_2.tif,neon_10m_linearized/2022_BLAN_5__0_2.tif,neon_2.5m_linearized/2022_BLAN_5__0_2.tif,EPSG:32617,756400.0,4337740.0,-78.03292840035537,39.15111646165244,81.0,80.0,Rural,Pasture
807,2022_BLAN_5__0_3.tif,neon_10m_linearized/2022_BLAN_5__0_3.tif,neon_2.5m_linearized/2022_BLAN_5__0_3.tif,EPSG:32617,758960.0,4337740.0,-78.00334163005533,39.1503588116712,81.0,80.0,Rural,Pasture
808,2022_BLAN_5__0_4.tif,neon_10m_linearized/2022_BLAN_5__0_4.tif,neon_2.5m_linearized/2022_BLAN_5__0_4.tif,EPSG:32617,761520.0,4337740.0,-77.97375598028499,39.14959366347773,81.0,80.0,Rural,Pasture
809,2022_BLAN_5__1_0.tif,neon_10m_linearized/2022_BLAN_5__1_0.tif,neon_2.5m_linearized/2022_BLAN_5__1_0.tif,EPSG:32617,751280.0,4335180.0,-78.09305371516794,39.12957051504954,81.0,80.0,Rural,Pasture
810,2022_BLAN_5__1_1.tif,neon_10m_linearized/2022_BLAN_5__1_1.tif,neon_2.5m_linearized/2022_BLAN_5__1_1.tif,EPSG:32617,753840.0,4335180.0,-78.06347435404162,39.12882846979993,81.0,80.0,Rural,Pasture
811,2022_BLAN_5__1_2.tif,neon_10m_linearized/2022_BLAN_5__1_2.tif,neon_2.5m_linearized/2022_BLAN_5__1_2.tif,EPSG:32617,756400.0,4335180.0,-78.0338960900848,39.12807893075804,81.0,80.0,Rural,Pasture
812,2022_BLAN_5__1_3.tif,neon_10m_linearized/2022_BLAN_5__1_3.tif,neon_2.5m_linearized/2022_BLAN_5__1_3.tif,EPSG:32617,758960.0,4335180.0,-78.00431893427586,39.12732189876108,81.0,80.0,Rural,Pasture
813,2022_BLAN_5__1_4.tif,neon_10m_linearized/2022_BLAN_5__1_4.tif,neon_2.5m_linearized/2022_BLAN_5__1_4.tif,EPSG:32617,761520.0,4335180.0,-77.97474289759067,39.12655737465453,81.0,80.0,Rural,Pasture
814,2022_BLAN_5__2_0.tif,neon_10m_linearized/2022_BLAN_5__2_0.tif,neon_2.5m_linearized/2022_BLAN_5__2_0.tif,EPSG:32617,751280.0,4332620.0,-78.09400108556315,39.10653165586937,81.0,80.0,Rural,Pasture
815,2022_BLAN_5__2_1.tif,neon_10m_linearized/2022_BLAN_5__2_1.tif,neon_2.5m_linearized/2022_BLAN_5__2_1.tif,EPSG:32617,753840.0,4332620.0,-78.06443133071775,39.10579021600673,81.0,80.0,Rural,Pasture
816,2022_BLAN_5__2_2.tif,neon_10m_linearized/2022_BLAN_5__2_2.tif,neon_2.5m_linearized/2022_BLAN_5__2_2.tif,EPSG:32617,756400.0,4332620.0,-78.03486267166586,39.10504128845277,81.0,80.0,Rural,Pasture
817,2022_BLAN_5__2_3.tif,neon_10m_linearized/2022_BLAN_5__2_3.tif,neon_2.5m_linearized/2022_BLAN_5__2_3.tif,EPSG:32617,758960.0,4332620.0,-78.00529511937224,39.104284874043564,81.0,80.0,Rural,Pasture
818,2022_BLAN_5__2_4.tif,neon_10m_linearized/2022_BLAN_5__2_4.tif,neon_2.5m_linearized/2022_BLAN_5__2_4.tif,EPSG:32617,761520.0,4332620.0,-77.975728684799,39.10352097362355,81.0,80.0,Rural,Pasture
819,2022_BLAN_5__3_0.tif,neon_10m_linearized/2022_BLAN_5__3_0.tif,neon_2.5m_linearized/2022_BLAN_5__3_0.tif,EPSG:32617,751280.0,4330060.0,-78.09494737113172,39.08349268610278,81.0,80.0,Rural,Pasture
820,2022_BLAN_5__3_1.tif,neon_10m_linearized/2022_BLAN_5__3_1.tif,neon_2.5m_linearized/2022_BLAN_5__3_1.tif,EPSG:32617,753840.0,4330060.0,-78.06538721159994,39.08275185123896,81.0,80.0,Rural,Pasture
821,2022_BLAN_5__3_2.tif,neon_10m_linearized/2022_BLAN_5__3_2.tif,neon_2.5m_linearized/2022_BLAN_5__3_2.tif,EPSG:32617,756400.0,4330060.0,-78.03582814648827,39.082003534780846,81.0,80.0,Rural,Pasture
822,2022_BLAN_5__3_3.tif,neon_10m_linearized/2022_BLAN_5__3_3.tif,neon_2.5m_linearized/2022_BLAN_5__3_3.tif,EPSG:32617,758960.0,4330060.0,-78.00627018674777,39.08124773756346,81.0,80.0,Rural,Pasture
823,2022_BLAN_5__3_4.tif,neon_10m_linearized/2022_BLAN_5__3_4.tif,neon_2.5m_linearized/2022_BLAN_5__3_4.tif,EPSG:32617,761520.0,4330060.0,-77.97671334332695,39.08048446043016,41.0,40.0,Forest,Deciduous
824,2022_BLAN_5__4_0.tif,neon_10m_linearized/2022_BLAN_5__4_0.tif,neon_2.5m_linearized/2022_BLAN_5__4_0.tif,EPSG:32617,751280.0,4327500.0,-78.0958925732334,39.06045360579281,81.0,80.0,Rural,Pasture
825,2022_BLAN_5__4_1.tif,neon_10m_linearized/2022_BLAN_5__4_1.tif,neon_2.5m_linearized/2022_BLAN_5__4_1.tif,EPSG:32617,753840.0,4327500.0,-78.06634199806162,39.0597133755402,81.0,80.0,Rural,Pasture
826,2022_BLAN_5__4_2.tif,neon_10m_linearized/2022_BLAN_5__4_2.tif,neon_2.5m_linearized/2022_BLAN_5__4_2.tif,EPSG:32617,756400.0,4327500.0,-78.03679251593907,39.058965669786446,81.0,80.0,Rural,Pasture
827,2022_BLAN_5__4_3.tif,neon_10m_linearized/2022_BLAN_5__4_3.tif,neon_2.5m_linearized/2022_BLAN_5__4_3.tif,EPSG:32617,758960.0,4327500.0,-78.00724413780321,39.058210489365536,81.0,80.0,Rural,Pasture
828,2022_BLAN_5__4_4.tif,neon_10m_linearized/2022_BLAN_5__4_4.tif,neon_2.5m_linearized/2022_BLAN_5__4_4.tif,EPSG:32617,761520.0,4327500.0,-77.97769687458893,39.05744783511973,41.0,40.0,Forest,Deciduous
829,2022_BLAN_5__5_1.tif,neon_10m_linearized/2022_BLAN_5__5_1.tif,neon_2.5m_linearized/2022_BLAN_5__5_1.tif,EPSG:32617,753840.0,4324940.0,-78.06729569147359,39.0366747889541,81.0,80.0,Rural,Pasture
830,2022_BLAN_5__5_2.tif,neon_10m_linearized/2022_BLAN_5__5_2.tif,neon_2.5m_linearized/2022_BLAN_5__5_2.tif,EPSG:32617,756400.0,4324940.0,-78.03775578140272,39.035927693513806,81.0,80.0,Rural,Pasture
831,2022_BLAN_5__5_3.tif,neon_10m_linearized/2022_BLAN_5__5_3.tif,neon_2.5m_linearized/2022_BLAN_5__5_3.tif,EPSG:32617,758960.0,4324940.0,-78.00821697393665,39.0351731294946,41.0,40.0,Forest,Deciduous
832,2022_CHEQ_7__1_2.tif,neon_10m_linearized/2022_CHEQ_7__1_2.tif,neon_2.5m_linearized/2022_CHEQ_7__1_2.tif,EPSG:32615,728380.0,5079180.0,-90.05962913599707,45.82833803483984,90.0,90.0,Water,WoodyWetlands
833,2022_CLBJ_6__0_0.tif,neon_10m_linearized/2022_CLBJ_6__0_0.tif,neon_2.5m_linearized/2022_CLBJ_6__0_0.tif,EPSG:32614,624260.0,3698740.0,-97.663485600909,33.420829059584115,71.0,70.0,Rural,Grassland
834,2022_CLBJ_6__0_1.tif,neon_10m_linearized/2022_CLBJ_6__0_1.tif,neon_2.5m_linearized/2022_CLBJ_6__0_1.tif,EPSG:32614,626820.0,3698740.0,-97.6359575084228,33.420529367017934,71.0,70.0,Rural,Grassland
835,2022_CLBJ_6__0_2.tif,neon_10m_linearized/2022_CLBJ_6__0_2.tif,neon_2.5m_linearized/2022_CLBJ_6__0_2.tif,EPSG:32614,629380.0,3698740.0,-97.60842982743068,33.42022356826078,71.0,70.0,Rural,Grassland
836,2022_CLBJ_6__0_3.tif,neon_10m_linearized/2022_CLBJ_6__0_3.tif,neon_2.5m_linearized/2022_CLBJ_6__0_3.tif,EPSG:32614,631940.0,3698740.0,-97.58090256622596,33.41991166362208,71.0,70.0,Rural,Grassland
837,2022_CLBJ_6__0_4.tif,neon_10m_linearized/2022_CLBJ_6__0_4.tif,neon_2.5m_linearized/2022_CLBJ_6__0_4.tif,EPSG:32614,634500.0,3698740.0,-97.55337573310128,33.4195936534174,71.0,70.0,Rural,Grassland
838,2022_CLBJ_6__1_0.tif,neon_10m_linearized/2022_CLBJ_6__1_0.tif,neon_2.5m_linearized/2022_CLBJ_6__1_0.tif,EPSG:32614,624260.0,3696180.0,-97.66383914523712,33.39774471282607,71.0,70.0,Rural,Grassland
839,2022_CLBJ_6__1_1.tif,neon_10m_linearized/2022_CLBJ_6__1_1.tif,neon_2.5m_linearized/2022_CLBJ_6__1_1.tif,EPSG:32614,626820.0,3696180.0,-97.6363183292325,33.39744528135673,71.0,70.0,Rural,Grassland
840,2022_CLBJ_6__1_2.tif,neon_10m_linearized/2022_CLBJ_6__1_2.tif,neon_2.5m_linearized/2022_CLBJ_6__1_2.tif,EPSG:32614,629380.0,3696180.0,-97.60879792428013,33.3971397490144,71.0,70.0,Rural,Grassland
841,2022_CLBJ_6__1_3.tif,neon_10m_linearized/2022_CLBJ_6__1_3.tif,neon_2.5m_linearized/2022_CLBJ_6__1_3.tif,EPSG:32614,631940.0,3696180.0,-97.5812779386645,33.39682811610811,71.0,70.0,Rural,Grassland
842,2022_CLBJ_6__1_4.tif,neon_10m_linearized/2022_CLBJ_6__1_4.tif,neon_2.5m_linearized/2022_CLBJ_6__1_4.tif,EPSG:32614,634500.0,3696180.0,-97.55375838066934,33.39651038295308,71.0,70.0,Rural,Grassland
843,2022_CLBJ_6__2_1.tif,neon_10m_linearized/2022_CLBJ_6__2_1.tif,neon_2.5m_linearized/2022_CLBJ_6__2_1.tif,EPSG:32614,626820.0,3693620.0,-97.63667873898976,33.37436110623796,71.0,70.0,Rural,Grassland
844,2022_CLBJ_6__2_2.tif,neon_10m_linearized/2022_CLBJ_6__2_2.tif,neon_2.5m_linearized/2022_CLBJ_6__2_2.tif,EPSG:32614,629380.0,3693620.0,-97.6091656017927,33.374055840172346,41.0,40.0,Forest,Deciduous
845,2022_CLBJ_6__2_3.tif,neon_10m_linearized/2022_CLBJ_6__2_3.tif,neon_2.5m_linearized/2022_CLBJ_6__2_3.tif,EPSG:32614,631940.0,3693620.0,-97.58165288348248,33.373744478857645,41.0,40.0,Forest,Deciduous
846,2022_CLBJ_6__3_1.tif,neon_10m_linearized/2022_CLBJ_6__3_1.tif,neon_2.5m_linearized/2022_CLBJ_6__3_1.tif,EPSG:32614,626820.0,3691060.0,-97.63703873813569,33.35127684169575,71.0,70.0,Rural,Grassland
847,2022_CLBJ_6__3_3.tif,neon_10m_linearized/2022_CLBJ_6__3_3.tif,neon_2.5m_linearized/2022_CLBJ_6__3_3.tif,EPSG:32614,631940.0,3691060.0,-97.58202740113865,33.35066075190521,41.0,40.0,Forest,Deciduous
848,2022_CLBJ_6__4_0.tif,neon_10m_linearized/2022_CLBJ_6__4_0.tif,neon_2.5m_linearized/2022_CLBJ_6__4_0.tif,EPSG:32614,624260.0,3688500.0,-97.66489736334644,33.32849113675437,71.0,70.0,Rural,Grassland
849,2022_CLBJ_6__4_1.tif,neon_10m_linearized/2022_CLBJ_6__4_1.tif,neon_2.5m_linearized/2022_CLBJ_6__4_1.tif,EPSG:32614,626820.0,3688500.0,-97.63739832711047,33.32819248776427,71.0,70.0,Rural,Grassland
850,2022_CLBJ_6__4_2.tif,neon_10m_linearized/2022_CLBJ_6__4_2.tif,neon_2.5m_linearized/2022_CLBJ_6__4_2.tif,EPSG:32614,629380.0,3688500.0,-97.60989970060604,33.32788775383864,71.0,70.0,Rural,Grassland
851,2022_CUPE_2__1_0.tif,neon_10m_linearized/2022_CUPE_2__1_0.tif,neon_2.5m_linearized/2022_CUPE_2__1_0.tif,EPSG:32619,712280.0,2006160.0,-66.99357225353698,18.13392711885032,,,,
852,2022_CUPE_2__2_0.tif,neon_10m_linearized/2022_CUPE_2__2_0.tif,neon_2.5m_linearized/2022_CUPE_2__2_0.tif,EPSG:32619,712280.0,2003600.0,-66.99383577116595,18.11080275610982,,,,
853,2022_GRSM_7__0_8.tif,neon_10m_linearized/2022_GRSM_7__0_8.tif,neon_2.5m_linearized/2022_GRSM_7__0_8.tif,EPSG:32617,280780.0,3958720.0,-83.42440966217701,35.748097865957334,43.0,40.0,Forest,Mixed
854,2022_GRSM_7__1_10.tif,neon_10m_linearized/2022_GRSM_7__1_10.tif,neon_2.5m_linearized/2022_GRSM_7__1_10.tif,EPSG:32617,285900.0,3956160.0,-83.36714706589764,35.7261633702462,41.0,40.0,Forest,Deciduous
855,2022_GRSM_7__1_5.tif,neon_10m_linearized/2022_GRSM_7__1_5.tif,neon_2.5m_linearized/2022_GRSM_7__1_5.tif,EPSG:32617,273100.0,3956160.0,-83.50854920574955,35.72329703014049,43.0,40.0,Forest,Mixed
856,2022_GRSM_7__1_6.tif,neon_10m_linearized/2022_GRSM_7__1_6.tif,neon_2.5m_linearized/2022_GRSM_7__1_6.tif,EPSG:32617,275660.0,3956160.0,-83.48027038428455,35.72388357423075,43.0,40.0,Forest,Mixed
857,2022_GRSM_7__1_7.tif,neon_10m_linearized/2022_GRSM_7__1_7.tif,neon_2.5m_linearized/2022_GRSM_7__1_7.tif,EPSG:32617,278220.0,3956160.0,-83.4519907503424,35.72446348089145,43.0,40.0,Forest,Mixed
858,2022_GRSM_7__1_8.tif,neon_10m_linearized/2022_GRSM_7__1_8.tif,neon_2.5m_linearized/2022_GRSM_7__1_8.tif,EPSG:32617,280780.0,3956160.0,-83.42371031314676,35.72503674951413,43.0,40.0,Forest,Mixed
859,2022_GRSM_7__1_9.tif,neon_10m_linearized/2022_GRSM_7__1_9.tif,neon_2.5m_linearized/2022_GRSM_7__1_9.tif,EPSG:32617,283340.0,3956160.0,-83.39542908192287,35.72560337949725,41.0,40.0,Forest,Deciduous
860,2022_GRSM_7__2_0.tif,neon_10m_linearized/2022_GRSM_7__2_0.tif,neon_2.5m_linearized/2022_GRSM_7__2_0.tif,EPSG:32617,260300.0,3953600.0,-83.6491672255824,35.69720757922177,43.0,40.0,Forest,Mixed
861,2022_GRSM_7__2_1.tif,neon_10m_linearized/2022_GRSM_7__2_1.tif,neon_2.5m_linearized/2022_GRSM_7__2_1.tif,EPSG:32617,262860.0,3953600.0,-83.62090072926236,35.69782677826341,43.0,40.0,Forest,Mixed
862,2022_GRSM_7__2_11.tif,neon_10m_linearized/2022_GRSM_7__2_11.tif,neon_2.5m_linearized/2022_GRSM_7__2_11.tif,EPSG:32617,288460.0,3953600.0,-83.3381901180651,35.70365408680267,43.0,40.0,Forest,Mixed
863,2022_GRSM_7__2_2.tif,neon_10m_linearized/2022_GRSM_7__2_2.tif,neon_2.5m_linearized/2022_GRSM_7__2_2.tif,EPSG:32617,265420.0,3953600.0,-83.59263337535451,35.698439348610904,43.0,40.0,Forest,Mixed
864,2022_GRSM_7__2_3.tif,neon_10m_linearized/2022_GRSM_7__2_3.tif,neon_2.5m_linearized/2022_GRSM_7__2_3.tif,EPSG:32617,267980.0,3953600.0,-83.56436517306352,35.6990452896219,41.0,40.0,Forest,Deciduous
865,2022_GRSM_7__2_4.tif,neon_10m_linearized/2022_GRSM_7__2_4.tif,neon_2.5m_linearized/2022_GRSM_7__2_4.tif,EPSG:32617,270540.0,3953600.0,-83.53609613159581,35.699644600661046,43.0,40.0,Forest,Mixed
866,2022_GRSM_7__2_5.tif,neon_10m_linearized/2022_GRSM_7__2_5.tif,neon_2.5m_linearized/2022_GRSM_7__2_5.tif,EPSG:32617,273100.0,3953600.0,-83.50782626015945,35.70023728109984,41.0,40.0,Forest,Deciduous
867,2022_GRSM_7__2_6.tif,neon_10m_linearized/2022_GRSM_7__2_6.tif,neon_2.5m_linearized/2022_GRSM_7__2_6.tif,EPSG:32617,275660.0,3953600.0,-83.47955556796428,35.70082333031673,43.0,40.0,Forest,Mixed
868,2022_GRSM_7__2_7.tif,neon_10m_linearized/2022_GRSM_7__2_7.tif,neon_2.5m_linearized/2022_GRSM_7__2_7.tif,EPSG:32617,278220.0,3953600.0,-83.45128406422175,35.70140274769709,41.0,40.0,Forest,Deciduous
869,2022_GRSM_7__2_8.tif,neon_10m_linearized/2022_GRSM_7__2_8.tif,neon_2.5m_linearized/2022_GRSM_7__2_8.tif,EPSG:32617,280780.0,3953600.0,-83.423011758145,35.701975532633185,43.0,40.0,Forest,Mixed
870,2022_GRSM_7__3_0.tif,neon_10m_linearized/2022_GRSM_7__3_0.tif,neon_2.5m_linearized/2022_GRSM_7__3_0.tif,EPSG:32617,260300.0,3951040.0,-83.6484045147489,35.67415028574244,41.0,40.0,Forest,Deciduous
871,2022_GRSM_7__3_1.tif,neon_10m_linearized/2022_GRSM_7__3_1.tif,neon_2.5m_linearized/2022_GRSM_7__3_1.tif,EPSG:32617,262860.0,3951040.0,-83.6201461336892,35.674768962252784,41.0,40.0,Forest,Deciduous
872,2022_GRSM_7__3_10.tif,neon_10m_linearized/2022_GRSM_7__3_10.tif,neon_2.5m_linearized/2022_GRSM_7__3_10.tif,EPSG:32617,285900.0,3951040.0,-83.3657832604867,35.68003893544676,43.0,40.0,Forest,Mixed
873,2022_GRSM_7__3_3.tif,neon_10m_linearized/2022_GRSM_7__3_3.tif,neon_2.5m_linearized/2022_GRSM_7__3_3.tif,EPSG:32617,267980.0,3951040.0,-83.56362681094225,35.675986445307394,41.0,40.0,Forest,Deciduous
874,2022_GRSM_7__3_4.tif,neon_10m_linearized/2022_GRSM_7__3_4.tif,neon_2.5m_linearized/2022_GRSM_7__3_4.tif,EPSG:32617,270540.0,3951040.0,-83.53536588764511,35.67658525057554,41.0,40.0,Forest,Deciduous
875,2022_GRSM_7__3_5.tif,neon_10m_linearized/2022_GRSM_7__3_5.tif,neon_2.5m_linearized/2022_GRSM_7__3_5.tif,EPSG:32617,273100.0,3951040.0,-83.50710413532848,35.677177430831684,43.0,40.0,Forest,Mixed
876,2022_GRSM_7__3_6.tif,neon_10m_linearized/2022_GRSM_7__3_6.tif,neon_2.5m_linearized/2022_GRSM_7__3_6.tif,EPSG:32617,275660.0,3951040.0,-83.47884156319164,35.67776298545505,43.0,40.0,Forest,Mixed
877,2022_GRSM_7__3_7.tif,neon_10m_linearized/2022_GRSM_7__3_7.tif,neon_2.5m_linearized/2022_GRSM_7__3_7.tif,EPSG:32617,278220.0,3951040.0,-83.45057818043558,35.67834191383173,43.0,40.0,Forest,Mixed
878,2022_GRSM_7__3_8.tif,neon_10m_linearized/2022_GRSM_7__3_8.tif,neon_2.5m_linearized/2022_GRSM_7__3_8.tif,EPSG:32617,280780.0,3951040.0,-83.42231399626297,35.6789142153548,43.0,40.0,Forest,Mixed
879,2022_GRSM_7__4_1.tif,neon_10m_linearized/2022_GRSM_7__4_1.tif,neon_2.5m_linearized/2022_GRSM_7__4_1.tif,EPSG:32617,262860.0,3948480.0,-83.61939239472359,35.651711043907085,43.0,40.0,Forest,Mixed
880,2022_GRSM_7__4_10.tif,neon_10m_linearized/2022_GRSM_7__4_10.tif,neon_2.5m_linearized/2022_GRSM_7__4_10.tif,EPSG:32617,285900.0,3948480.0,-83.36510251892312,35.65697656829691,43.0,40.0,Forest,Mixed
881,2022_GRSM_7__4_2.tif,neon_10m_linearized/2022_GRSM_7__4_2.tif,neon_2.5m_linearized/2022_GRSM_7__4_2.tif,EPSG:32617,265420.0,3948480.0,-83.59114126410334,35.65232258065589,41.0,40.0,Forest,Deciduous
882,2022_GRSM_7__4_3.tif,neon_10m_linearized/2022_GRSM_7__4_3.tif,neon_2.5m_linearized/2022_GRSM_7__4_3.tif,EPSG:32617,267980.0,3948480.0,-83.56288928703842,35.65292749923864,43.0,40.0,Forest,Mixed
883,2022_GRSM_7__4_4.tif,neon_10m_linearized/2022_GRSM_7__4_4.tif,neon_2.5m_linearized/2022_GRSM_7__4_4.tif,EPSG:32617,270540.0,3948480.0,-83.53463647271423,35.65352579902151,41.0,40.0,Forest,Deciduous
884,2022_GRSM_7__4_5.tif,neon_10m_linearized/2022_GRSM_7__4_5.tif,neon_2.5m_linearized/2022_GRSM_7__4_5.tif,EPSG:32617,273100.0,3948480.0,-83.50638283031796,35.654117479377575,41.0,40.0,Forest,Deciduous
885,2022_GRSM_7__4_6.tif,neon_10m_linearized/2022_GRSM_7__4_6.tif,neon_2.5m_linearized/2022_GRSM_7__4_6.tif,EPSG:32617,275660.0,3948480.0,-83.47812836903847,35.65470253968683,43.0,40.0,Forest,Mixed
886,2022_GRSM_7__4_7.tif,neon_10m_linearized/2022_GRSM_7__4_7.tif,neon_2.5m_linearized/2022_GRSM_7__4_7.tif,EPSG:32617,278220.0,3948480.0,-83.44987309806628,35.65528097933615,42.0,40.0,Forest,Evergreen
887,2022_GRSM_7__5_1.tif,neon_10m_linearized/2022_GRSM_7__5_1.tif,neon_2.5m_linearized/2022_GRSM_7__5_1.tif,EPSG:32617,262860.0,3945920.0,-83.6186395113867,35.628653023269514,41.0,40.0,Forest,Deciduous
888,2022_GRSM_7__5_2.tif,neon_10m_linearized/2022_GRSM_7__5_2.tif,neon_2.5m_linearized/2022_GRSM_7__5_2.tif,EPSG:32617,265420.0,3945920.0,-83.59039647862943,35.62926404365653,43.0,40.0,Forest,Mixed
889,2022_GRSM_7__5_3.tif,neon_10m_linearized/2022_GRSM_7__5_3.tif,neon_2.5m_linearized/2022_GRSM_7__5_3.tif,EPSG:32617,267980.0,3945920.0,-83.56215260039409,35.629868451458,43.0,40.0,Forest,Mixed
890,2022_GRSM_7__5_4.tif,neon_10m_linearized/2022_GRSM_7__5_4.tif,neon_2.5m_linearized/2022_GRSM_7__5_4.tif,EPSG:32617,270540.0,3945920.0,-83.53390788585568,35.63046624604089,43.0,40.0,Forest,Mixed
891,2022_GRSM_7__5_5.tif,neon_10m_linearized/2022_GRSM_7__5_5.tif,neon_2.5m_linearized/2022_GRSM_7__5_5.tif,EPSG:32617,273100.0,3945920.0,-83.50566234419095,35.631057426779044,43.0,40.0,Forest,Mixed
892,2022_GRSM_7__5_7.tif,neon_10m_linearized/2022_GRSM_7__5_7.tif,neon_2.5m_linearized/2022_GRSM_7__5_7.tif,EPSG:32617,278220.0,3945920.0,-83.44916881619778,35.63221994425104,43.0,40.0,Forest,Mixed
893,2022_GRSM_7__6_2.tif,neon_10m_linearized/2022_GRSM_7__6_2.tif,neon_2.5m_linearized/2022_GRSM_7__6_2.tif,EPSG:32617,265420.0,3943360.0,-83.58965253863386,35.60620540469966,43.0,40.0,Forest,Mixed
894,2022_GRSM_7__6_3.tif,neon_10m_linearized/2022_GRSM_7__6_3.tif,neon_2.5m_linearized/2022_GRSM_7__6_3.tif,EPSG:32617,267980.0,3943360.0,-83.5614167500531,35.606809302007875,43.0,40.0,Forest,Mixed
895,2022_GRSM_7__6_4.tif,neon_10m_linearized/2022_GRSM_7__6_4.tif,neon_2.5m_linearized/2022_GRSM_7__6_4.tif,EPSG:32617,270540.0,3943360.0,-83.53318012612377,35.60740659167566,43.0,40.0,Forest,Mixed
896,2022_GRSM_7__6_5.tif,neon_10m_linearized/2022_GRSM_7__6_5.tif,neon_2.5m_linearized/2022_GRSM_7__6_5.tif,EPSG:32617,273100.0,3943360.0,-83.50494267601218,35.60799727307765,43.0,40.0,Forest,Mixed
897,2022_GRSM_7__6_7.tif,neon_10m_linearized/2022_GRSM_7__6_7.tif,neon_2.5m_linearized/2022_GRSM_7__6_7.tif,EPSG:32617,278220.0,3943360.0,-83.44846533391572,35.60915880861723,42.0,40.0,Forest,Evergreen
898,2022_GRSM_7__6_8.tif,neon_10m_linearized/2022_GRSM_7__6_8.tif,neon_2.5m_linearized/2022_GRSM_7__6_8.tif,EPSG:32617,280780.0,3943360.0,-83.42022546027177,35.60972966153851,43.0,40.0,Forest,Mixed
899,2022_GRSM_7__6_9.tif,neon_10m_linearized/2022_GRSM_7__6_9.tif,neon_2.5m_linearized/2022_GRSM_7__6_9.tif,EPSG:32617,283340.0,3943360.0,-83.39198479712731,35.610293903761374,43.0,40.0,Forest,Mixed
900,2022_GRSM_7__7_2.tif,neon_10m_linearized/2022_GRSM_7__7_2.tif,neon_2.5m_linearized/2022_GRSM_7__7_2.tif,EPSG:32617,265420.0,3940800.0,-83.58890944315172,35.58314666382811,43.0,40.0,Forest,Mixed
901,2022_GRSM_7__7_3.tif,neon_10m_linearized/2022_GRSM_7__7_3.tif,neon_2.5m_linearized/2022_GRSM_7__7_3.tif,EPSG:32617,267980.0,3940800.0,-83.56068173506094,35.58375005093067,43.0,40.0,Forest,Mixed
902,2022_GRSM_7__7_4.tif,neon_10m_linearized/2022_GRSM_7__7_4.tif,neon_2.5m_linearized/2022_GRSM_7__7_4.tif,EPSG:32617,270540.0,3940800.0,-83.53245319257438,35.584346835967835,43.0,40.0,Forest,Mixed
903,2022_GRSM_7__7_5.tif,neon_10m_linearized/2022_GRSM_7__7_5.tif,neon_2.5m_linearized/2022_GRSM_7__7_5.tif,EPSG:32617,273100.0,3940800.0,-83.50422382484795,35.58493701831503,43.0,40.0,Forest,Mixed
904,2022_GRSM_7__7_6.tif,neon_10m_linearized/2022_GRSM_7__7_6.tif,neon_2.5m_linearized/2022_GRSM_7__7_6.tif,EPSG:32617,275660.0,3940800.0,-83.4759936410392,35.58552059735454,42.0,40.0,Forest,Evergreen
905,2022_GRSM_7__8_2.tif,neon_10m_linearized/2022_GRSM_7__8_2.tif,neon_2.5m_linearized/2022_GRSM_7__8_2.tif,EPSG:32617,265420.0,3938240.0,-83.58816719121981,35.56008782108477,41.0,40.0,Forest,Deciduous
906,2022_GRSM_7__8_3.tif,neon_10m_linearized/2022_GRSM_7__8_3.tif,neon_2.5m_linearized/2022_GRSM_7__8_3.tif,EPSG:32617,267980.0,3938240.0,-83.55994755446481,35.560690698268864,41.0,40.0,Forest,Deciduous
907,2022_GRSM_7__8_4.tif,neon_10m_linearized/2022_GRSM_7__8_4.tif,neon_2.5m_linearized/2022_GRSM_7__8_4.tif,EPSG:32617,270540.0,3938240.0,-83.53172708426514,35.56128697895947,42.0,40.0,Forest,Evergreen
908,2022_GRSM_7__8_5.tif,neon_10m_linearized/2022_GRSM_7__8_5.tif,neon_2.5m_linearized/2022_GRSM_7__8_5.tif,EPSG:32617,273100.0,3938240.0,-83.50350578976634,35.561876662532825,42.0,40.0,Forest,Evergreen
909,2022_GUAN_2__0_1.tif,neon_10m_linearized/2022_GUAN_2__0_1.tif,neon_2.5m_linearized/2022_GUAN_2__0_1.tif,EPSG:32619,723840.0,1995700.0,-66.88549539427451,18.03827903207112,,,,
910,2022_GUAN_2__0_3.tif,neon_10m_linearized/2022_GUAN_2__0_3.tif,neon_2.5m_linearized/2022_GUAN_2__0_3.tif,EPSG:32619,728960.0,1995700.0,-66.8371543336669,18.037744267678043,,,,
911,2022_GUAN_2__0_4.tif,neon_10m_linearized/2022_GUAN_2__0_4.tif,neon_2.5m_linearized/2022_GUAN_2__0_4.tif,EPSG:32619,731520.0,1995700.0,-66.81298443717722,18.037472360733325,,,,
912,2022_GUAN_2__1_0.tif,neon_10m_linearized/2022_GUAN_2__1_0.tif,neon_2.5m_linearized/2022_GUAN_2__1_0.tif,EPSG:32619,721280.0,1993140.0,-66.90993953755677,18.01541851601016,,,,
913,2022_GUAN_2__1_1.tif,neon_10m_linearized/2022_GUAN_2__1_1.tif,neon_2.5m_linearized/2022_GUAN_2__1_1.tif,EPSG:32619,723840.0,1993140.0,-66.88577153384546,18.01515601842955,,,,
914,2022_GUAN_2__1_2.tif,neon_10m_linearized/2022_GUAN_2__1_2.tif,neon_2.5m_linearized/2022_GUAN_2__1_2.tif,EPSG:32619,726400.0,1993140.0,-66.86160394454507,18.01489050809333,,,,
915,2022_GUAN_2__1_3.tif,neon_10m_linearized/2022_GUAN_2__1_3.tif,neon_2.5m_linearized/2022_GUAN_2__1_3.tif,EPSG:32619,728960.0,1993140.0,-66.83743677438171,18.014621985228608,,,,
916,2022_GUAN_2__1_4.tif,neon_10m_linearized/2022_GUAN_2__1_4.tif,neon_2.5m_linearized/2022_GUAN_2__1_4.tif,EPSG:32619,731520.0,1993140.0,-66.81327002808098,18.01435045006507,,,,
917,2022_GUAN_2__3_0.tif,neon_10m_linearized/2022_GUAN_2__3_0.tif,neon_2.5m_linearized/2022_GUAN_2__3_0.tif,EPSG:32619,721280.0,1988020.0,-66.91048428599389,17.96917159251718,,,,
918,2022_GUAN_2__3_1.tif,neon_10m_linearized/2022_GUAN_2__3_1.tif,neon_2.5m_linearized/2022_GUAN_2__3_1.tif,EPSG:32619,723840.0,1988020.0,-66.88632257000435,17.96890981348598,,,,
919,2022_GUAN_2__3_2.tif,neon_10m_linearized/2022_GUAN_2__3_2.tif,neon_2.5m_linearized/2022_GUAN_2__3_2.tif,EPSG:32619,726400.0,1988020.0,-66.86216126792594,17.968645029944046,,,,
920,2022_GUAN_2__3_3.tif,neon_10m_linearized/2022_GUAN_2__3_3.tif,neon_2.5m_linearized/2022_GUAN_2__3_3.tif,EPSG:32619,728960.0,1988020.0,-66.83800038447905,17.96837724211779,,,,
921,2022_GUAN_2__3_4.tif,neon_10m_linearized/2022_GUAN_2__3_4.tif,neon_2.5m_linearized/2022_GUAN_2__3_4.tif,EPSG:32619,731520.0,1988020.0,-66.8138399243836,17.96810645023622,,,,
922,2022_GUAN_2__4_0.tif,neon_10m_linearized/2022_GUAN_2__4_0.tif,neon_2.5m_linearized/2022_GUAN_2__4_0.tif,EPSG:32619,721280.0,1985460.0,-66.91075604630349,17.94604804221115,,,,
923,2022_GUAN_2__4_1.tif,neon_10m_linearized/2022_GUAN_2__4_1.tif,neon_2.5m_linearized/2022_GUAN_2__4_1.tif,EPSG:32619,723840.0,1985460.0,-66.88659746709214,17.945786622319396,,,,
924,2022_GUAN_2__4_2.tif,neon_10m_linearized/2022_GUAN_2__4_2.tif,neon_2.5m_linearized/2022_GUAN_2__4_2.tif,EPSG:32619,726400.0,1985460.0,-66.86243930154272,17.945522202037804,,,,
925,2022_GUAN_2__4_3.tif,neon_10m_linearized/2022_GUAN_2__4_3.tif,neon_2.5m_linearized/2022_GUAN_2__4_3.tif,EPSG:32619,728960.0,1985460.0,-66.83828155437274,17.945254781592446,,,,
926,2022_GUAN_2__4_4.tif,neon_10m_linearized/2022_GUAN_2__4_4.tif,neon_2.5m_linearized/2022_GUAN_2__4_4.tif,EPSG:32619,731520.0,1985460.0,-66.81412423029933,17.944984361211965,,,,
927,2022_GUIL_2__1_0.tif,neon_10m_linearized/2022_GUIL_2__1_0.tif,neon_2.5m_linearized/2022_GUIL_2__1_0.tif,EPSG:32619,732260.0,2010180.0,-66.80436927603003,18.16817477144711,,,,
928,2022_GUIL_2__1_1.tif,neon_10m_linearized/2022_GUIL_2__1_1.tif,neon_2.5m_linearized/2022_GUIL_2__1_1.tif,EPSG:32619,734820.0,2010180.0,-66.78018202779252,18.167896841748075,,,,
929,2022_GUIL_2__2_0.tif,neon_10m_linearized/2022_GUIL_2__2_0.tif,neon_2.5m_linearized/2022_GUIL_2__2_0.tif,EPSG:32619,732260.0,2007620.0,-66.8046582143196,18.145053307112345,,,,
930,2022_GUIL_2__2_1.tif,neon_10m_linearized/2022_GUIL_2__2_1.tif,neon_2.5m_linearized/2022_GUIL_2__2_1.tif,EPSG:32619,734820.0,2007620.0,-66.78047414271343,18.14477575504856,,,,
931,2022_HARV_7__1_0.tif,neon_10m_linearized/2022_HARV_7__1_0.tif,neon_2.5m_linearized/2022_HARV_7__1_0.tif,EPSG:32618,723260.0,4716180.0,-72.28005888767295,42.56575043508682,42.0,40.0,Forest,Evergreen
932,2022_HARV_7__1_1.tif,neon_10m_linearized/2022_HARV_7__1_1.tif,neon_2.5m_linearized/2022_HARV_7__1_1.tif,EPSG:32618,725820.0,4716180.0,-72.24890559687249,42.56500615299493,42.0,40.0,Forest,Evergreen
933,2022_HARV_7__1_2.tif,neon_10m_linearized/2022_HARV_7__1_2.tif,neon_2.5m_linearized/2022_HARV_7__1_2.tif,EPSG:32618,728380.0,4716180.0,-72.21775349403279,42.56425341197082,43.0,40.0,Forest,Mixed
934,2022_HARV_7__1_3.tif,neon_10m_linearized/2022_HARV_7__1_3.tif,neon_2.5m_linearized/2022_HARV_7__1_3.tif,EPSG:32618,730940.0,4716180.0,-72.18660259252411,42.563492212920586,43.0,40.0,Forest,Mixed
935,2022_HARV_7__1_4.tif,neon_10m_linearized/2022_HARV_7__1_4.tif,neon_2.5m_linearized/2022_HARV_7__1_4.tif,EPSG:32618,733500.0,4716180.0,-72.1554529057134,42.56272255676035,41.0,40.0,Forest,Deciduous
936,2022_HARV_7__1_5.tif,neon_10m_linearized/2022_HARV_7__1_5.tif,neon_2.5m_linearized/2022_HARV_7__1_5.tif,EPSG:32618,736060.0,4716180.0,-72.12430444696436,42.561944444416426,43.0,40.0,Forest,Mixed
937,2022_HARV_7__2_0.tif,neon_10m_linearized/2022_HARV_7__2_0.tif,neon_2.5m_linearized/2022_HARV_7__2_0.tif,EPSG:32618,723260.0,4713620.0,-72.28105946177891,42.54272161690267,42.0,40.0,Forest,Evergreen
938,2022_HARV_7__2_1.tif,neon_10m_linearized/2022_HARV_7__2_1.tif,neon_2.5m_linearized/2022_HARV_7__2_1.tif,EPSG:32618,725820.0,4713620.0,-72.24991759618727,42.54197793104557,42.0,40.0,Forest,Evergreen
939,2022_HARV_7__2_2.tif,neon_10m_linearized/2022_HARV_7__2_2.tif,neon_2.5m_linearized/2022_HARV_7__2_2.tif,EPSG:32618,728380.0,4713620.0,-72.21877691692474,42.54122579301827,43.0,40.0,Forest,Mixed
940,2022_HARV_7__2_3.tif,neon_10m_linearized/2022_HARV_7__2_3.tif,neon_2.5m_linearized/2022_HARV_7__2_3.tif,EPSG:32618,730940.0,4713620.0,-72.18763743734324,42.54046520372563,43.0,40.0,Forest,Mixed
941,2022_HARV_7__2_4.tif,neon_10m_linearized/2022_HARV_7__2_4.tif,neon_2.5m_linearized/2022_HARV_7__2_4.tif,EPSG:32618,733500.0,4713620.0,-72.15649917079152,42.53969616408258,43.0,40.0,Forest,Mixed
942,2022_HARV_7__2_5.tif,neon_10m_linearized/2022_HARV_7__2_5.tif,neon_2.5m_linearized/2022_HARV_7__2_5.tif,EPSG:32618,736060.0,4713620.0,-72.12536213061502,42.538918675014166,43.0,40.0,Forest,Mixed
943,2022_HARV_7__3_0.tif,neon_10m_linearized/2022_HARV_7__3_0.tif,neon_2.5m_linearized/2022_HARV_7__3_0.tif,EPSG:32618,723260.0,4711060.0,-72.28205886291046,42.51969268678201,42.0,40.0,Forest,Evergreen
944,2022_HARV_7__3_1.tif,neon_10m_linearized/2022_HARV_7__3_1.tif,neon_2.5m_linearized/2022_HARV_7__3_1.tif,EPSG:32618,725820.0,4711060.0,-72.25092840917246,42.518949596726685,42.0,40.0,Forest,Evergreen
945,2022_HARV_7__3_2.tif,neon_10m_linearized/2022_HARV_7__3_2.tif,neon_2.5m_linearized/2022_HARV_7__3_2.tif,EPSG:32618,728380.0,4711060.0,-72.21979914013508,42.51819806125832,43.0,40.0,Forest,Mixed
946,2022_HARV_7__3_3.tif,neon_10m_linearized/2022_HARV_7__3_3.tif,neon_2.5m_linearized/2022_HARV_7__3_3.tif,EPSG:32618,730940.0,4711060.0,-72.18867106913207,42.51743808128053,41.0,40.0,Forest,Deciduous
947,2022_HARV_7__3_4.tif,neon_10m_linearized/2022_HARV_7__3_4.tif,neon_2.5m_linearized/2022_HARV_7__3_4.tif,EPSG:32618,733500.0,4711060.0,-72.15754420949389,42.51666965770704,43.0,40.0,Forest,Mixed
948,2022_HARV_7__3_5.tif,neon_10m_linearized/2022_HARV_7__3_5.tif,neon_2.5m_linearized/2022_HARV_7__3_5.tif,EPSG:32618,736060.0,4711060.0,-72.12641857454781,42.515892791461646,43.0,40.0,Forest,Mixed
949,2022_HARV_7__4_0.tif,neon_10m_linearized/2022_HARV_7__4_0.tif,neon_2.5m_linearized/2022_HARV_7__4_0.tif,EPSG:32618,723260.0,4708500.0,-72.28305709267784,42.49666364475991,11.0,10.0,Water,Open Water
950,2022_HARV_7__4_1.tif,neon_10m_linearized/2022_HARV_7__4_1.tif,neon_2.5m_linearized/2022_HARV_7__4_1.tif,EPSG:32618,725820.0,4708500.0,-72.2519380374565,42.49592115007405,43.0,40.0,Forest,Mixed
951,2022_HARV_7__4_2.tif,neon_10m_linearized/2022_HARV_7__4_2.tif,neon_2.5m_linearized/2022_HARV_7__4_2.tif,EPSG:32618,728380.0,4708500.0,-72.22082016531053,42.4951702167274,43.0,40.0,Forest,Mixed
952,2022_HARV_7__4_3.tif,neon_10m_linearized/2022_HARV_7__4_3.tif,neon_2.5m_linearized/2022_HARV_7__4_3.tif,EPSG:32618,730940.0,4708500.0,-72.18970348955547,42.49441084562238,41.0,40.0,Forest,Deciduous
953,2022_HARV_7__4_4.tif,neon_10m_linearized/2022_HARV_7__4_4.tif,neon_2.5m_linearized/2022_HARV_7__4_4.tif,EPSG:32618,733500.0,4708500.0,-72.15858802350365,42.49364303767152,43.0,40.0,Forest,Mixed
954,2022_HARV_7__4_5.tif,neon_10m_linearized/2022_HARV_7__4_5.tif,neon_2.5m_linearized/2022_HARV_7__4_5.tif,EPSG:32618,736060.0,4708500.0,-72.12747378046411,42.49286679379737,43.0,40.0,Forest,Mixed
955,2022_HARV_7__5_0.tif,neon_10m_linearized/2022_HARV_7__5_0.tif,neon_2.5m_linearized/2022_HARV_7__5_0.tif,EPSG:32618,723260.0,4705940.0,-72.28405415268811,42.47363449087148,11.0,10.0,Water,Open Water
956,2022_HARV_7__5_1.tif,neon_10m_linearized/2022_HARV_7__5_1.tif,neon_2.5m_linearized/2022_HARV_7__5_1.tif,EPSG:32618,725820.0,4705940.0,-72.25294648266464,42.47289259112341,43.0,40.0,Forest,Mixed
957,2022_HARV_7__5_2.tif,neon_10m_linearized/2022_HARV_7__5_2.tif,neon_2.5m_linearized/2022_HARV_7__5_2.tif,EPSG:32618,728380.0,4705940.0,-72.2218399940945,42.47214225946197,43.0,40.0,Forest,Mixed
958,2022_HARV_7__5_3.tif,neon_10m_linearized/2022_HARV_7__5_3.tif,neon_2.5m_linearized/2022_HARV_7__5_3.tif,EPSG:32618,730940.0,4705940.0,-72.19073470027507,42.47138349678836,43.0,40.0,Forest,Mixed
959,2022_HARV_7__5_4.tif,neon_10m_linearized/2022_HARV_7__5_4.tif,neon_2.5m_linearized/2022_HARV_7__5_4.tif,EPSG:32618,733500.0,4705940.0,-72.15963061450057,42.47061630401387,43.0,40.0,Forest,Mixed
960,2022_HARV_7__5_5.tif,neon_10m_linearized/2022_HARV_7__5_5.tif,neon_2.5m_linearized/2022_HARV_7__5_5.tif,EPSG:32618,736060.0,4705940.0,-72.12852775006185,42.46984068205985,43.0,40.0,Forest,Mixed
961,2022_HARV_7__6_0.tif,neon_10m_linearized/2022_HARV_7__6_0.tif,neon_2.5m_linearized/2022_HARV_7__6_0.tif,EPSG:32618,723260.0,4703380.0,-72.2850500445451,42.45060522515184,11.0,10.0,Water,Open Water
962,2022_HARV_7__6_1.tif,neon_10m_linearized/2022_HARV_7__6_1.tif,neon_2.5m_linearized/2022_HARV_7__6_1.tif,EPSG:32618,725820.0,4703380.0,-72.2539537464189,42.44986391991056,11.0,10.0,Water,Open Water
963,2022_HARV_7__6_2.tif,neon_10m_linearized/2022_HARV_7__6_2.tif,neon_2.5m_linearized/2022_HARV_7__6_2.tif,EPSG:32618,728380.0,4703380.0,-72.22285862812718,42.44911418949847,43.0,40.0,Forest,Mixed
964,2022_HARV_7__6_3.tif,neon_10m_linearized/2022_HARV_7__6_3.tif,neon_2.5m_linearized/2022_HARV_7__6_3.tif,EPSG:32618,730940.0,4703380.0,-72.19176470294926,42.44835603481556,43.0,40.0,Forest,Mixed
965,2022_HARV_7__6_4.tif,neon_10m_linearized/2022_HARV_7__6_4.tif,neon_2.5m_linearized/2022_HARV_7__6_4.tif,EPSG:32618,733500.0,4703380.0,-72.16067198416114,42.44758945677192,43.0,40.0,Forest,Mixed
966,2022_HARV_7__6_5.tif,neon_10m_linearized/2022_HARV_7__6_5.tif,neon_2.5m_linearized/2022_HARV_7__6_5.tif,EPSG:32618,736060.0,4703380.0,-72.12958048503566,42.44681445628763,41.0,40.0,Forest,Deciduous
967,2022_HARV_7__7_4.tif,neon_10m_linearized/2022_HARV_7__7_4.tif,neon_2.5m_linearized/2022_HARV_7__7_4.tif,EPSG:32618,733500.0,4700820.0,-72.16171213415858,42.424562495983466,43.0,40.0,Forest,Mixed
968,2022_HARV_7__8_0.tif,neon_10m_linearized/2022_HARV_7__8_0.tif,neon_2.5m_linearized/2022_HARV_7__8_0.tif,EPSG:32618,723260.0,4698260.0,-72.28703833019901,42.40454635835934,11.0,10.0,Water,Open Water
969,2022_HARV_7__8_4.tif,neon_10m_linearized/2022_HARV_7__8_4.tif,neon_2.5m_linearized/2022_HARV_7__8_4.tif,EPSG:32618,733500.0,4698260.0,-72.1627510661627,42.401535421686354,41.0,40.0,Forest,Deciduous
970,2022_HARV_7__9_1.tif,neon_10m_linearized/2022_HARV_7__9_1.tif,neon_2.5m_linearized/2022_HARV_7__9_1.tif,EPSG:32618,725820.0,4695700.0,-72.25696846513091,42.38077723305653,11.0,10.0,Water,Open Water
971,2022_HARV_7__9_2.tif,neon_10m_linearized/2022_HARV_7__9_2.tif,neon_2.5m_linearized/2022_HARV_7__9_2.tif,EPSG:32618,728380.0,4695700.0,-72.2259073780711,42.38002930378413,43.0,40.0,Forest,Mixed
972,2022_HARV_7__9_3.tif,neon_10m_linearized/2022_HARV_7__9_3.tif,neon_2.5m_linearized/2022_HARV_7__9_3.tif,EPSG:32618,730940.0,4695700.0,-72.19484747923352,42.37927297043595,41.0,40.0,Forest,Deciduous
973,2022_HARV_7__9_4.tif,neon_10m_linearized/2022_HARV_7__9_4.tif,neon_2.5m_linearized/2022_HARV_7__9_4.tif,EPSG:32618,733500.0,4695700.0,-72.16378878184014,42.37850823391839,41.0,40.0,Forest,Deciduous
974,2022_JORN_5__1_0.tif,neon_10m_linearized/2022_JORN_5__1_0.tif,neon_2.5m_linearized/2022_JORN_5__1_0.tif,EPSG:32613,315260.0,3623160.0,-106.9714799613356,32.730773222436206,71.0,70.0,Rural,Grassland
975,2022_JORN_5__1_1.tif,neon_10m_linearized/2022_JORN_5__1_1.tif,neon_2.5m_linearized/2022_JORN_5__1_1.tif,EPSG:32613,317820.0,3623160.0,-106.94417422789007,32.731199805984375,71.0,70.0,Rural,Grassland
976,2022_JORN_5__1_2.tif,neon_10m_linearized/2022_JORN_5__1_2.tif,neon_2.5m_linearized/2022_JORN_5__1_2.tif,EPSG:32613,320380.0,3623160.0,-106.9168679220579,32.731620446981566,52.0,50.0,Rural,ShrubScrub
977,2022_JORN_5__1_3.tif,neon_10m_linearized/2022_JORN_5__1_3.tif,neon_2.5m_linearized/2022_JORN_5__1_3.tif,EPSG:32613,322940.0,3623160.0,-106.88956105185802,32.73203514500685,52.0,50.0,Rural,ShrubScrub
978,2022_JORN_5__2_0.tif,neon_10m_linearized/2022_JORN_5__2_0.tif,neon_2.5m_linearized/2022_JORN_5__2_0.tif,EPSG:32613,315260.0,3620600.0,-106.97097204251156,32.707693728169204,71.0,70.0,Rural,Grassland
979,2022_JORN_5__2_1.tif,neon_10m_linearized/2022_JORN_5__2_1.tif,neon_2.5m_linearized/2022_JORN_5__2_1.tif,EPSG:32613,317820.0,3620600.0,-106.94367333305652,32.70811993612043,52.0,50.0,Rural,ShrubScrub
980,2022_JORN_5__2_2.tif,neon_10m_linearized/2022_JORN_5__2_2.tif,neon_2.5m_linearized/2022_JORN_5__2_2.tif,EPSG:32613,320380.0,3620600.0,-106.9163740518169,32.70854020674949,52.0,50.0,Rural,ShrubScrub
981,2022_JORN_5__2_3.tif,neon_10m_linearized/2022_JORN_5__2_3.tif,neon_2.5m_linearized/2022_JORN_5__2_3.tif,EPSG:32613,322940.0,3620600.0,-106.88907420680334,32.70895453963597,52.0,50.0,Rural,ShrubScrub
982,2022_JORN_5__3_0.tif,neon_10m_linearized/2022_JORN_5__3_0.tif,neon_2.5m_linearized/2022_JORN_5__3_0.tif,EPSG:32613,315260.0,3618040.0,-106.9704647034818,32.684614141831744,52.0,50.0,Rural,ShrubScrub
983,2022_JORN_5__3_1.tif,neon_10m_linearized/2022_JORN_5__3_1.tif,neon_2.5m_linearized/2022_JORN_5__3_1.tif,EPSG:32613,317820.0,3618040.0,-106.94317301000764,32.68503997437538,71.0,70.0,Rural,Grassland
984,2022_JORN_5__3_2.tif,neon_10m_linearized/2022_JORN_5__3_2.tif,neon_2.5m_linearized/2022_JORN_5__3_2.tif,EPSG:32613,320380.0,3618040.0,-106.91588074535004,32.68545987482307,52.0,50.0,Rural,ShrubScrub
985,2022_JORN_5__3_3.tif,neon_10m_linearized/2022_JORN_5__3_3.tif,neon_2.5m_linearized/2022_JORN_5__3_3.tif,EPSG:32613,322940.0,3618040.0,-106.88858791751116,32.68587384275488,52.0,50.0,Rural,ShrubScrub
986,2022_JORN_5__3_4.tif,neon_10m_linearized/2022_JORN_5__3_4.tif,neon_2.5m_linearized/2022_JORN_5__3_4.tif,EPSG:32613,325500.0,3618040.0,-106.86129453449422,32.686281877756855,52.0,50.0,Rural,ShrubScrub
987,2022_JORN_5__3_5.tif,neon_10m_linearized/2022_JORN_5__3_5.tif,neon_2.5m_linearized/2022_JORN_5__3_5.tif,EPSG:32613,328060.0,3618040.0,-106.83400060430348,32.686683979420906,52.0,50.0,Rural,ShrubScrub
988,2022_JORN_5__3_6.tif,neon_10m_linearized/2022_JORN_5__3_6.tif,neon_2.5m_linearized/2022_JORN_5__3_6.tif,EPSG:32613,330620.0,3618040.0,-106.80670613494412,32.68708014734491,52.0,50.0,Rural,ShrubScrub
989,2022_JORN_5__4_0.tif,neon_10m_linearized/2022_JORN_5__4_0.tif,neon_2.5m_linearized/2022_JORN_5__4_0.tif,EPSG:32613,315260.0,3615480.0,-106.96995794363686,32.66153446346451,52.0,50.0,Rural,ShrubScrub
990,2022_JORN_5__4_1.tif,neon_10m_linearized/2022_JORN_5__4_1.tif,neon_2.5m_linearized/2022_JORN_5__4_1.tif,EPSG:32613,317820.0,3615480.0,-106.94267325814243,32.6619599207897,71.0,70.0,Rural,Grassland
991,2022_JORN_5__4_2.tif,neon_10m_linearized/2022_JORN_5__4_2.tif,neon_2.5m_linearized/2022_JORN_5__4_2.tif,EPSG:32613,320380.0,3615480.0,-106.9153880020646,32.66237945124248,52.0,50.0,Rural,ShrubScrub
992,2022_JORN_5__4_3.tif,neon_10m_linearized/2022_JORN_5__4_3.tif,neon_2.5m_linearized/2022_JORN_5__4_3.tif,EPSG:32613,322940.0,3615480.0,-106.88810218339718,32.6627930544035,52.0,50.0,Rural,ShrubScrub
993,2022_JORN_5__4_4.tif,neon_10m_linearized/2022_JORN_5__4_4.tif,neon_2.5m_linearized/2022_JORN_5__4_4.tif,EPSG:32613,325500.0,3615480.0,-106.86081581013498,32.66320072985926,52.0,50.0,Rural,ShrubScrub
994,2022_JORN_5__4_5.tif,neon_10m_linearized/2022_JORN_5__4_5.tif,neon_2.5m_linearized/2022_JORN_5__4_5.tif,EPSG:32613,328060.0,3615480.0,-106.83352889027384,32.663602477202225,52.0,50.0,Rural,ShrubScrub
995,2022_JORN_5__4_6.tif,neon_10m_linearized/2022_JORN_5__4_6.tif,neon_2.5m_linearized/2022_JORN_5__4_6.tif,EPSG:32613,330620.0,3615480.0,-106.80624143181063,32.66399829603069,52.0,50.0,Rural,ShrubScrub
996,2022_JORN_5__5_0.tif,neon_10m_linearized/2022_JORN_5__5_0.tif,neon_2.5m_linearized/2022_JORN_5__5_0.tif,EPSG:32613,315260.0,3612920.0,-106.96945176236828,32.638454693108315,52.0,50.0,Rural,ShrubScrub
997,2022_JORN_5__5_1.tif,neon_10m_linearized/2022_JORN_5__5_1.tif,neon_2.5m_linearized/2022_JORN_5__5_1.tif,EPSG:32613,317820.0,3612920.0,-106.9421740768608,32.63887977540387,52.0,50.0,Rural,ShrubScrub
998,2022_JORN_5__5_2.tif,neon_10m_linearized/2022_JORN_5__5_2.tif,neon_2.5m_linearized/2022_JORN_5__5_2.tif,EPSG:32613,320380.0,3612920.0,-106.91489582136892,32.63929893604799,52.0,50.0,Rural,ShrubScrub
999,2022_JORN_5__5_3.tif,neon_10m_linearized/2022_JORN_5__5_3.tif,neon_2.5m_linearized/2022_JORN_5__5_3.tif,EPSG:32613,322940.0,3612920.0,-106.88761700387812,32.639712174621806,52.0,50.0,Rural,ShrubScrub
1000,2022_JORN_5__5_4.tif,neon_10m_linearized/2022_JORN_5__5_4.tif,neon_2.5m_linearized/2022_JORN_5__5_4.tif,EPSG:32613,325500.0,3612920.0,-106.86033763237484,32.64011949071236,52.0,50.0,Rural,ShrubScrub
1001,2022_JORN_5__5_5.tif,neon_10m_linearized/2022_JORN_5__5_5.tif,neon_2.5m_linearized/2022_JORN_5__5_5.tif,EPSG:32613,328060.0,3612920.0,-106.83305771484652,32.640520883912565,52.0,50.0,Rural,ShrubScrub
1002,2022_JORN_5__5_6.tif,neon_10m_linearized/2022_JORN_5__5_6.tif,neon_2.5m_linearized/2022_JORN_5__5_6.tif,EPSG:32613,330620.0,3612920.0,-106.80577725928164,32.64091635382126,52.0,50.0,Rural,ShrubScrub
1003,2022_JORN_5__5_7.tif,neon_10m_linearized/2022_JORN_5__5_7.tif,neon_2.5m_linearized/2022_JORN_5__5_7.tif,EPSG:32613,333180.0,3612920.0,-106.77849627366962,32.641305900043214,52.0,50.0,Rural,ShrubScrub
1004,2022_JORN_5__5_8.tif,neon_10m_linearized/2022_JORN_5__5_8.tif,neon_2.5m_linearized/2022_JORN_5__5_8.tif,EPSG:32613,335740.0,3612920.0,-106.75121476600084,32.64168952218904,71.0,70.0,Rural,Grassland
1005,2022_JORN_5__6_3.tif,neon_10m_linearized/2022_JORN_5__6_3.tif,neon_2.5m_linearized/2022_JORN_5__6_3.tif,EPSG:32613,322940.0,3610360.0,-106.88713237837172,32.616631203449806,52.0,50.0,Rural,ShrubScrub
1006,2022_JORN_5__6_4.tif,neon_10m_linearized/2022_JORN_5__6_4.tif,neon_2.5m_linearized/2022_JORN_5__6_4.tif,EPSG:32613,325500.0,3610360.0,-106.85986000063988,32.61703816035586,52.0,50.0,Rural,ShrubScrub
1007,2022_JORN_5__6_5.tif,neon_10m_linearized/2022_JORN_5__6_5.tif,neon_2.5m_linearized/2022_JORN_5__6_5.tif,EPSG:32613,328060.0,3610360.0,-106.8325870774559,32.61743919959143,52.0,50.0,Rural,ShrubScrub
1008,2022_JORN_5__6_6.tif,neon_10m_linearized/2022_JORN_5__6_6.tif,neon_2.5m_linearized/2022_JORN_5__6_6.tif,EPSG:32613,330620.0,3610360.0,-106.80531361679992,32.617834320755854,52.0,50.0,Rural,ShrubScrub
1009,2022_JORN_5__6_7.tif,neon_10m_linearized/2022_JORN_5__6_7.tif,neon_2.5m_linearized/2022_JORN_5__6_7.tif,EPSG:32613,333180.0,3610360.0,-106.77803962665298,32.61822352345434,52.0,50.0,Rural,ShrubScrub
1010,2022_JORN_5__6_8.tif,neon_10m_linearized/2022_JORN_5__6_8.tif,neon_2.5m_linearized/2022_JORN_5__6_8.tif,EPSG:32613,335740.0,3610360.0,-106.75076511499712,32.61860680729803,71.0,70.0,Rural,Grassland
1011,2022_JORN_5__7_3.tif,neon_10m_linearized/2022_JORN_5__7_3.tif,neon_2.5m_linearized/2022_JORN_5__7_3.tif,EPSG:32613,322940.0,3607800.0,-106.8866483062967,32.593550140927555,71.0,70.0,Rural,Grassland
1012,2022_JORN_5__7_4.tif,neon_10m_linearized/2022_JORN_5__7_4.tif,neon_2.5m_linearized/2022_JORN_5__7_4.tif,EPSG:32613,325500.0,3607800.0,-106.85938291435716,32.59395673882959,71.0,70.0,Rural,Grassland
1013,2022_JORN_5__7_5.tif,neon_10m_linearized/2022_JORN_5__7_5.tif,neon_2.5m_linearized/2022_JORN_5__7_5.tif,EPSG:32613,328060.0,3607800.0,-106.83211697753748,32.594357424278385,52.0,50.0,Rural,ShrubScrub
1014,2022_JORN_5__7_6.tif,neon_10m_linearized/2022_JORN_5__7_6.tif,neon_2.5m_linearized/2022_JORN_5__7_6.tif,EPSG:32613,330620.0,3607800.0,-106.80485050380932,32.59475219687376,52.0,50.0,Rural,ShrubScrub
1015,2022_JORN_5__7_7.tif,neon_10m_linearized/2022_JORN_5__7_7.tif,neon_2.5m_linearized/2022_JORN_5__7_7.tif,EPSG:32613,333180.0,3607800.0,-106.77758350114546,32.59514105622142,52.0,50.0,Rural,ShrubScrub
1016,2022_JORN_5__7_8.tif,neon_10m_linearized/2022_JORN_5__7_8.tif,neon_2.5m_linearized/2022_JORN_5__7_8.tif,EPSG:32613,335740.0,3607800.0,-106.75031597751952,32.595524001932986,52.0,50.0,Rural,ShrubScrub
1017,2022_JORN_5__8_3.tif,neon_10m_linearized/2022_JORN_5__8_3.tif,neon_2.5m_linearized/2022_JORN_5__8_3.tif,EPSG:32613,322940.0,3605240.0,-106.8861647870728,32.57046898709513,71.0,70.0,Rural,Grassland
1018,2022_JORN_5__8_4.tif,neon_10m_linearized/2022_JORN_5__8_4.tif,neon_2.5m_linearized/2022_JORN_5__8_4.tif,EPSG:32613,325500.0,3605240.0,-106.85890637295482,32.57087522617338,71.0,70.0,Rural,Grassland
1019,2022_JORN_5__8_5.tif,neon_10m_linearized/2022_JORN_5__8_5.tif,neon_2.5m_linearized/2022_JORN_5__8_5.tif,EPSG:32613,328060.0,3605240.0,-106.83164741452762,32.57127555801301,71.0,70.0,Rural,Grassland
1020,2022_JORN_5__8_6.tif,neon_10m_linearized/2022_JORN_5__8_6.tif,neon_2.5m_linearized/2022_JORN_5__8_6.tif,EPSG:32613,330620.0,3605240.0,-106.80438791975462,32.571669982214345,52.0,50.0,Rural,ShrubScrub
1021,2022_JORN_5__8_7.tif,neon_10m_linearized/2022_JORN_5__8_7.tif,neon_2.5m_linearized/2022_JORN_5__8_7.tif,EPSG:32613,333180.0,3605240.0,-106.77712789660016,32.57205849838356,52.0,50.0,Rural,ShrubScrub
1022,2022_JORN_5__8_8.tif,neon_10m_linearized/2022_JORN_5__8_8.tif,neon_2.5m_linearized/2022_JORN_5__8_8.tif,EPSG:32613,335740.0,3605240.0,-106.74986735302956,32.572441106132764,52.0,50.0,Rural,ShrubScrub
1023,2022_JORN_5__9_4.tif,neon_10m_linearized/2022_JORN_5__9_4.tif,neon_2.5m_linearized/2022_JORN_5__9_4.tif,EPSG:32613,325500.0,3602680.0,-106.85843037586189,32.547793622427115,71.0,70.0,Rural,Grassland
1024,2022_JORN_5__9_5.tif,neon_10m_linearized/2022_JORN_5__9_5.tif,neon_2.5m_linearized/2022_JORN_5__9_5.tif,EPSG:32613,328060.0,3602680.0,-106.8311783878638,32.548193600834935,52.0,50.0,Rural,ShrubScrub
1025,2022_JORN_5__9_6.tif,neon_10m_linearized/2022_JORN_5__9_6.tif,neon_2.5m_linearized/2022_JORN_5__9_6.tif,EPSG:32613,330620.0,3602680.0,-106.8039258640815,32.54858767681698,52.0,50.0,Rural,ShrubScrub
1026,2022_JORN_5__9_7.tif,neon_10m_linearized/2022_JORN_5__9_7.tif,neon_2.5m_linearized/2022_JORN_5__9_7.tif,EPSG:32613,333180.0,3602680.0,-106.7766728124711,32.548975849979904,52.0,50.0,Rural,ShrubScrub
1027,2022_JORN_5__9_8.tif,neon_10m_linearized/2022_JORN_5__9_8.tif,neon_2.5m_linearized/2022_JORN_5__9_8.tif,EPSG:32613,335740.0,3602680.0,-106.74941924098958,32.54935811993629,71.0,70.0,Rural,Grassland
1028,2022_KONZ_7__2_1.tif,neon_10m_linearized/2022_KONZ_7__2_1.tif,neon_2.5m_linearized/2022_KONZ_7__2_1.tif,EPSG:32614,705840.0,4341620.0,-96.61630022051156,39.19947507822025,22.0,20.0,Developed,LowIntensity
1029,2022_KONZ_7__2_2.tif,neon_10m_linearized/2022_KONZ_7__2_2.tif,neon_2.5m_linearized/2022_KONZ_7__2_2.tif,EPSG:32614,708400.0,4341620.0,-96.5866789439356,39.198864926475046,22.0,20.0,Developed,LowIntensity
1030,2022_KONZ_7__2_4.tif,neon_10m_linearized/2022_KONZ_7__2_4.tif,neon_2.5m_linearized/2022_KONZ_7__2_4.tif,EPSG:32614,713520.0,4341620.0,-96.52743911610608,39.197622055651614,82.0,80.0,Rural,Crops
1031,2022_KONZ_7__3_1.tif,neon_10m_linearized/2022_KONZ_7__3_1.tif,neon_2.5m_linearized/2022_KONZ_7__3_1.tif,EPSG:32614,705840.0,4339060.0,-96.61707910871924,39.17642675239994,22.0,20.0,Developed,LowIntensity
1032,2022_KONZ_7__3_4.tif,neon_10m_linearized/2022_KONZ_7__3_4.tif,neon_2.5m_linearized/2022_KONZ_7__3_4.tif,EPSG:32614,713520.0,4339060.0,-96.52824696941512,39.174575241417294,82.0,80.0,Rural,Crops
1033,2022_KONZ_7__4_1.tif,neon_10m_linearized/2022_KONZ_7__4_1.tif,neon_2.5m_linearized/2022_KONZ_7__4_1.tif,EPSG:32614,705840.0,4336500.0,-96.61785710435169,39.1533783221511,41.0,40.0,Forest,Deciduous
1034,2022_KONZ_7__4_2.tif,neon_10m_linearized/2022_KONZ_7__4_2.tif,neon_2.5m_linearized/2022_KONZ_7__4_2.tif,EPSG:32614,708400.0,4336500.0,-96.5882551290842,39.15276916555431,82.0,80.0,Rural,Crops
1035,2022_KONZ_7__4_3.tif,neon_10m_linearized/2022_KONZ_7__4_3.tif,neon_2.5m_linearized/2022_KONZ_7__4_3.tif,EPSG:32614,710960.0,4336500.0,-96.55865405629956,39.15215249853469,41.0,40.0,Forest,Deciduous
1036,2022_KONZ_7__4_4.tif,neon_10m_linearized/2022_KONZ_7__4_4.tif,neon_2.5m_linearized/2022_KONZ_7__4_4.tif,EPSG:32614,713520.0,4336500.0,-96.52905389702524,39.151528321781946,71.0,70.0,Rural,Grassland
1037,2022_KONZ_7__5_0.tif,neon_10m_linearized/2022_KONZ_7__5_0.tif,neon_2.5m_linearized/2022_KONZ_7__5_0.tif,EPSG:32614,703280.0,4333940.0,-96.64822744002868,39.13093094202674,82.0,80.0,Rural,Crops
1038,2022_KONZ_7__5_1.tif,neon_10m_linearized/2022_KONZ_7__5_1.tif,neon_2.5m_linearized/2022_KONZ_7__5_1.tif,EPSG:32614,705840.0,4333940.0,-96.61863420853038,39.13032978750745,82.0,80.0,Rural,Crops
1039,2022_KONZ_7__5_2.tif,neon_10m_linearized/2022_KONZ_7__5_2.tif,neon_2.5m_linearized/2022_KONZ_7__5_2.tif,EPSG:32614,708400.0,4333940.0,-96.58904186736596,39.12972112800498,82.0,80.0,Rural,Crops
1040,2022_KONZ_7__5_3.tif,neon_10m_linearized/2022_KONZ_7__5_3.tif,neon_2.5m_linearized/2022_KONZ_7__5_3.tif,EPSG:32614,710960.0,4333940.0,-96.55945042755113,39.12910496419979,71.0,70.0,Rural,Grassland
1041,2022_KONZ_7__5_4.tif,neon_10m_linearized/2022_KONZ_7__5_4.tif,neon_2.5m_linearized/2022_KONZ_7__5_4.tif,EPSG:32614,713520.0,4333940.0,-96.5298599000995,39.12848129678075,71.0,70.0,Rural,Grassland
1042,2022_KONZ_7__5_5.tif,neon_10m_linearized/2022_KONZ_7__5_5.tif,neon_2.5m_linearized/2022_KONZ_7__5_5.tif,EPSG:32614,716080.0,4333940.0,-96.5002702960225,39.12785012644502,71.0,70.0,Rural,Grassland
1043,2022_KONZ_7__6_0.tif,neon_10m_linearized/2022_KONZ_7__6_0.tif,neon_2.5m_linearized/2022_KONZ_7__6_0.tif,EPSG:32614,703280.0,4331380.0,-96.64899402966846,39.10788181236411,71.0,70.0,Rural,Grassland
1044,2022_KONZ_7__6_1.tif,neon_10m_linearized/2022_KONZ_7__6_1.tif,neon_2.5m_linearized/2022_KONZ_7__6_1.tif,EPSG:32614,705840.0,4331380.0,-96.61941042237488,39.10728114850276,71.0,70.0,Rural,Grassland
1045,2022_KONZ_7__6_2.tif,neon_10m_linearized/2022_KONZ_7__6_2.tif,neon_2.5m_linearized/2022_KONZ_7__6_2.tif,EPSG:32614,708400.0,4331380.0,-96.58982770429778,39.106672985775305,71.0,70.0,Rural,Grassland
1046,2022_KONZ_7__6_3.tif,neon_10m_linearized/2022_KONZ_7__6_3.tif,neon_2.5m_linearized/2022_KONZ_7__6_3.tif,EPSG:32614,710960.0,4331380.0,-96.56024588643912,39.10605732486137,71.0,70.0,Rural,Grassland
1047,2022_KONZ_7__6_4.tif,neon_10m_linearized/2022_KONZ_7__6_4.tif,neon_2.5m_linearized/2022_KONZ_7__6_4.tif,EPSG:32614,713520.0,4331380.0,-96.53066497979871,39.10543416644889,71.0,70.0,Rural,Grassland
1048,2022_KONZ_7__6_5.tif,neon_10m_linearized/2022_KONZ_7__6_5.tif,neon_2.5m_linearized/2022_KONZ_7__6_5.tif,EPSG:32614,716080.0,4331380.0,-96.50108499537431,39.1048035112342,71.0,70.0,Rural,Grassland
1049,2022_KONZ_7__7_0.tif,neon_10m_linearized/2022_KONZ_7__7_0.tif,neon_2.5m_linearized/2022_KONZ_7__7_0.tif,EPSG:32614,703280.0,4328820.0,-96.64975974109544,39.08483257868912,71.0,70.0,Rural,Grassland
1050,2022_KONZ_7__7_1.tif,neon_10m_linearized/2022_KONZ_7__7_1.tif,neon_2.5m_linearized/2022_KONZ_7__7_1.tif,EPSG:32614,705840.0,4328820.0,-96.62018574700254,39.0842324051708,71.0,70.0,Rural,Grassland
1051,2022_KONZ_7__7_2.tif,neon_10m_linearized/2022_KONZ_7__7_2.tif,neon_2.5m_linearized/2022_KONZ_7__7_2.tif,EPSG:32614,708400.0,4328820.0,-96.59061264101082,39.08362473889954,71.0,70.0,Rural,Grassland
1052,2022_KONZ_7__7_3.tif,neon_10m_linearized/2022_KONZ_7__7_3.tif,neon_2.5m_linearized/2022_KONZ_7__7_3.tif,EPSG:32614,710960.0,4328820.0,-96.56104043410848,39.08300958055412,71.0,70.0,Rural,Grassland
1053,2022_KONZ_7__7_4.tif,neon_10m_linearized/2022_KONZ_7__7_4.tif,neon_2.5m_linearized/2022_KONZ_7__7_4.tif,EPSG:32614,713520.0,4328820.0,-96.53146913728165,39.0823869308216,71.0,70.0,Rural,Grassland
1054,2022_KONZ_7__7_5.tif,neon_10m_linearized/2022_KONZ_7__7_5.tif,neon_2.5m_linearized/2022_KONZ_7__7_5.tif,EPSG:32614,716080.0,4328820.0,-96.50189876151424,39.08175679039739,71.0,70.0,Rural,Grassland
1055,2022_KONZ_7__8_0.tif,neon_10m_linearized/2022_KONZ_7__8_0.tif,neon_2.5m_linearized/2022_KONZ_7__8_0.tif,EPSG:32614,703280.0,4326260.0,-96.65052457541115,39.06178324103513,71.0,70.0,Rural,Grassland
1056,2022_KONZ_7__8_1.tif,neon_10m_linearized/2022_KONZ_7__8_1.tif,neon_2.5m_linearized/2022_KONZ_7__8_1.tif,EPSG:32614,705840.0,4326260.0,-96.62096018352868,39.06118355754537,71.0,70.0,Rural,Grassland
1057,2022_KONZ_7__8_2.tif,neon_10m_linearized/2022_KONZ_7__8_2.tif,neon_2.5m_linearized/2022_KONZ_7__8_2.tif,EPSG:32614,708400.0,4326260.0,-96.59139667863413,39.06057638741197,71.0,70.0,Rural,Grassland
1058,2022_KONZ_7__8_3.tif,neon_10m_linearized/2022_KONZ_7__8_3.tif,neon_2.5m_linearized/2022_KONZ_7__8_3.tif,EPSG:32614,710960.0,4326260.0,-96.56183407170202,39.0599617313128,71.0,70.0,Rural,Grassland
1059,2022_KONZ_7__8_4.tif,neon_10m_linearized/2022_KONZ_7__8_4.tif,neon_2.5m_linearized/2022_KONZ_7__8_4.tif,EPSG:32614,713520.0,4326260.0,-96.53227237370474,39.059339589934105,71.0,70.0,Rural,Grassland
1060,2022_KONZ_7__8_5.tif,neon_10m_linearized/2022_KONZ_7__8_5.tif,neon_2.5m_linearized/2022_KONZ_7__8_5.tif,EPSG:32614,716080.0,4326260.0,-96.50271159561257,39.058709963970365,71.0,70.0,Rural,Grassland
1061,2022_LAJA_2__1_0.tif,neon_10m_linearized/2022_LAJA_2__1_0.tif,neon_2.5m_linearized/2022_LAJA_2__1_0.tif,EPSG:32619,698300.0,2002140.0,-67.12604104034912,18.09894344468775,,,,
1062,2022_LAJA_2__1_2.tif,neon_10m_linearized/2022_LAJA_2__1_2.tif,neon_2.5m_linearized/2022_LAJA_2__1_2.tif,EPSG:32619,703420.0,2002140.0,-67.07767617720073,18.098467260783742,,,,
1063,2022_LAJA_2__1_3.tif,neon_10m_linearized/2022_LAJA_2__1_3.tif,neon_2.5m_linearized/2022_LAJA_2__1_3.tif,EPSG:32619,705980.0,2002140.0,-67.05349430950685,18.098224625247937,,,,
1064,2022_LAJA_2__2_1.tif,neon_10m_linearized/2022_LAJA_2__2_1.tif,neon_2.5m_linearized/2022_LAJA_2__2_1.tif,EPSG:32619,700860.0,1999580.0,-67.10210720536756,18.07558092248262,,,,
1065,2022_LAJA_2__2_3.tif,neon_10m_linearized/2022_LAJA_2__2_3.tif,neon_2.5m_linearized/2022_LAJA_2__2_3.tif,EPSG:32619,705980.0,1999580.0,-67.05374942176553,18.075099337948355,,,,
1066,2022_LAJA_2__3_3.tif,neon_10m_linearized/2022_LAJA_2__3_3.tif,neon_2.5m_linearized/2022_LAJA_2__3_3.tif,EPSG:32619,705980.0,1997020.0,-67.0540041520161,18.051973991847632,,,,
1067,2022_LAJA_2__3_5.tif,neon_10m_linearized/2022_LAJA_2__3_5.tif,neon_2.5m_linearized/2022_LAJA_2__3_5.tif,EPSG:32619,711100.0,1997020.0,-67.00565421533265,18.051480982607888,,,,
1068,2022_LAJA_2__4_3.tif,neon_10m_linearized/2022_LAJA_2__4_3.tif,neon_2.5m_linearized/2022_LAJA_2__4_3.tif,EPSG:32619,705980.0,1994460.0,-67.05425850048987,18.028848587012394,,,,
1069,2022_LAJA_2__4_5.tif,neon_10m_linearized/2022_LAJA_2__4_5.tif,neon_2.5m_linearized/2022_LAJA_2__4_5.tif,EPSG:32619,711100.0,1994460.0,-67.00591487322673,18.028356251498018,,,,
1070,2022_LAJA_2__4_6.tif,neon_10m_linearized/2022_LAJA_2__4_6.tif,neon_2.5m_linearized/2022_LAJA_2__4_6.tif,EPSG:32619,713660.0,1994460.0,-66.98174364373993,18.0281055596726,,,,
1071,2022_LAJA_2__4_7.tif,neon_10m_linearized/2022_LAJA_2__4_7.tif,neon_2.5m_linearized/2022_LAJA_2__4_7.tif,EPSG:32619,716220.0,1994460.0,-66.95757280998946,18.02785185208683,,,,
1072,2022_LAJA_2__5_5.tif,neon_10m_linearized/2022_LAJA_2__5_5.tif,neon_2.5m_linearized/2022_LAJA_2__5_5.tif,EPSG:32619,711100.0,1991900.0,-67.00617514011414,18.005231461550636,,,,
1073,2022_LAJA_2__5_6.tif,neon_10m_linearized/2022_LAJA_2__5_6.tif,neon_2.5m_linearized/2022_LAJA_2__5_6.tif,EPSG:32619,713660.0,1991900.0,-66.98200706025425,18.004981112690974,,,,
1074,2022_LAJA_2__5_7.tif,neon_10m_linearized/2022_LAJA_2__5_7.tif,neon_2.5m_linearized/2022_LAJA_2__5_7.tif,EPSG:32619,716220.0,1991900.0,-66.95783937589162,18.004727752195798,,,,
1075,2022_MCDI_3__0_0.tif,neon_10m_linearized/2022_MCDI_3__0_0.tif,neon_2.5m_linearized/2022_MCDI_3__0_0.tif,EPSG:32614,715280.0,4317700.0,-96.5146503961782,38.98184339481488,71.0,70.0,Rural,Grassland
1076,2022_MCDI_3__0_1.tif,neon_10m_linearized/2022_MCDI_3__0_1.tif,neon_2.5m_linearized/2022_MCDI_3__0_1.tif,EPSG:32614,717840.0,4317700.0,-96.48512226686522,38.981210355459794,71.0,70.0,Rural,Grassland
1077,2022_MCDI_3__1_0.tif,neon_10m_linearized/2022_MCDI_3__1_0.tif,neon_2.5m_linearized/2022_MCDI_3__1_0.tif,EPSG:32614,715280.0,4315140.0,-96.51545621095678,38.95879594916875,71.0,70.0,Rural,Grassland
1078,2022_MCDI_3__1_1.tif,neon_10m_linearized/2022_MCDI_3__1_1.tif,neon_2.5m_linearized/2022_MCDI_3__1_1.tif,EPSG:32614,717840.0,4315140.0,-96.48593763098036,38.95816342703243,71.0,70.0,Rural,Grassland
1079,2022_MCDI_3__1_2.tif,neon_10m_linearized/2022_MCDI_3__1_2.tif,neon_2.5m_linearized/2022_MCDI_3__1_2.tif,EPSG:32614,720400.0,4315140.0,-96.45641998432718,38.95752344797604,71.0,70.0,Rural,Grassland
1080,2022_MCDI_3__2_0.tif,neon_10m_linearized/2022_MCDI_3__2_0.tif,neon_2.5m_linearized/2022_MCDI_3__2_0.tif,EPSG:32614,715280.0,4312580.0,-96.51626110331918,38.935748398226494,71.0,70.0,Rural,Grassland
1081,2022_MCDI_3__2_1.tif,neon_10m_linearized/2022_MCDI_3__2_1.tif,neon_2.5m_linearized/2022_MCDI_3__2_1.tif,EPSG:32614,717840.0,4312580.0,-96.48675206177197,38.93511639297882,71.0,70.0,Rural,Grassland
1082,2022_MCDI_3__2_2.tif,neon_10m_linearized/2022_MCDI_3__2_2.tif,neon_2.5m_linearized/2022_MCDI_3__2_2.tif,EPSG:32614,720400.0,4312580.0,-96.45724395238214,38.9344769368955,71.0,70.0,Rural,Grassland
1083,2022_MCRA_3__0_0.tif,neon_10m_linearized/2022_MCRA_3__0_0.tif,neon_2.5m_linearized/2022_MCRA_3__0_0.tif,EPSG:32610,566300.0,4903720.0,-122.16908088454257,44.28370686132148,42.0,40.0,Forest,Evergreen
1084,2022_MCRA_3__1_0.tif,neon_10m_linearized/2022_MCRA_3__1_0.tif,neon_2.5m_linearized/2022_MCRA_3__1_0.tif,EPSG:32610,566300.0,4901160.0,-122.169405548762,44.26066140575218,42.0,40.0,Forest,Evergreen
1085,2022_MLBS_5__1_3.tif,neon_10m_linearized/2022_MLBS_5__1_3.tif,neon_2.5m_linearized/2022_MLBS_5__1_3.tif,EPSG:32617,542960.0,4141140.0,-80.5145170126989,37.416064770007736,41.0,40.0,Forest,Deciduous
1086,2022_MLBS_5__1_4.tif,neon_10m_linearized/2022_MLBS_5__1_4.tif,neon_2.5m_linearized/2022_MLBS_5__1_4.tif,EPSG:32617,545520.0,4141140.0,-80.4855879641945,37.41594243236801,41.0,40.0,Forest,Deciduous
1087,2022_MLBS_5__2_2.tif,neon_10m_linearized/2022_MLBS_5__2_2.tif,neon_2.5m_linearized/2022_MLBS_5__2_2.tif,EPSG:32617,540400.0,4138580.0,-80.54358621771787,37.39310540338506,43.0,40.0,Forest,Mixed
1088,2022_MLBS_5__2_3.tif,neon_10m_linearized/2022_MLBS_5__2_3.tif,neon_2.5m_linearized/2022_MLBS_5__2_3.tif,EPSG:32617,542960.0,4138580.0,-80.5146658687604,37.392990239815575,41.0,40.0,Forest,Deciduous
1089,2022_MLBS_5__2_4.tif,neon_10m_linearized/2022_MLBS_5__2_4.tif,neon_2.5m_linearized/2022_MLBS_5__2_4.tif,EPSG:32617,545520.0,4138580.0,-80.48574568939193,37.39286800360045,41.0,40.0,Forest,Deciduous
1090,2022_MLBS_5__3_2.tif,neon_10m_linearized/2022_MLBS_5__3_2.tif,neon_2.5m_linearized/2022_MLBS_5__3_2.tif,EPSG:32617,540400.0,4136020.0,-80.54372604495457,37.37003068692167,41.0,40.0,Forest,Deciduous
1091,2022_MLBS_5__3_3.tif,neon_10m_linearized/2022_MLBS_5__3_3.tif,neon_2.5m_linearized/2022_MLBS_5__3_3.tif,EPSG:32617,542960.0,4136020.0,-80.51481455523286,37.36991561885093,41.0,40.0,Forest,Deciduous
1092,2022_MLBS_5__3_4.tif,neon_10m_linearized/2022_MLBS_5__3_4.tif,neon_2.5m_linearized/2022_MLBS_5__3_4.tif,EPSG:32617,545520.0,4136020.0,-80.48590323489674,37.36979348399916,41.0,40.0,Forest,Deciduous
1093,2022_MLBS_5__4_1.tif,neon_10m_linearized/2022_MLBS_5__4_1.tif,neon_2.5m_linearized/2022_MLBS_5__4_1.tif,EPSG:32617,537840.0,4133460.0,-80.57276851257805,37.34706379134874,41.0,40.0,Forest,Deciduous
1094,2022_MLBS_5__4_2.tif,neon_10m_linearized/2022_MLBS_5__4_2.tif,neon_2.5m_linearized/2022_MLBS_5__4_2.tif,EPSG:32617,540400.0,4133460.0,-80.54386571289746,37.34695587976346,41.0,40.0,Forest,Deciduous
1095,2022_MLBS_5__4_3.tif,neon_10m_linearized/2022_MLBS_5__4_3.tif,neon_2.5m_linearized/2022_MLBS_5__4_3.tif,EPSG:32617,542960.0,4133460.0,-80.51496307231967,37.34684090713385,41.0,40.0,Forest,Deciduous
1096,2022_MLBS_5__4_4.tif,neon_10m_linearized/2022_MLBS_5__4_4.tif,neon_2.5m_linearized/2022_MLBS_5__4_4.tif,EPSG:32617,545520.0,4133460.0,-80.48606060092442,37.34671887358434,81.0,80.0,Rural,Pasture
1097,2022_MOAB_6__0_3.tif,neon_10m_linearized/2022_MOAB_6__0_3.tif,neon_2.5m_linearized/2022_MOAB_6__0_3.tif,EPSG:32612,643940.0,4239700.0,-109.3540057293513,38.29384497989437,52.0,50.0,Rural,ShrubScrub
1098,2022_OAES_6__1_0.tif,neon_10m_linearized/2022_OAES_6__1_0.tif,neon_2.5m_linearized/2022_OAES_6__1_0.tif,EPSG:32614,489260.0,3920160.0,-99.118311165048,35.42480133981333,71.0,70.0,Rural,Grassland
1099,2022_OAES_6__1_1.tif,neon_10m_linearized/2022_OAES_6__1_1.tif,neon_2.5m_linearized/2022_OAES_6__1_1.tif,EPSG:32614,491820.0,3920160.0,-99.090110401934,35.4248256751032,71.0,70.0,Rural,Grassland
1100,2022_OAES_6__1_2.tif,neon_10m_linearized/2022_OAES_6__1_2.tif,neon_2.5m_linearized/2022_OAES_6__1_2.tif,EPSG:32614,494380.0,3920160.0,-99.06190960959093,35.42484342496443,71.0,70.0,Rural,Grassland
1101,2022_OAES_6__2_0.tif,neon_10m_linearized/2022_OAES_6__2_0.tif,neon_2.5m_linearized/2022_OAES_6__2_0.tif,EPSG:32614,489260.0,3917600.0,-99.118277430782,35.401718317124754,71.0,70.0,Rural,Grassland
1102,2022_OAES_6__2_2.tif,neon_10m_linearized/2022_OAES_6__2_2.tif,neon_2.5m_linearized/2022_OAES_6__2_2.tif,EPSG:32614,494380.0,3917600.0,-99.061891957161,35.40176036660425,71.0,70.0,Rural,Grassland
1103,2022_OAES_6__3_0.tif,neon_10m_linearized/2022_OAES_6__3_0.tif,neon_2.5m_linearized/2022_OAES_6__3_0.tif,EPSG:32614,489260.0,3915040.0,-99.11824373484887,35.37863520601946,71.0,70.0,Rural,Grassland
1104,2022_OAES_6__3_1.tif,neon_10m_linearized/2022_OAES_6__3_1.tif,neon_2.5m_linearized/2022_OAES_6__3_1.tif,EPSG:32614,491820.0,3915040.0,-99.0900590444008,35.37865950006746,71.0,70.0,Rural,Grassland
1105,2022_OAES_6__3_2.tif,neon_10m_linearized/2022_OAES_6__3_2.tif,neon_2.5m_linearized/2022_OAES_6__3_2.tif,EPSG:32614,494380.0,3915040.0,-99.06187432478995,35.37867721984733,82.0,80.0,Rural,Crops
1106,2022_OAES_6__4_0.tif,neon_10m_linearized/2022_OAES_6__4_0.tif,neon_2.5m_linearized/2022_OAES_6__4_0.tif,EPSG:32614,489260.0,3912480.0,-99.11821007720518,35.3555520065219,82.0,80.0,Rural,Crops
1107,2022_OAES_6__4_1.tif,neon_10m_linearized/2022_OAES_6__4_1.tif,neon_2.5m_linearized/2022_OAES_6__4_1.tif,EPSG:32614,491820.0,3912480.0,-99.09003340939488,35.35557627996626,71.0,70.0,Rural,Grassland
1108,2022_OAES_6__4_2.tif,neon_10m_linearized/2022_OAES_6__4_2.tif,neon_2.5m_linearized/2022_OAES_6__4_2.tif,EPSG:32614,494380.0,3912480.0,-99.06185671245494,35.35559398471811,71.0,70.0,Rural,Grassland
1109,2022_OAES_6__5_0.tif,neon_10m_linearized/2022_OAES_6__5_0.tif,neon_2.5m_linearized/2022_OAES_6__5_0.tif,EPSG:32614,489260.0,3909920.0,-99.11817645780737,35.332468718656514,71.0,70.0,Rural,Grassland
1110,2022_OAES_6__5_1.tif,neon_10m_linearized/2022_OAES_6__5_1.tif,neon_2.5m_linearized/2022_OAES_6__5_1.tif,EPSG:32614,491820.0,3909920.0,-99.0900078035186,35.33249297150877,71.0,70.0,Rural,Grassland
1111,2022_OAES_6__5_2.tif,neon_10m_linearized/2022_OAES_6__5_2.tif,neon_2.5m_linearized/2022_OAES_6__5_2.tif,EPSG:32614,494380.0,3909920.0,-99.06183912013324,35.33251066124099,71.0,70.0,Rural,Grassland
1112,2022_OAES_6__6_0.tif,neon_10m_linearized/2022_OAES_6__6_0.tif,neon_2.5m_linearized/2022_OAES_6__6_0.tif,EPSG:32614,489260.0,3907360.0,-99.1181428766121,35.309385342447854,82.0,80.0,Rural,Crops
1113,2022_OAES_6__6_1.tif,neon_10m_linearized/2022_OAES_6__6_1.tif,neon_2.5m_linearized/2022_OAES_6__6_1.tif,EPSG:32614,491820.0,3907360.0,-99.08998222673893,35.30940957471952,82.0,80.0,Rural,Crops
1114,2022_OAES_6__6_2.tif,neon_10m_linearized/2022_OAES_6__6_2.tif,neon_2.5m_linearized/2022_OAES_6__6_2.tif,EPSG:32614,494380.0,3907360.0,-99.06182154780214,35.309427249440496,71.0,70.0,Rural,Grassland
1115,2022_ONAQ_4__0_2.tif,neon_10m_linearized/2022_ONAQ_4__0_2.tif,neon_2.5m_linearized/2022_ONAQ_4__0_2.tif,EPSG:32612,371380.0,4456720.0,-112.51232396212151,40.25106032255613,42.0,40.0,Forest,Evergreen
1116,2022_ONAQ_4__5_1.tif,neon_10m_linearized/2022_ONAQ_4__5_1.tif,neon_2.5m_linearized/2022_ONAQ_4__5_1.tif,EPSG:32612,368820.0,4443920.0,-112.53980437148093,40.13538328970277,52.0,50.0,Rural,ShrubScrub
1117,2022_PRIN_5__0_0.tif,neon_10m_linearized/2022_PRIN_5__0_0.tif,neon_2.5m_linearized/2022_PRIN_5__0_0.tif,EPSG:32614,604280.0,3697720.0,-97.87846523988974,33.41375983349556,71.0,70.0,Rural,Grassland
1118,2022_PRIN_5__0_1.tif,neon_10m_linearized/2022_PRIN_5__0_1.tif,neon_2.5m_linearized/2022_PRIN_5__0_1.tif,EPSG:32614,606840.0,3697720.0,-97.85093712232484,33.41350789528258,71.0,70.0,Rural,Grassland
1119,2022_PRIN_5__1_0.tif,neon_10m_linearized/2022_PRIN_5__1_0.tif,neon_2.5m_linearized/2022_PRIN_5__1_0.tif,EPSG:32614,604280.0,3695160.0,-97.87876184462596,33.39067359650882,71.0,70.0,Rural,Grassland
1120,2022_PRIN_5__1_2.tif,neon_10m_linearized/2022_PRIN_5__1_2.tif,neon_2.5m_linearized/2022_PRIN_5__1_2.tif,EPSG:32614,609400.0,3695160.0,-97.82372050835644,33.390164058196945,71.0,70.0,Rural,Grassland
1121,2022_PRIN_5__2_3.tif,neon_10m_linearized/2022_PRIN_5__2_3.tif,neon_2.5m_linearized/2022_PRIN_5__2_3.tif,EPSG:32614,611960.0,3692600.0,-97.79651843761587,33.36681448674747,71.0,70.0,Rural,Grassland
1122,2022_REDB_4__1_0.tif,neon_10m_linearized/2022_REDB_4__1_0.tif,neon_2.5m_linearized/2022_REDB_4__1_0.tif,EPSG:32612,432260.0,4518180.0,-111.80317136772868,40.811838368207255,41.0,40.0,Forest,Deciduous
1123,2022_RMNP_4__1_1.tif,neon_10m_linearized/2022_RMNP_4__1_1.tif,neon_2.5m_linearized/2022_RMNP_4__1_1.tif,EPSG:32613,452820.0,4461180.0,-105.55515382789297,40.29979289549361,42.0,40.0,Forest,Evergreen
1124,2022_RMNP_4__1_2.tif,neon_10m_linearized/2022_RMNP_4__1_2.tif,neon_2.5m_linearized/2022_RMNP_4__1_2.tif,EPSG:32613,455380.0,4461180.0,-105.52503225800844,40.29993351131768,42.0,40.0,Forest,Evergreen
1125,2022_RMNP_4__1_3.tif,neon_10m_linearized/2022_RMNP_4__1_3.tif,neon_2.5m_linearized/2022_RMNP_4__1_3.tif,EPSG:32613,457940.0,4461180.0,-105.4949104819718,40.30006628540129,42.0,40.0,Forest,Evergreen
1126,2022_RMNP_4__1_4.tif,neon_10m_linearized/2022_RMNP_4__1_4.tif,neon_2.5m_linearized/2022_RMNP_4__1_4.tif,EPSG:32613,460500.0,4461180.0,-105.46478851160794,40.30019121759212,42.0,40.0,Forest,Evergreen
1127,2022_RMNP_4__2_1.tif,neon_10m_linearized/2022_RMNP_4__2_1.tif,neon_2.5m_linearized/2022_RMNP_4__2_1.tif,EPSG:32613,452820.0,4458620.0,-105.55496516302124,40.276730036405766,42.0,40.0,Forest,Evergreen
1128,2022_RMNP_4__2_2.tif,neon_10m_linearized/2022_RMNP_4__2_2.tif,neon_2.5m_linearized/2022_RMNP_4__2_2.tif,EPSG:32613,455380.0,4458620.0,-105.52485382854832,40.27687053827479,42.0,40.0,Forest,Evergreen
1129,2022_RMNP_4__2_3.tif,neon_10m_linearized/2022_RMNP_4__2_3.tif,neon_2.5m_linearized/2022_RMNP_4__2_3.tif,EPSG:32613,457940.0,4458620.0,-105.49474228819048,40.27700320475787,42.0,40.0,Forest,Evergreen
1130,2022_RMNP_4__2_4.tif,neon_10m_linearized/2022_RMNP_4__2_4.tif,neon_2.5m_linearized/2022_RMNP_4__2_4.tif,EPSG:32613,460500.0,4458620.0,-105.4646305537573,40.27712803570287,42.0,40.0,Forest,Evergreen
1131,2022_RMNP_4__3_1.tif,neon_10m_linearized/2022_RMNP_4__3_1.tif,neon_2.5m_linearized/2022_RMNP_4__3_1.tif,EPSG:32613,452820.0,4456060.0,-105.5547767158436,40.25366708437104,42.0,40.0,Forest,Evergreen
1132,2022_RMNP_4__3_2.tif,neon_10m_linearized/2022_RMNP_4__3_2.tif,neon_2.5m_linearized/2022_RMNP_4__3_2.tif,EPSG:32613,455380.0,4456060.0,-105.52467560497318,40.25380747236145,42.0,40.0,Forest,Evergreen
1133,2022_RMNP_4__3_3.tif,neon_10m_linearized/2022_RMNP_4__3_3.tif,neon_2.5m_linearized/2022_RMNP_4__3_3.tif,EPSG:32613,457940.0,4456060.0,-105.49457428848454,40.253940031316176,42.0,40.0,Forest,Evergreen
1134,2022_RMNP_4__3_4.tif,neon_10m_linearized/2022_RMNP_4__3_4.tif,neon_2.5m_linearized/2022_RMNP_4__3_4.tif,EPSG:32613,460500.0,4456060.0,-105.46447277817198,40.254064761083285,42.0,40.0,Forest,Evergreen
1135,2022_RMNP_4__4_1.tif,neon_10m_linearized/2022_RMNP_4__4_1.tif,neon_2.5m_linearized/2022_RMNP_4__4_1.tif,EPSG:32613,452820.0,4453500.0,-105.55458848607807,40.23060403940239,42.0,40.0,Forest,Evergreen
1136,2022_RMNP_4__4_2.tif,neon_10m_linearized/2022_RMNP_4__4_2.tif,neon_2.5m_linearized/2022_RMNP_4__4_2.tif,EPSG:32613,455380.0,4453500.0,-105.52449758701636,40.23074431359052,42.0,40.0,Forest,Evergreen
1137,2022_RMNP_4__4_3.tif,neon_10m_linearized/2022_RMNP_4__4_3.tif,neon_2.5m_linearized/2022_RMNP_4__4_3.tif,EPSG:32613,457940.0,4453500.0,-105.4944064826026,40.23087676508895,42.0,40.0,Forest,Evergreen
1138,2022_RMNP_4__4_4.tif,neon_10m_linearized/2022_RMNP_4__4_4.tif,neon_2.5m_linearized/2022_RMNP_4__4_4.tif,EPSG:32613,460500.0,4453500.0,-105.46431518461586,40.231001393745984,42.0,40.0,Forest,Evergreen
1139,2022_RMNP_4__5_1.tif,neon_10m_linearized/2022_RMNP_4__5_1.tif,neon_2.5m_linearized/2022_RMNP_4__5_1.tif,EPSG:32613,452820.0,4450940.0,-105.55440047344322,40.20754090151285,42.0,40.0,Forest,Evergreen
1140,2022_RMNP_4__5_2.tif,neon_10m_linearized/2022_RMNP_4__5_2.tif,neon_2.5m_linearized/2022_RMNP_4__5_2.tif,EPSG:32613,455380.0,4450940.0,-105.52431977441164,40.20768106197493,42.0,40.0,Forest,Evergreen
1141,2022_RMNP_4__5_3.tif,neon_10m_linearized/2022_RMNP_4__5_3.tif,neon_2.5m_linearized/2022_RMNP_4__5_3.tif,EPSG:32613,457940.0,4450940.0,-105.49423887029371,40.207813406089045,42.0,40.0,Forest,Evergreen
1142,2022_RMNP_4__5_4.tif,neon_10m_linearized/2022_RMNP_4__5_4.tif,neon_2.5m_linearized/2022_RMNP_4__5_4.tif,EPSG:32613,460500.0,4450940.0,-105.46415777285328,40.2079379337037,42.0,40.0,Forest,Evergreen
1143,2022_RMNP_4__6_1.tif,neon_10m_linearized/2022_RMNP_4__6_1.tif,neon_2.5m_linearized/2022_RMNP_4__6_1.tif,EPSG:32613,452820.0,4448380.0,-105.5542126776581,40.184477670715545,42.0,40.0,Forest,Evergreen
1144,2022_RMNP_4__6_2.tif,neon_10m_linearized/2022_RMNP_4__6_2.tif,neon_2.5m_linearized/2022_RMNP_4__6_2.tif,EPSG:32613,455380.0,4448380.0,-105.52414216689336,40.18461771752765,42.0,40.0,Forest,Evergreen
1145,2022_RMNP_4__6_3.tif,neon_10m_linearized/2022_RMNP_4__6_3.tif,neon_2.5m_linearized/2022_RMNP_4__6_3.tif,EPSG:32613,457940.0,4448380.0,-105.49407145130748,40.1847499543293,42.0,40.0,Forest,Evergreen
1146,2022_RMNP_4__6_4.tif,neon_10m_linearized/2022_RMNP_4__6_4.tif,neon_2.5m_linearized/2022_RMNP_4__6_4.tif,EPSG:32613,460500.0,4448380.0,-105.46400054264902,40.18487438096919,42.0,40.0,Forest,Evergreen
1147,2022_RMNP_4__7_1.tif,neon_10m_linearized/2022_RMNP_4__7_1.tif,neon_2.5m_linearized/2022_RMNP_4__7_1.tif,EPSG:32613,452820.0,4445820.0,-105.55402509844232,40.16141434702361,42.0,40.0,Forest,Evergreen
1148,2022_RMNP_4__7_2.tif,neon_10m_linearized/2022_RMNP_4__7_2.tif,neon_2.5m_linearized/2022_RMNP_4__7_2.tif,EPSG:32613,455380.0,4445820.0,-105.52396476419632,40.161554280261726,42.0,40.0,Forest,Evergreen
1149,2022_RMNP_4__7_3.tif,neon_10m_linearized/2022_RMNP_4__7_3.tif,neon_2.5m_linearized/2022_RMNP_4__7_3.tif,EPSG:32613,457940.0,4445820.0,-105.49390422539386,40.16168640982266,42.0,40.0,Forest,Evergreen
1150,2022_RMNP_4__7_4.tif,neon_10m_linearized/2022_RMNP_4__7_4.tif,neon_2.5m_linearized/2022_RMNP_4__7_4.tif,EPSG:32613,460500.0,4445820.0,-105.46384349376832,40.161810735555314,42.0,40.0,Forest,Evergreen
1151,2022_RMNP_4__8_1.tif,neon_10m_linearized/2022_RMNP_4__8_1.tif,neon_2.5m_linearized/2022_RMNP_4__8_1.tif,EPSG:32613,452820.0,4443260.0,-105.55383773551604,40.13835093045025,42.0,40.0,Forest,Evergreen
1152,2022_RMNP_4__8_2.tif,neon_10m_linearized/2022_RMNP_4__8_2.tif,neon_2.5m_linearized/2022_RMNP_4__8_2.tif,EPSG:32613,455380.0,4443260.0,-105.52378756605586,40.13849075019024,42.0,40.0,Forest,Evergreen
1153,2022_RMNP_4__8_3.tif,neon_10m_linearized/2022_RMNP_4__8_3.tif,neon_2.5m_linearized/2022_RMNP_4__8_3.tif,EPSG:32613,457940.0,4443260.0,-105.4937371923034,40.1386227725821,42.0,40.0,Forest,Evergreen
1154,2022_RMNP_4__8_4.tif,neon_10m_linearized/2022_RMNP_4__8_4.tif,neon_2.5m_linearized/2022_RMNP_4__8_4.tif,EPSG:32613,460500.0,4443260.0,-105.46368662597688,40.1387469974749,42.0,40.0,Forest,Evergreen
1155,2022_SCBI_5__0_1.tif,neon_10m_linearized/2022_SCBI_5__0_1.tif,neon_2.5m_linearized/2022_SCBI_5__0_1.tif,EPSG:32617,744840.0,4311700.0,-78.17589703436784,38.92007671785509,22.0,20.0,Developed,LowIntensity
1156,2022_SCBI_5__0_2.tif,neon_10m_linearized/2022_SCBI_5__0_2.tif,neon_2.5m_linearized/2022_SCBI_5__0_2.tif,EPSG:32617,747400.0,4311700.0,-78.14640269051522,38.91935892541687,41.0,40.0,Forest,Deciduous
1157,2022_SCBI_5__0_3.tif,neon_10m_linearized/2022_SCBI_5__0_3.tif,neon_2.5m_linearized/2022_SCBI_5__0_3.tif,EPSG:32617,749960.0,4311700.0,-78.11690940399218,38.91863369295312,41.0,40.0,Forest,Deciduous
1158,2022_SCBI_5__1_0.tif,neon_10m_linearized/2022_SCBI_5__1_0.tif,neon_2.5m_linearized/2022_SCBI_5__1_0.tif,EPSG:32617,742280.0,4309140.0,-78.20629646514463,38.89774512990709,41.0,40.0,Forest,Deciduous
1159,2022_SCBI_5__1_1.tif,neon_10m_linearized/2022_SCBI_5__1_1.tif,neon_2.5m_linearized/2022_SCBI_5__1_1.tif,EPSG:32617,744840.0,4309140.0,-78.1768105856736,38.89703535880873,41.0,40.0,Forest,Deciduous
1160,2022_SCBI_5__1_2.tif,neon_10m_linearized/2022_SCBI_5__1_2.tif,neon_2.5m_linearized/2022_SCBI_5__1_2.tif,EPSG:32617,747400.0,4309140.0,-78.14732575136424,38.896318152955416,41.0,40.0,Forest,Deciduous
1161,2022_SCBI_5__1_3.tif,neon_10m_linearized/2022_SCBI_5__1_3.tif,neon_2.5m_linearized/2022_SCBI_5__1_3.tif,EPSG:32617,749960.0,4309140.0,-78.11784197306564,38.89559351314471,41.0,40.0,Forest,Deciduous
1162,2022_SCBI_5__1_4.tif,neon_10m_linearized/2022_SCBI_5__1_4.tif,neon_2.5m_linearized/2022_SCBI_5__1_4.tif,EPSG:32617,752520.0,4309140.0,-78.08835926162452,38.89486144018233,41.0,40.0,Forest,Deciduous
1163,2022_SCBI_5__2_0.tif,neon_10m_linearized/2022_SCBI_5__2_0.tif,neon_2.5m_linearized/2022_SCBI_5__2_0.tif,EPSG:32617,742280.0,4306580.0,-78.20719947129135,38.87470308146966,41.0,40.0,Forest,Deciduous
1164,2022_SCBI_5__2_1.tif,neon_10m_linearized/2022_SCBI_5__2_1.tif,neon_2.5m_linearized/2022_SCBI_5__2_1.tif,EPSG:32617,744840.0,4306580.0,-78.17772309181731,38.87399389051756,41.0,40.0,Forest,Deciduous
1165,2022_SCBI_5__2_2.tif,neon_10m_linearized/2022_SCBI_5__2_2.tif,neon_2.5m_linearized/2022_SCBI_5__2_2.tif,EPSG:32617,747400.0,4306580.0,-78.14824775620205,38.873277270875846,41.0,40.0,Forest,Deciduous
1166,2022_SCBI_5__2_3.tif,neon_10m_linearized/2022_SCBI_5__2_3.tif,neon_2.5m_linearized/2022_SCBI_5__2_3.tif,EPSG:32617,749960.0,4306580.0,-78.11877347528123,38.872553223341015,41.0,40.0,Forest,Deciduous
1167,2022_SCBI_5__2_4.tif,neon_10m_linearized/2022_SCBI_5__2_4.tif,neon_2.5m_linearized/2022_SCBI_5__2_4.tif,EPSG:32617,752520.0,4306580.0,-78.0893002598881,38.87182174871784,41.0,40.0,Forest,Deciduous
1168,2022_SCBI_5__3_0.tif,neon_10m_linearized/2022_SCBI_5__3_0.tif,neon_2.5m_linearized/2022_SCBI_5__3_0.tif,EPSG:32617,742280.0,4304020.0,-78.20810144441701,38.85166092419809,41.0,40.0,Forest,Deciduous
1169,2022_SCBI_5__3_1.tif,neon_10m_linearized/2022_SCBI_5__3_1.tif,neon_2.5m_linearized/2022_SCBI_5__3_1.tif,EPSG:32617,744840.0,4304020.0,-78.17863455410185,38.85095231302333,41.0,40.0,Forest,Deciduous
1170,2022_SCBI_5__3_2.tif,neon_10m_linearized/2022_SCBI_5__3_2.tif,neon_2.5m_linearized/2022_SCBI_5__3_2.tif,EPSG:32617,747400.0,4304020.0,-78.14916870634501,38.85023627922044,41.0,40.0,Forest,Deciduous
1171,2022_SCBI_5__3_3.tif,neon_10m_linearized/2022_SCBI_5__3_3.tif,neon_2.5m_linearized/2022_SCBI_5__3_3.tif,EPSG:32617,749960.0,4304020.0,-78.11970391196873,38.84951282358493,41.0,40.0,Forest,Deciduous
1172,2022_SCBI_5__3_4.tif,neon_10m_linearized/2022_SCBI_5__3_4.tif,neon_2.5m_linearized/2022_SCBI_5__3_4.tif,EPSG:32617,752520.0,4304020.0,-78.09024018179284,38.84878194692051,41.0,40.0,Forest,Deciduous
1173,2022_SCBI_5__4_1.tif,neon_10m_linearized/2022_SCBI_5__4_1.tif,neon_2.5m_linearized/2022_SCBI_5__4_1.tif,EPSG:32617,744840.0,4301460.0,-78.17954497382767,38.8279106263678,41.0,40.0,Forest,Deciduous
1174,2022_SCBI_5__4_2.tif,neon_10m_linearized/2022_SCBI_5__4_2.tif,neon_2.5m_linearized/2022_SCBI_5__4_2.tif,EPSG:32617,747400.0,4301460.0,-78.15008860310698,38.82719517803153,41.0,40.0,Forest,Deciduous
1175,2022_SCBI_5__4_3.tif,neon_10m_linearized/2022_SCBI_5__4_3.tif,neon_2.5m_linearized/2022_SCBI_5__4_3.tif,EPSG:32617,749960.0,4301460.0,-78.12063328445541,38.82647231391932,41.0,40.0,Forest,Deciduous
1176,2022_SERC_6__1_0.tif,neon_10m_linearized/2022_SERC_6__1_0.tif,neon_2.5m_linearized/2022_SERC_6__1_0.tif,EPSG:32618,359300.0,4308180.0,-76.62279444047252,38.91125268587857,41.0,40.0,Forest,Deciduous
1177,2022_SERC_6__1_3.tif,neon_10m_linearized/2022_SERC_6__1_3.tif,neon_2.5m_linearized/2022_SERC_6__1_3.tif,EPSG:32618,366980.0,4308180.0,-76.53424589914663,38.91245018845558,41.0,40.0,Forest,Deciduous
1178,2022_SERC_6__1_4.tif,neon_10m_linearized/2022_SERC_6__1_4.tif,neon_2.5m_linearized/2022_SERC_6__1_4.tif,EPSG:32618,369540.0,4308180.0,-76.50472856616081,38.91283443805392,11.0,10.0,Water,Open Water
1179,2022_SERC_6__2_1.tif,neon_10m_linearized/2022_SERC_6__2_1.tif,neon_2.5m_linearized/2022_SERC_6__2_1.tif,EPSG:32618,361860.0,4305620.0,-76.59276346115406,38.88859877970433,41.0,40.0,Forest,Deciduous
1180,2022_SERC_6__2_4.tif,neon_10m_linearized/2022_SERC_6__2_4.tif,neon_2.5m_linearized/2022_SERC_6__2_4.tif,EPSG:32618,369540.0,4305620.0,-76.50424179679047,38.88977294462389,11.0,10.0,Water,Open Water
1181,2022_SERC_6__3_1.tif,neon_10m_linearized/2022_SERC_6__3_1.tif,neon_2.5m_linearized/2022_SERC_6__3_1.tif,EPSG:32618,361860.0,4303060.0,-76.5922486651818,38.86553815040209,41.0,40.0,Forest,Deciduous
1182,2022_SERC_6__4_1.tif,neon_10m_linearized/2022_SERC_6__4_1.tif,neon_2.5m_linearized/2022_SERC_6__4_1.tif,EPSG:32618,361860.0,4300500.0,-76.5917344585753,38.84247742404441,41.0,40.0,Forest,Deciduous
1183,2022_SERC_6__4_2.tif,neon_10m_linearized/2022_SERC_6__4_2.tif,neon_2.5m_linearized/2022_SERC_6__4_2.tif,EPSG:32618,364420.0,4300500.0,-76.56224685631545,38.84287561284235,41.0,40.0,Forest,Deciduous
1184,2022_SRER_5__1_4.tif,neon_10m_linearized/2022_SRER_5__1_4.tif,neon_2.5m_linearized/2022_SRER_5__1_4.tif,EPSG:32612,512520.0,3530160.0,-110.86758380416816,31.90722494119685,52.0,50.0,Rural,ShrubScrub
1185,2022_SRER_5__1_5.tif,neon_10m_linearized/2022_SRER_5__1_5.tif,neon_2.5m_linearized/2022_SRER_5__1_5.tif,EPSG:32612,515080.0,3530160.0,-110.84050837018754,31.907193844451843,52.0,50.0,Rural,ShrubScrub
1186,2022_SRER_5__1_6.tif,neon_10m_linearized/2022_SRER_5__1_6.tif,neon_2.5m_linearized/2022_SRER_5__1_6.tif,EPSG:32612,517640.0,3530160.0,-110.8134329818971,31.907156979106947,52.0,50.0,Rural,ShrubScrub
1187,2022_SRER_5__1_7.tif,neon_10m_linearized/2022_SRER_5__1_7.tif,neon_2.5m_linearized/2022_SRER_5__1_7.tif,EPSG:32612,520200.0,3530160.0,-110.78635764705308,31.907114345198664,52.0,50.0,Rural,ShrubScrub
1188,2022_SRER_5__1_8.tif,neon_10m_linearized/2022_SRER_5__1_8.tif,neon_2.5m_linearized/2022_SRER_5__1_8.tif,EPSG:32612,522760.0,3530160.0,-110.7592823734116,31.907065942769165,52.0,50.0,Rural,ShrubScrub
1189,2022_SRER_5__2_2.tif,neon_10m_linearized/2022_SRER_5__2_2.tif,neon_2.5m_linearized/2022_SRER_5__2_2.tif,EPSG:32612,507400.0,3527600.0,-110.92175431513375,31.88417362701844,52.0,50.0,Rural,ShrubScrub
1190,2022_SRER_5__2_5.tif,neon_10m_linearized/2022_SRER_5__2_5.tif,neon_2.5m_linearized/2022_SRER_5__2_5.tif,EPSG:32612,515080.0,3527600.0,-110.8405481831357,31.884097710580345,52.0,50.0,Rural,ShrubScrub
1191,2022_SRER_5__2_6.tif,neon_10m_linearized/2022_SRER_5__2_6.tif,neon_2.5m_linearized/2022_SRER_5__2_6.tif,EPSG:32612,517640.0,3527600.0,-110.81347955342504,31.884060878168704,52.0,50.0,Rural,ShrubScrub
1192,2022_SRER_5__2_7.tif,neon_10m_linearized/2022_SRER_5__2_7.tif,neon_2.5m_linearized/2022_SRER_5__2_7.tif,EPSG:32612,520200.0,3527600.0,-110.78641097710586,31.88401828234693,52.0,50.0,Rural,ShrubScrub
1193,2022_SRER_5__2_8.tif,neon_10m_linearized/2022_SRER_5__2_8.tif,neon_2.5m_linearized/2022_SRER_5__2_8.tif,EPSG:32612,522760.0,3527600.0,-110.75934246192637,31.883969923157142,52.0,50.0,Rural,ShrubScrub
1194,2022_SRER_5__3_2.tif,neon_10m_linearized/2022_SRER_5__3_2.tif,neon_2.5m_linearized/2022_SRER_5__3_2.tif,EPSG:32612,507400.0,3525040.0,-110.92177382969471,31.861077341238257,52.0,50.0,Rural,ShrubScrub
1195,2022_SRER_5__3_6.tif,neon_10m_linearized/2022_SRER_5__3_6.tif,neon_2.5m_linearized/2022_SRER_5__3_6.tif,EPSG:32612,517640.0,3525040.0,-110.81352607156144,31.86096469315239,52.0,50.0,Rural,ShrubScrub
1196,2022_SRER_5__3_7.tif,neon_10m_linearized/2022_SRER_5__3_7.tif,neon_2.5m_linearized/2022_SRER_5__3_7.tif,EPSG:32612,520200.0,3525040.0,-110.78646424601897,31.860922135398507,52.0,50.0,Rural,ShrubScrub
1197,2022_SRER_5__3_8.tif,neon_10m_linearized/2022_SRER_5__3_8.tif,neon_2.5m_linearized/2022_SRER_5__3_8.tif,EPSG:32612,522760.0,3525040.0,-110.75940248155337,31.860873819427315,52.0,50.0,Rural,ShrubScrub
1198,2022_SRER_5__4_1.tif,neon_10m_linearized/2022_SRER_5__4_1.tif,neon_2.5m_linearized/2022_SRER_5__4_1.tif,EPSG:32612,504840.0,3522480.0,-110.948848593472,31.83799472530419,52.0,50.0,Rural,ShrubScrub
1199,2022_SRER_5__4_2.tif,neon_10m_linearized/2022_SRER_5__4_2.tif,neon_2.5m_linearized/2022_SRER_5__4_2.tif,EPSG:32612,507400.0,3522480.0,-110.9217933218806,31.83798097146225,52.0,50.0,Rural,ShrubScrub
1200,2022_SRER_5__4_4.tif,neon_10m_linearized/2022_SRER_5__4_4.tif,neon_2.5m_linearized/2022_SRER_5__4_4.tif,EPSG:32612,512520.0,3522480.0,-110.86768285348666,31.837936204130244,52.0,50.0,Rural,ShrubScrub
1201,2022_SRER_5__4_5.tif,neon_10m_linearized/2022_SRER_5__4_5.tif,neon_2.5m_linearized/2022_SRER_5__4_5.tif,EPSG:32612,515080.0,3522480.0,-110.84062767214913,31.83790519068442,52.0,50.0,Rural,ShrubScrub
1202,2022_SRER_5__4_6.tif,neon_10m_linearized/2022_SRER_5__4_6.tif,neon_2.5m_linearized/2022_SRER_5__4_6.tif,EPSG:32612,517640.0,3522480.0,-110.8135725363612,31.83786842409106,52.0,50.0,Rural,ShrubScrub
1203,2022_SRER_5__4_7.tif,neon_10m_linearized/2022_SRER_5__4_7.tif,neon_2.5m_linearized/2022_SRER_5__4_7.tif,EPSG:32612,520200.0,3522480.0,-110.78651745385518,31.8378259043865,52.0,50.0,Rural,ShrubScrub
1204,2022_SRER_5__4_8.tif,neon_10m_linearized/2022_SRER_5__4_8.tif,neon_2.5m_linearized/2022_SRER_5__4_8.tif,EPSG:32612,522760.0,3522480.0,-110.75946243236336,31.83777763161279,52.0,50.0,Rural,ShrubScrub
1205,2022_SRER_5__5_2.tif,neon_10m_linearized/2022_SRER_5__5_2.tif,neon_2.5m_linearized/2022_SRER_5__5_2.tif,EPSG:32612,507400.0,3519920.0,-110.92181279171444,31.81488451772349,52.0,50.0,Rural,ShrubScrub
1206,2022_SRER_5__5_4.tif,neon_10m_linearized/2022_SRER_5__5_4.tif,neon_2.5m_linearized/2022_SRER_5__5_4.tif,EPSG:32612,512520.0,3519920.0,-110.86771579424004,31.81483979043268,52.0,50.0,Rural,ShrubScrub
1207,2022_SRER_5__5_5.tif,neon_10m_linearized/2022_SRER_5__5_5.tif,neon_2.5m_linearized/2022_SRER_5__5_5.tif,EPSG:32612,515080.0,3519920.0,-110.84066734830807,31.81480880472616,52.0,50.0,Rural,ShrubScrub
1208,2022_SRER_5__5_6.tif,neon_10m_linearized/2022_SRER_5__5_6.tif,neon_2.5m_linearized/2022_SRER_5__5_6.tif,EPSG:32612,517640.0,3519920.0,-110.81361894787898,31.814772071017856,52.0,50.0,Rural,ShrubScrub
1209,2022_SRER_5__6_1.tif,neon_10m_linearized/2022_SRER_5__6_1.tif,neon_2.5m_linearized/2022_SRER_5__6_1.tif,EPSG:32612,504840.0,3517360.0,-110.94887404753888,31.79180170929936,52.0,50.0,Rural,ShrubScrub
1210,2022_SRER_5__6_2.tif,neon_10m_linearized/2022_SRER_5__6_2.tif,neon_2.5m_linearized/2022_SRER_5__6_2.tif,EPSG:32612,507400.0,3517360.0,-110.92183223921909,31.79178798005512,52.0,50.0,Rural,ShrubScrub
1211,2022_SRER_5__6_4.tif,neon_10m_linearized/2022_SRER_5__6_4.tif,neon_2.5m_linearized/2022_SRER_5__6_4.tif,EPSG:32612,512520.0,3517360.0,-110.86774869721502,31.79174329278599,52.0,50.0,Rural,ShrubScrub
1212,2022_SRER_5__6_5.tif,neon_10m_linearized/2022_SRER_5__6_5.tif,neon_2.5m_linearized/2022_SRER_5__6_5.tif,EPSG:32612,515080.0,3517360.0,-110.84070697896412,31.791712334805258,71.0,70.0,Rural,Grassland
1213,2022_SRER_5__6_6.tif,neon_10m_linearized/2022_SRER_5__6_6.tif,neon_2.5m_linearized/2022_SRER_5__6_6.tif,EPSG:32612,517640.0,3517360.0,-110.81366530616944,31.79167563396599,71.0,70.0,Rural,Grassland
1214,2022_SRER_5__6_7.tif,neon_10m_linearized/2022_SRER_5__6_7.tif,neon_2.5m_linearized/2022_SRER_5__6_7.tif,EPSG:32612,520200.0,3517360.0,-110.78662368654754,31.791633190304427,52.0,50.0,Rural,ShrubScrub
1215,2022_SRER_5__6_8.tif,neon_10m_linearized/2022_SRER_5__6_8.tif,neon_2.5m_linearized/2022_SRER_5__6_8.tif,EPSG:32612,522760.0,3517360.0,-110.75958212781478,31.791585003862533,71.0,70.0,Rural,Grassland
1216,2022_SRER_5__7_2.tif,neon_10m_linearized/2022_SRER_5__7_2.tif,neon_2.5m_linearized/2022_SRER_5__7_2.tif,EPSG:32612,507400.0,3514800.0,-110.92185166441745,31.768691358490283,52.0,50.0,Rural,ShrubScrub
1217,2022_SRER_5__7_4.tif,neon_10m_linearized/2022_SRER_5__7_4.tif,neon_2.5m_linearized/2022_SRER_5__7_4.tif,EPSG:32612,512520.0,3514800.0,-110.86778156245036,31.76864671122337,52.0,50.0,Rural,ShrubScrub
1218,2022_SRER_5__7_5.tif,neon_10m_linearized/2022_SRER_5__7_5.tif,neon_2.5m_linearized/2022_SRER_5__7_5.tif,EPSG:32612,515080.0,3514800.0,-110.84074656416394,31.768615780954924,52.0,50.0,Rural,ShrubScrub
1219,2022_SRER_5__7_6.tif,neon_10m_linearized/2022_SRER_5__7_6.tif,neon_2.5m_linearized/2022_SRER_5__7_6.tif,EPSG:32612,517640.0,3514800.0,-110.8137116112872,31.76857911296869,71.0,70.0,Rural,Grassland
1220,2022_SRER_5__7_7.tif,neon_10m_linearized/2022_SRER_5__7_7.tif,neon_2.5m_linearized/2022_SRER_5__7_7.tif,EPSG:32612,520200.0,3514800.0,-110.78667671152874,31.768536707300868,52.0,50.0,Rural,ShrubScrub
1221,2022_SRER_5__7_8.tif,neon_10m_linearized/2022_SRER_5__7_8.tif,neon_2.5m_linearized/2022_SRER_5__7_8.tif,EPSG:32612,522760.0,3514800.0,-110.75964187259709,31.768488563993344,71.0,70.0,Rural,Grassland
1222,2022_SRER_5__8_4.tif,neon_10m_linearized/2022_SRER_5__8_4.tif,neon_2.5m_linearized/2022_SRER_5__8_4.tif,EPSG:32612,512520.0,3512240.0,-110.8678143899847,31.745550045778057,42.0,40.0,Forest,Evergreen
1223,2022_SRER_5__8_5.tif,neon_10m_linearized/2022_SRER_5__8_5.tif,neon_2.5m_linearized/2022_SRER_5__8_5.tif,EPSG:32612,515080.0,3512240.0,-110.84078610395406,31.745519143208444,42.0,40.0,Forest,Evergreen
1224,2022_SRER_5__8_6.tif,neon_10m_linearized/2022_SRER_5__8_6.tif,neon_2.5m_linearized/2022_SRER_5__8_6.tif,EPSG:32612,517640.0,3512240.0,-110.81375786328664,31.745482508059247,42.0,40.0,Forest,Evergreen
1225,2022_SRER_5__8_7.tif,neon_10m_linearized/2022_SRER_5__8_7.tif,neon_2.5m_linearized/2022_SRER_5__8_7.tif,EPSG:32612,520200.0,3512240.0,-110.78672967568312,31.74544014036668,42.0,40.0,Forest,Evergreen
1226,2022_SRER_5__9_4.tif,neon_10m_linearized/2022_SRER_5__9_4.tif,neon_2.5m_linearized/2022_SRER_5__9_4.tif,EPSG:32612,512520.0,3509680.0,-110.8678471798566,31.7224532964834,42.0,40.0,Forest,Evergreen
1227,2022_SRER_5__9_5.tif,neon_10m_linearized/2022_SRER_5__9_5.tif,neon_2.5m_linearized/2022_SRER_5__9_5.tif,EPSG:32612,515080.0,3509680.0,-110.84082559838096,31.72242242159913,42.0,40.0,Forest,Evergreen
1228,2022_SRER_5__9_6.tif,neon_10m_linearized/2022_SRER_5__9_6.tif,neon_2.5m_linearized/2022_SRER_5__9_6.tif,EPSG:32612,517640.0,3509680.0,-110.81380406222212,31.722385819271043,42.0,40.0,Forest,Evergreen
1229,2022_STEI_5__1_0.tif,neon_10m_linearized/2022_STEI_5__1_0.tif,neon_2.5m_linearized/2022_STEI_5__1_0.tif,EPSG:32616,296300.0,5046180.0,-89.6091339206009,45.53935316242257,41.0,40.0,Forest,Deciduous
1230,2022_STEI_5__1_1.tif,neon_10m_linearized/2022_STEI_5__1_1.tif,neon_2.5m_linearized/2022_STEI_5__1_1.tif,EPSG:32616,298860.0,5046180.0,-89.5763772311463,45.5400971461554,41.0,40.0,Forest,Deciduous
1231,2022_STEI_5__1_2.tif,neon_10m_linearized/2022_STEI_5__1_2.tif,neon_2.5m_linearized/2022_STEI_5__1_2.tif,EPSG:32616,301420.0,5046180.0,-89.54361926832492,45.54083174573899,41.0,40.0,Forest,Deciduous
1232,2022_STEI_5__1_6.tif,neon_10m_linearized/2022_STEI_5__1_6.tif,neon_2.5m_linearized/2022_STEI_5__1_6.tif,EPSG:32616,311660.0,5046180.0,-89.41257500551664,45.543676283708095,90.0,90.0,Water,WoodyWetlands
1233,2022_STEI_5__2_0.tif,neon_10m_linearized/2022_STEI_5__2_0.tif,neon_2.5m_linearized/2022_STEI_5__2_0.tif,EPSG:32616,296300.0,5043620.0,-89.60806919119055,45.51633428476092,41.0,40.0,Forest,Deciduous
1234,2022_STEI_5__2_1.tif,neon_10m_linearized/2022_STEI_5__2_1.tif,neon_2.5m_linearized/2022_STEI_5__2_1.tif,EPSG:32616,298860.0,5043620.0,-89.57532583274627,45.51707767483766,41.0,40.0,Forest,Deciduous
1235,2022_STEI_5__2_2.tif,neon_10m_linearized/2022_STEI_5__2_2.tif,neon_2.5m_linearized/2022_STEI_5__2_2.tif,EPSG:32616,301420.0,5043620.0,-89.54258120282726,45.51781168823787,90.0,90.0,Water,WoodyWetlands
1236,2022_STEI_5__3_0.tif,neon_10m_linearized/2022_STEI_5__3_0.tif,neon_2.5m_linearized/2022_STEI_5__3_0.tif,EPSG:32616,296300.0,5041060.0,-89.60700574933219,45.49331529449114,43.0,40.0,Forest,Mixed
1237,2022_STEI_5__3_1.tif,neon_10m_linearized/2022_STEI_5__3_1.tif,neon_2.5m_linearized/2022_STEI_5__3_1.tif,EPSG:32616,298860.0,5041060.0,-89.57427570582163,45.4940580913913,90.0,90.0,Water,WoodyWetlands
1238,2022_STEI_5__4_0.tif,neon_10m_linearized/2022_STEI_5__4_0.tif,neon_2.5m_linearized/2022_STEI_5__4_0.tif,EPSG:32616,296300.0,5038500.0,-89.60594359311389,45.47029619164265,90.0,90.0,Water,WoodyWetlands
1239,2022_STEI_5__4_1.tif,neon_10m_linearized/2022_STEI_5__4_1.tif,neon_2.5m_linearized/2022_STEI_5__4_1.tif,EPSG:32616,298860.0,5038500.0,-89.57322684848428,45.47103839584496,90.0,90.0,Water,WoodyWetlands
1240,2022_STEI_5__5_0.tif,neon_10m_linearized/2022_STEI_5__5_0.tif,neon_2.5m_linearized/2022_STEI_5__5_0.tif,EPSG:32616,296300.0,5035940.0,-89.60488272062781,45.44727697624487,41.0,40.0,Forest,Deciduous
1241,2022_STEI_5__5_1.tif,neon_10m_linearized/2022_STEI_5__5_1.tif,neon_2.5m_linearized/2022_STEI_5__5_1.tif,EPSG:32616,298860.0,5035940.0,-89.57217925885003,45.44801858822727,90.0,90.0,Water,WoodyWetlands
1242,2022_STEI_5__5_2.tif,neon_10m_linearized/2022_STEI_5__5_2.tif,neon_2.5m_linearized/2022_STEI_5__5_2.tif,EPSG:32616,301420.0,5035940.0,-89.53947453125001,45.44875084591532,41.0,40.0,Forest,Deciduous
1243,2022_STEI_5__5_4.tif,neon_10m_linearized/2022_STEI_5__5_4.tif,neon_2.5m_linearized/2022_STEI_5__5_4.tif,EPSG:32616,306540.0,5035940.0,-89.47406134262458,45.45018729463094,90.0,90.0,Water,WoodyWetlands
1244,2022_STER_4__0_1.tif,neon_10m_linearized/2022_STER_4__0_1.tif,neon_2.5m_linearized/2022_STER_4__0_1.tif,EPSG:32613,663840.0,4488700.0,-103.06552997821365,40.532859528455184,71.0,70.0,Rural,Grassland
1245,2022_STER_4__0_2.tif,neon_10m_linearized/2022_STER_4__0_2.tif,neon_2.5m_linearized/2022_STER_4__0_2.tif,EPSG:32613,666400.0,4488700.0,-103.03532063086809,40.5323496310659,82.0,80.0,Rural,Crops
1246,2022_STER_4__1_0.tif,neon_10m_linearized/2022_STER_4__1_0.tif,neon_2.5m_linearized/2022_STER_4__1_0.tif,EPSG:32613,661280.0,4486140.0,-103.09639248876502,40.510311284487024,71.0,70.0,Rural,Grassland
1247,2022_STER_4__1_1.tif,neon_10m_linearized/2022_STER_4__1_1.tif,neon_2.5m_linearized/2022_STER_4__1_1.tif,EPSG:32613,663840.0,4486140.0,-103.066192709334,40.50980968619398,71.0,70.0,Rural,Grassland
1248,2022_STER_4__1_2.tif,neon_10m_linearized/2022_STER_4__1_2.tif,neon_2.5m_linearized/2022_STER_4__1_2.tif,EPSG:32613,666400.0,4486140.0,-103.03599369532796,40.50930020123813,82.0,80.0,Rural,Crops
1249,2022_STER_4__1_3.tif,neon_10m_linearized/2022_STER_4__1_3.tif,neon_2.5m_linearized/2022_STER_4__1_3.tif,EPSG:32613,668960.0,4486140.0,-103.00579545866498,40.50878283020592,82.0,80.0,Rural,Crops
1250,2022_STER_4__2_0.tif,neon_10m_linearized/2022_STER_4__2_0.tif,neon_2.5m_linearized/2022_STER_4__2_0.tif,EPSG:32613,661280.0,4483580.0,-103.09704413204176,40.48726093523517,71.0,70.0,Rural,Grassland
1251,2022_STER_4__2_1.tif,neon_10m_linearized/2022_STER_4__2_1.tif,neon_2.5m_linearized/2022_STER_4__2_1.tif,EPSG:32613,663840.0,4483580.0,-103.06685467502908,40.48675974272289,82.0,80.0,Rural,Crops
1252,2022_STER_4__2_2.tif,neon_10m_linearized/2022_STER_4__2_2.tif,neon_2.5m_linearized/2022_STER_4__2_2.tif,EPSG:32613,666400.0,4483580.0,-103.03666598244452,40.486250669921766,82.0,80.0,Rural,Crops
1253,2022_STER_4__2_3.tif,neon_10m_linearized/2022_STER_4__2_3.tif,neon_2.5m_linearized/2022_STER_4__2_3.tif,EPSG:32613,668960.0,4483580.0,-103.00647806619068,40.4857337174175,82.0,80.0,Rural,Crops
1254,2022_STER_4__3_0.tif,neon_10m_linearized/2022_STER_4__3_0.tif,neon_2.5m_linearized/2022_STER_4__3_0.tif,EPSG:32613,661280.0,4481020.0,-103.0976950227945,40.46421048507202,71.0,70.0,Rural,Grassland
1255,2022_STER_4__3_1.tif,neon_10m_linearized/2022_STER_4__3_1.tif,neon_2.5m_linearized/2022_STER_4__3_1.tif,EPSG:32613,663840.0,4481020.0,-103.06751587629566,40.4637096980665,82.0,80.0,Rural,Crops
1256,2022_STER_4__3_2.tif,neon_10m_linearized/2022_STER_4__3_2.tif,neon_2.5m_linearized/2022_STER_4__3_2.tif,EPSG:32613,666400.0,4481020.0,-103.03733749323004,40.46320103714183,82.0,80.0,Rural,Crops
1257,2022_STER_4__3_3.tif,neon_10m_linearized/2022_STER_4__3_3.tif,neon_2.5m_linearized/2022_STER_4__3_3.tif,EPSG:32613,668960.0,4481020.0,-103.00715988548474,40.46268450288293,82.0,80.0,Rural,Crops
1258,2022_STER_4__4_0.tif,neon_10m_linearized/2022_STER_4__4_0.tif,neon_2.5m_linearized/2022_STER_4__4_0.tif,EPSG:32613,661280.0,4478460.0,-103.09834516200272,40.441159934021854,71.0,70.0,Rural,Grassland
1259,2022_STER_4__4_1.tif,neon_10m_linearized/2022_STER_4__4_1.tif,neon_2.5m_linearized/2022_STER_4__4_1.tif,EPSG:32613,663840.0,4478460.0,-103.06817631412872,40.4406595522495,71.0,70.0,Rural,Grassland
1260,2022_STER_4__4_2.tif,neon_10m_linearized/2022_STER_4__4_2.tif,neon_2.5m_linearized/2022_STER_4__4_2.tif,EPSG:32613,666400.0,4478460.0,-103.03800822869492,40.44015130292341,82.0,80.0,Rural,Crops
1261,2022_STER_4__4_3.tif,neon_10m_linearized/2022_STER_4__4_3.tif,neon_2.5m_linearized/2022_STER_4__4_3.tif,EPSG:32613,668960.0,4478460.0,-103.00784091757298,40.439635186627726,82.0,80.0,Rural,Crops
1262,2022_TOOL_4__0_3.tif,neon_10m_linearized/2022_TOOL_4__0_3.tif,neon_2.5m_linearized/2022_TOOL_4__0_3.tif,EPSG:32606,398960.0,7623700.0,-149.4937508418605,68.70663202212215,,,,
1263,2022_TOOL_4__3_6.tif,neon_10m_linearized/2022_TOOL_4__3_6.tif,neon_2.5m_linearized/2022_TOOL_4__3_6.tif,EPSG:32606,406640.0,7616020.0,-149.2973237570272,68.64049518286649,,,,
1264,2022_TOOL_4__4_5.tif,neon_10m_linearized/2022_TOOL_4__4_5.tif,neon_2.5m_linearized/2022_TOOL_4__4_5.tif,EPSG:32606,404080.0,7613460.0,-149.3578395939724,68.61668605766283,,,,
1265,2022_TOOL_4__4_6.tif,neon_10m_linearized/2022_TOOL_4__4_6.tif,neon_2.5m_linearized/2022_TOOL_4__4_6.tif,EPSG:32606,406640.0,7613460.0,-149.2949751143532,68.61755389385583,,,,
1266,2022_TOOL_4__7_3.tif,neon_10m_linearized/2022_TOOL_4__7_3.tif,neon_2.5m_linearized/2022_TOOL_4__7_3.tif,EPSG:32606,398960.0,7605780.0,-149.4759624432057,68.54606502598465,,,,
1267,2022_UKFS_6__0_1.tif,neon_10m_linearized/2022_UKFS_6__0_1.tif,neon_2.5m_linearized/2022_UKFS_6__0_1.tif,EPSG:32615,307860.0,4328740.0,-95.2215144978572,39.08663665591197,81.0,80.0,Rural,Pasture
1268,2022_UKFS_6__0_2.tif,neon_10m_linearized/2022_UKFS_6__0_2.tif,neon_2.5m_linearized/2022_UKFS_6__0_2.tif,EPSG:32615,310420.0,4328740.0,-95.19193623828409,39.08719670601052,81.0,80.0,Rural,Pasture
1269,2022_UKFS_6__0_3.tif,neon_10m_linearized/2022_UKFS_6__0_3.tif,neon_2.5m_linearized/2022_UKFS_6__0_3.tif,EPSG:32615,312980.0,4328740.0,-95.16235716048168,39.08774925943074,41.0,40.0,Forest,Deciduous
1270,2022_UKFS_6__1_0.tif,neon_10m_linearized/2022_UKFS_6__1_0.tif,neon_2.5m_linearized/2022_UKFS_6__1_0.tif,EPSG:32615,305300.0,4326180.0,-95.25035931047354,39.0630181710903,81.0,80.0,Rural,Pasture
1271,2022_UKFS_6__1_1.tif,neon_10m_linearized/2022_UKFS_6__1_1.tif,neon_2.5m_linearized/2022_UKFS_6__1_1.tif,EPSG:32615,307860.0,4326180.0,-95.22079148668158,39.063585253816825,41.0,40.0,Forest,Deciduous
1272,2022_UKFS_6__1_2.tif,neon_10m_linearized/2022_UKFS_6__1_2.tif,neon_2.5m_linearized/2022_UKFS_6__1_2.tif,EPSG:32615,310420.0,4326180.0,-95.19122283469942,39.06414484660444,81.0,80.0,Rural,Pasture
1273,2022_UKFS_6__1_3.tif,neon_10m_linearized/2022_UKFS_6__1_3.tif,neon_2.5m_linearized/2022_UKFS_6__1_3.tif,EPSG:32615,312980.0,4326180.0,-95.16165336551389,39.06469694882816,81.0,80.0,Rural,Pasture
1274,2022_UKFS_6__2_0.tif,neon_10m_linearized/2022_UKFS_6__2_0.tif,neon_2.5m_linearized/2022_UKFS_6__2_0.tif,EPSG:32615,305300.0,4323620.0,-95.24962753192202,39.03996712949896,82.0,80.0,Rural,Crops
1275,2022_UKFS_6__2_1.tif,neon_10m_linearized/2022_UKFS_6__2_1.tif,neon_2.5m_linearized/2022_UKFS_6__2_1.tif,EPSG:32615,307860.0,4323620.0,-95.22006930369646,39.040533749097946,81.0,80.0,Rural,Pasture
1276,2022_UKFS_6__2_2.tif,neon_10m_linearized/2022_UKFS_6__2_2.tif,neon_2.5m_linearized/2022_UKFS_6__2_2.tif,EPSG:32615,310420.0,4323620.0,-95.19051024831845,39.04109288486774,41.0,40.0,Forest,Deciduous
1277,2022_UKFS_6__2_3.tif,neon_10m_linearized/2022_UKFS_6__2_3.tif,neon_2.5m_linearized/2022_UKFS_6__2_3.tif,EPSG:32615,312980.0,4323620.0,-95.16095037676106,39.041644536184144,81.0,80.0,Rural,Pasture
1278,2022_UKFS_6__3_1.tif,neon_10m_linearized/2022_UKFS_6__3_1.tif,neon_2.5m_linearized/2022_UKFS_6__3_1.tif,EPSG:32615,307860.0,4321060.0,-95.21934794786412,39.0174821417868,82.0,80.0,Rural,Crops
1279,2022_UKFS_6__3_2.tif,neon_10m_linearized/2022_UKFS_6__3_2.tif,neon_2.5m_linearized/2022_UKFS_6__3_2.tif,EPSG:32615,310420.0,4321060.0,-95.18979847811715,39.018040820831445,81.0,80.0,Rural,Pasture
1280,2022_UKFS_6__3_3.tif,neon_10m_linearized/2022_UKFS_6__3_3.tif,neon_2.5m_linearized/2022_UKFS_6__3_3.tif,EPSG:32615,312980.0,4321060.0,-95.16024819321294,39.01859202152933,81.0,80.0,Rural,Pasture
1281,2022_UKFS_6__4_2.tif,neon_10m_linearized/2022_UKFS_6__4_2.tif,neon_2.5m_linearized/2022_UKFS_6__4_2.tif,EPSG:32615,310420.0,4318500.0,-95.18908752307344,38.994988654526594,82.0,80.0,Rural,Crops
1282,2022_UKFS_6__4_3.tif,neon_10m_linearized/2022_UKFS_6__4_3.tif,neon_2.5m_linearized/2022_UKFS_6__4_3.tif,EPSG:32615,312980.0,4318500.0,-95.15954681386108,38.995539404894295,81.0,80.0,Rural,Pasture
1283,2022_UKFS_6__5_0.tif,neon_10m_linearized/2022_UKFS_6__5_0.tif,neon_2.5m_linearized/2022_UKFS_6__5_0.tif,EPSG:32615,305300.0,4315940.0,-95.24743722081506,38.970813387519534,22.0,20.0,Developed,LowIntensity
1284,2022_UNDE_5__2_4.tif,neon_10m_linearized/2022_UNDE_5__2_4.tif,neon_2.5m_linearized/2022_UNDE_5__2_4.tif,EPSG:32616,311520.0,5122580.0,-89.44433350772397,46.230659412309215,90.0,90.0,Water,WoodyWetlands
1285,2022_WREF_5__0_1.tif,neon_10m_linearized/2022_WREF_5__0_1.tif,neon_2.5m_linearized/2022_WREF_5__0_1.tif,EPSG:32610,572820.0,5082700.0,-122.06135507988697,45.89401258401652,42.0,40.0,Forest,Evergreen
1286,2022_WREF_5__0_2.tif,neon_10m_linearized/2022_WREF_5__0_2.tif,neon_2.5m_linearized/2022_WREF_5__0_2.tif,EPSG:32610,575380.0,5082700.0,-122.02836156912848,45.89373678787324,42.0,40.0,Forest,Evergreen
1287,2022_WREF_5__0_3.tif,neon_10m_linearized/2022_WREF_5__0_3.tif,neon_2.5m_linearized/2022_WREF_5__0_3.tif,EPSG:32610,577940.0,5082700.0,-121.9953685472342,45.89345146722386,42.0,40.0,Forest,Evergreen
1288,2022_WREF_5__0_4.tif,neon_10m_linearized/2022_WREF_5__0_4.tif,neon_2.5m_linearized/2022_WREF_5__0_4.tif,EPSG:32610,580500.0,5082700.0,-121.9623760307905,45.89315662244259,42.0,40.0,Forest,Evergreen
1289,2022_WREF_5__0_5.tif,neon_10m_linearized/2022_WREF_5__0_5.tif,neon_2.5m_linearized/2022_WREF_5__0_5.tif,EPSG:32610,583060.0,5082700.0,-121.92938403638216,45.89285225391611,42.0,40.0,Forest,Evergreen
1290,2022_WREF_5__1_0.tif,neon_10m_linearized/2022_WREF_5__1_0.tif,neon_2.5m_linearized/2022_WREF_5__1_0.tif,EPSG:32610,570260.0,5080140.0,-122.09472335184796,45.87124038023395,42.0,40.0,Forest,Evergreen
1291,2022_WREF_5__1_1.tif,neon_10m_linearized/2022_WREF_5__1_1.tif,neon_2.5m_linearized/2022_WREF_5__1_1.tif,EPSG:32610,572820.0,5080140.0,-122.06174299983034,45.870974321670296,42.0,40.0,Forest,Evergreen
1292,2022_WREF_5__1_2.tif,neon_10m_linearized/2022_WREF_5__1_2.tif,neon_2.5m_linearized/2022_WREF_5__1_2.tif,EPSG:32610,575380.0,5080140.0,-122.02876311937968,45.87069874584567,42.0,40.0,Forest,Evergreen
1293,2022_WREF_5__1_3.tif,neon_10m_linearized/2022_WREF_5__1_3.tif,neon_2.5m_linearized/2022_WREF_5__1_3.tif,EPSG:32610,577940.0,5080140.0,-121.995783727059,45.87041365312128,42.0,40.0,Forest,Evergreen
1294,2022_WREF_5__1_4.tif,neon_10m_linearized/2022_WREF_5__1_4.tif,neon_2.5m_linearized/2022_WREF_5__1_4.tif,EPSG:32610,580500.0,5080140.0,-121.96280483942974,45.870119043870766,42.0,40.0,Forest,Evergreen
1295,2022_WREF_5__1_5.tif,neon_10m_linearized/2022_WREF_5__1_5.tif,neon_2.5m_linearized/2022_WREF_5__1_5.tif,EPSG:32610,583060.0,5080140.0,-121.92982647305186,45.86981491848029,42.0,40.0,Forest,Evergreen
1296,2022_WREF_5__2_0.tif,neon_10m_linearized/2022_WREF_5__2_0.tif,neon_2.5m_linearized/2022_WREF_5__2_0.tif,EPSG:32610,570260.0,5077580.0,-122.09509718577158,45.84820180950173,42.0,40.0,Forest,Evergreen
1297,2022_WREF_5__2_1.tif,neon_10m_linearized/2022_WREF_5__2_1.tif,neon_2.5m_linearized/2022_WREF_5__2_1.tif,EPSG:32610,572820.0,5077580.0,-122.06213044820656,45.84793596347557,42.0,40.0,Forest,Evergreen
1298,2022_WREF_5__2_2.tif,neon_10m_linearized/2022_WREF_5__2_2.tif,neon_2.5m_linearized/2022_WREF_5__2_2.tif,EPSG:32610,575380.0,5077580.0,-122.02916418150066,45.84766060778905,42.0,40.0,Forest,Evergreen
1299,2022_WREF_5__2_3.tif,neon_10m_linearized/2022_WREF_5__2_3.tif,neon_2.5m_linearized/2022_WREF_5__2_3.tif,EPSG:32610,577940.0,5077580.0,-121.99619840219202,45.84737574280286,42.0,40.0,Forest,Evergreen
1300,2022_WREF_5__2_4.tif,neon_10m_linearized/2022_WREF_5__2_4.tif,neon_2.5m_linearized/2022_WREF_5__2_4.tif,EPSG:32610,580500.0,5077580.0,-121.96323312681736,45.84708136889014,42.0,40.0,Forest,Evergreen
1301,2022_WREF_5__2_5.tif,neon_10m_linearized/2022_WREF_5__2_5.tif,neon_2.5m_linearized/2022_WREF_5__2_5.tif,EPSG:32610,583060.0,5077580.0,-121.9302683719117,45.84677748643647,42.0,40.0,Forest,Evergreen
1302,2022_WREF_5__2_6.tif,neon_10m_linearized/2022_WREF_5__2_6.tif,neon_2.5m_linearized/2022_WREF_5__2_6.tif,EPSG:32610,585620.0,5077580.0,-121.89730415400844,45.84646409583987,42.0,40.0,Forest,Evergreen
1303,2022_WREF_5__2_7.tif,neon_10m_linearized/2022_WREF_5__2_7.tif,neon_2.5m_linearized/2022_WREF_5__2_7.tif,EPSG:32610,588180.0,5077580.0,-121.86434048963926,45.84614119751081,42.0,40.0,Forest,Evergreen
1304,2022_WREF_5__2_8.tif,neon_10m_linearized/2022_WREF_5__2_8.tif,neon_2.5m_linearized/2022_WREF_5__2_8.tif,EPSG:32610,590740.0,5077580.0,-121.83137739533414,45.845808791872216,42.0,40.0,Forest,Evergreen
1305,2022_WREF_5__2_9.tif,neon_10m_linearized/2022_WREF_5__2_9.tif,neon_2.5m_linearized/2022_WREF_5__2_9.tif,EPSG:32610,593300.0,5077580.0,-121.7984148876212,45.84546687935941,42.0,40.0,Forest,Evergreen
1306,2022_WREF_5__3_0.tif,neon_10m_linearized/2022_WREF_5__3_0.tif,neon_2.5m_linearized/2022_WREF_5__3_0.tif,EPSG:32610,570260.0,5075020.0,-122.09547056537556,45.82516314309636,42.0,40.0,Forest,Evergreen
1307,2022_WREF_5__3_1.tif,neon_10m_linearized/2022_WREF_5__3_1.tif,neon_2.5m_linearized/2022_WREF_5__3_1.tif,EPSG:32610,572820.0,5075020.0,-122.06251742572344,45.82489750943369,42.0,40.0,Forest,Evergreen
1308,2022_WREF_5__3_2.tif,neon_10m_linearized/2022_WREF_5__3_2.tif,neon_2.5m_linearized/2022_WREF_5__3_2.tif,EPSG:32610,575380.0,5075020.0,-122.02956475622408,45.82462237370503,42.0,40.0,Forest,Evergreen
1309,2022_WREF_5__3_3.tif,neon_10m_linearized/2022_WREF_5__3_3.tif,neon_2.5m_linearized/2022_WREF_5__3_3.tif,EPSG:32610,577940.0,5075020.0,-121.99661257339086,45.82433773627061,42.0,40.0,Forest,Evergreen
1310,2022_WREF_5__3_4.tif,neon_10m_linearized/2022_WREF_5__3_4.tif,neon_2.5m_linearized/2022_WREF_5__3_4.tif,EPSG:32610,580500.0,5075020.0,-121.9636608937357,45.82404359750299,42.0,40.0,Forest,Evergreen
1311,2022_WREF_5__3_5.tif,neon_10m_linearized/2022_WREF_5__3_5.tif,neon_2.5m_linearized/2022_WREF_5__3_5.tif,EPSG:32610,583060.0,5075020.0,-121.93070973376882,45.82373995778725,42.0,40.0,Forest,Evergreen
1312,2022_WREF_5__3_6.tif,neon_10m_linearized/2022_WREF_5__3_6.tif,neon_2.5m_linearized/2022_WREF_5__3_6.tif,EPSG:32610,585620.0,5075020.0,-121.89775910999889,45.8234268175208,42.0,40.0,Forest,Evergreen
1313,2022_WREF_5__3_7.tif,neon_10m_linearized/2022_WREF_5__3_7.tif,neon_2.5m_linearized/2022_WREF_5__3_7.tif,EPSG:32610,588180.0,5075020.0,-121.86480903893278,45.82310417711356,42.0,40.0,Forest,Evergreen
1314,2022_WREF_5__3_8.tif,neon_10m_linearized/2022_WREF_5__3_8.tif,neon_2.5m_linearized/2022_WREF_5__3_8.tif,EPSG:32610,590740.0,5075020.0,-121.83185953707569,45.82277203698784,42.0,40.0,Forest,Evergreen
1315,2022_WREF_5__3_9.tif,neon_10m_linearized/2022_WREF_5__3_9.tif,neon_2.5m_linearized/2022_WREF_5__3_9.tif,EPSG:32610,593300.0,5075020.0,-121.79891062093095,45.82243039757833,42.0,40.0,Forest,Evergreen
1316,2022_WREF_5__4_0.tif,neon_10m_linearized/2022_WREF_5__4_0.tif,neon_2.5m_linearized/2022_WREF_5__4_0.tif,EPSG:32610,570260.0,5072460.0,-122.09584349134148,45.80212438101901,42.0,40.0,Forest,Evergreen
1317,2022_WREF_5__4_1.tif,neon_10m_linearized/2022_WREF_5__4_1.tif,neon_2.5m_linearized/2022_WREF_5__4_1.tif,EPSG:32610,572820.0,5072460.0,-122.06290393308733,45.80185895954608,42.0,40.0,Forest,Evergreen
1318,2022_WREF_5__4_2.tif,neon_10m_linearized/2022_WREF_5__4_2.tif,neon_2.5m_linearized/2022_WREF_5__4_2.tif,EPSG:32610,575380.0,5072460.0,-122.02996484428108,45.80158404359536,42.0,40.0,Forest,Evergreen
1319,2022_WREF_5__4_3.tif,neon_10m_linearized/2022_WREF_5__4_3.tif,neon_2.5m_linearized/2022_WREF_5__4_3.tif,EPSG:32610,577940.0,5072460.0,-121.99702624141142,45.80129963352654,42.0,40.0,Forest,Evergreen
1320,2022_WREF_5__4_4.tif,neon_10m_linearized/2022_WREF_5__4_4.tif,neon_2.5m_linearized/2022_WREF_5__4_4.tif,EPSG:32610,580500.0,5072460.0,-121.96408814096549,45.80100572971168,42.0,40.0,Forest,Evergreen
1321,2022_WREF_5__4_5.tif,neon_10m_linearized/2022_WREF_5__4_5.tif,neon_2.5m_linearized/2022_WREF_5__4_5.tif,EPSG:32610,583060.0,5072460.0,-121.93115055942874,45.80070233253528,42.0,40.0,Forest,Evergreen
1322,2022_WREF_5__5_1.tif,neon_10m_linearized/2022_WREF_5__5_1.tif,neon_2.5m_linearized/2022_WREF_5__5_1.tif,EPSG:32610,572820.0,5069900.0,-122.063289971003,45.77882031381422,42.0,40.0,Forest,Evergreen
1323,2022_WREF_5__5_2.tif,neon_10m_linearized/2022_WREF_5__5_2.tif,neon_2.5m_linearized/2022_WREF_5__5_2.tif,EPSG:32610,575380.0,5069900.0,-122.03036444640124,45.7785456174618,42.0,40.0,Forest,Evergreen
1324,2022_WREF_5__5_3.tif,neon_10m_linearized/2022_WREF_5__5_3.tif,neon_2.5m_linearized/2022_WREF_5__5_3.tif,EPSG:32610,577940.0,5069900.0,-121.997439407008,45.77826143457273,42.0,40.0,Forest,Evergreen
1325,2022_WREF_5__5_4.tif,neon_10m_linearized/2022_WREF_5__5_4.tif,neon_2.5m_linearized/2022_WREF_5__5_4.tif,EPSG:32610,580500.0,5069900.0,-121.96451486928572,45.777967765518575,42.0,40.0,Forest,Evergreen
1326,2022_WREF_5__5_5.tif,neon_10m_linearized/2022_WREF_5__5_5.tif,neon_2.5m_linearized/2022_WREF_5__5_5.tif,EPSG:32610,583060.0,5069900.0,-121.93159084969524,45.777664610683296,42.0,40.0,Forest,Evergreen
1327,2022_YELL_4__1_3.tif,neon_10m_linearized/2022_YELL_4__1_3.tif,neon_2.5m_linearized/2022_YELL_4__1_3.tif,EPSG:32612,534980.0,4980180.0,-110.55637658506512,44.97419939033487,52.0,50.0,Rural,ShrubScrub
1328,2022_YELL_4__1_4.tif,neon_10m_linearized/2022_YELL_4__1_4.tif,neon_2.5m_linearized/2022_YELL_4__1_4.tif,EPSG:32612,537540.0,4980180.0,-110.52391123224518,44.97406866463677,52.0,50.0,Rural,ShrubScrub
1329,2022_YELL_4__1_6.tif,neon_10m_linearized/2022_YELL_4__1_6.tif,neon_2.5m_linearized/2022_YELL_4__1_6.tif,EPSG:32612,542660.0,4980180.0,-110.4589812306806,44.97377952786853,52.0,50.0,Rural,ShrubScrub
1330,2022_YELL_4__2_0.tif,neon_10m_linearized/2022_YELL_4__2_0.tif,neon_2.5m_linearized/2022_YELL_4__2_0.tif,EPSG:32612,527300.0,4977620.0,-110.65391244450082,44.951491532713824,52.0,50.0,Rural,ShrubScrub
1331,2022_YELL_4__2_4.tif,neon_10m_linearized/2022_YELL_4__2_4.tif,neon_2.5m_linearized/2022_YELL_4__2_4.tif,EPSG:32612,537540.0,4977620.0,-110.52410178754822,44.951024376046455,52.0,50.0,Rural,ShrubScrub
1332,2022_YELL_4__2_5.tif,neon_10m_linearized/2022_YELL_4__2_5.tif,neon_2.5m_linearized/2022_YELL_4__2_5.tif,EPSG:32612,540100.0,4977620.0,-110.49164965710278,44.95088453360909,52.0,50.0,Rural,ShrubScrub
1333,2022_YELL_4__2_6.tif,neon_10m_linearized/2022_YELL_4__2_6.tif,neon_2.5m_linearized/2022_YELL_4__2_6.tif,EPSG:32612,542660.0,4977620.0,-110.45919777141984,44.95073547020367,42.0,40.0,Forest,Evergreen
1334,2022_YELL_4__2_7.tif,neon_10m_linearized/2022_YELL_4__2_7.tif,neon_2.5m_linearized/2022_YELL_4__2_7.tif,EPSG:32612,545220.0,4977620.0,-110.4267461461209,44.950577186020894,52.0,50.0,Rural,ShrubScrub
1335,2022_YELL_4__2_8.tif,neon_10m_linearized/2022_YELL_4__2_8.tif,neon_2.5m_linearized/2022_YELL_4__2_8.tif,EPSG:32612,547780.0,4977620.0,-110.3942947968266,44.95040968126328,52.0,50.0,Rural,ShrubScrub
1336,2022_YELL_4__3_5.tif,neon_10m_linearized/2022_YELL_4__3_5.tif,neon_2.5m_linearized/2022_YELL_4__3_5.tif,EPSG:32612,540100.0,4975060.0,-110.49185296054095,44.92784026269141,52.0,50.0,Rural,ShrubScrub
1337,2022_YELL_4__3_6.tif,neon_10m_linearized/2022_YELL_4__3_6.tif,neon_2.5m_linearized/2022_YELL_4__3_6.tif,EPSG:32612,542660.0,4975060.0,-110.45941405177496,44.92769131833912,52.0,50.0,Rural,ShrubScrub
1338,2022_YELL_4__4_5.tif,neon_10m_linearized/2022_YELL_4__4_5.tif,neon_2.5m_linearized/2022_YELL_4__4_5.tif,EPSG:32612,540100.0,4972500.0,-110.49205601957507,44.90479589766936,52.0,50.0,Rural,ShrubScrub
1339,2022_YELL_4__4_8.tif,neon_10m_linearized/2022_YELL_4__4_8.tif,neon_2.5m_linearized/2022_YELL_4__4_8.tif,EPSG:32612,547780.0,4972500.0,-110.39477897167266,44.904321803523615,52.0,50.0,Rural,ShrubScrub
1340,2022_YELL_4__5_3.tif,neon_10m_linearized/2022_YELL_4__5_3.tif,neon_2.5m_linearized/2022_YELL_4__5_3.tif,EPSG:32612,534980.0,4969940.0,-110.55708555348616,44.882021254742725,52.0,50.0,Rural,ShrubScrub
1341,2022_YELL_4__6_2.tif,neon_10m_linearized/2022_YELL_4__6_2.tif,neon_2.5m_linearized/2022_YELL_4__6_2.tif,EPSG:32612,532420.0,4967380.0,-110.58966301827884,44.85909749860847,52.0,50.0,Rural,ShrubScrub
1342,2022_YELL_4__6_3.tif,neon_10m_linearized/2022_YELL_4__6_3.tif,neon_2.5m_linearized/2022_YELL_4__6_3.tif,EPSG:32612,534980.0,4967380.0,-110.55726226335936,44.85897648601331,52.0,50.0,Rural,ShrubScrub
1343,2023_ARIK_5__1_0.tif,neon_10m_linearized/2023_ARIK_5__1_0.tif,neon_2.5m_linearized/2023_ARIK_5__1_0.tif,EPSG:32613,706280.0,4407180.0,-102.5909113133368,39.78958607769513,71.0,70.0,Rural,Grassland
1344,2023_ARIK_5__3_0.tif,neon_10m_linearized/2023_ARIK_5__3_0.tif,neon_2.5m_linearized/2023_ARIK_5__3_0.tif,EPSG:32613,706280.0,4402060.0,-102.59251807834616,39.743494865319626,71.0,70.0,Rural,Grassland
1345,2023_ARIK_5__5_1.tif,neon_10m_linearized/2023_ARIK_5__5_1.tif,neon_2.5m_linearized/2023_ARIK_5__5_1.tif,EPSG:32613,708840.0,4396940.0,-102.56428864600603,39.69678092915146,82.0,80.0,Rural,Crops
1346,2023_ARIK_5__6_0.tif,neon_10m_linearized/2023_ARIK_5__6_0.tif,neon_2.5m_linearized/2023_ARIK_5__6_0.tif,EPSG:32613,706280.0,4394380.0,-102.59492130773658,39.67435725703509,82.0,80.0,Rural,Crops
1347,2023_ARIK_5__6_2.tif,neon_10m_linearized/2023_ARIK_5__6_2.tif,neon_2.5m_linearized/2023_ARIK_5__6_2.tif,EPSG:32613,711400.0,4394380.0,-102.53527702221668,39.67310601385842,82.0,80.0,Rural,Crops
1348,2023_ARIK_5__6_3.tif,neon_10m_linearized/2023_ARIK_5__6_3.tif,neon_2.5m_linearized/2023_ARIK_5__6_3.tif,EPSG:32613,713960.0,4394380.0,-102.50545628674904,39.67246891838668,82.0,80.0,Rural,Crops
1349,2023_BONA_5__0_0.tif,neon_10m_linearized/2023_BONA_5__0_0.tif,neon_2.5m_linearized/2023_BONA_5__0_0.tif,EPSG:32606,475280.0,7235740.0,-147.52904344082262,65.24389248163556,,,,
1350,2023_BONA_5__1_0.tif,neon_10m_linearized/2023_BONA_5__1_0.tif,neon_2.5m_linearized/2023_BONA_5__1_0.tif,EPSG:32606,475280.0,7233180.0,-147.52858449937136,65.22092382733938,,,,
1351,2023_BONA_5__2_0.tif,neon_10m_linearized/2023_BONA_5__2_0.tif,neon_2.5m_linearized/2023_BONA_5__2_0.tif,EPSG:32606,475280.0,7230620.0,-147.5281264381651,65.19795510058974,,,,
1352,2023_BONA_5__3_0.tif,neon_10m_linearized/2023_BONA_5__3_0.tif,neon_2.5m_linearized/2023_BONA_5__3_0.tif,EPSG:32606,475280.0,7228060.0,-147.52766925477093,65.17498630134263,,,,
1353,2023_BONA_5__3_1.tif,neon_10m_linearized/2023_BONA_5__3_1.tif,neon_2.5m_linearized/2023_BONA_5__3_1.tif,EPSG:32606,477840.0,7228060.0,-147.4730262902974,65.17516835244982,,,,
1354,2023_BONA_5__4_0.tif,neon_10m_linearized/2023_BONA_5__4_0.tif,neon_2.5m_linearized/2023_BONA_5__4_0.tif,EPSG:32606,475280.0,7225500.0,-147.52721294676513,65.15201742955423,,,,
1355,2023_BONA_5__5_0.tif,neon_10m_linearized/2023_BONA_5__5_0.tif,neon_2.5m_linearized/2023_BONA_5__5_0.tif,EPSG:32606,475280.0,7222940.0,-147.52675751173277,65.12904848518065,,,,
1356,2023_CLBJ_7__1_0.tif,neon_10m_linearized/2023_CLBJ_7__1_0.tif,neon_2.5m_linearized/2023_CLBJ_7__1_0.tif,EPSG:32614,624260.0,3697140.0,-97.6637066133366,33.4064013533296,71.0,70.0,Rural,Grassland
1357,2023_CLBJ_7__1_1.tif,neon_10m_linearized/2023_CLBJ_7__1_1.tif,neon_2.5m_linearized/2023_CLBJ_7__1_1.tif,EPSG:32614,626820.0,3697140.0,-97.63618306962276,33.40610182396482,71.0,70.0,Rural,Grassland
1358,2023_CLBJ_7__1_2.tif,neon_10m_linearized/2023_CLBJ_7__1_2.tif,neon_2.5m_linearized/2023_CLBJ_7__1_2.tif,EPSG:32614,629380.0,3697140.0,-97.60865993712682,33.405796191733124,71.0,70.0,Rural,Grassland
1359,2023_CLBJ_7__1_3.tif,neon_10m_linearized/2023_CLBJ_7__1_3.tif,neon_2.5m_linearized/2023_CLBJ_7__1_3.tif,EPSG:32614,631940.0,3697140.0,-97.5811372241365,33.4054844569437,71.0,70.0,Rural,Grassland
1360,2023_CLBJ_7__1_4.tif,neon_10m_linearized/2023_CLBJ_7__1_4.tif,neon_2.5m_linearized/2023_CLBJ_7__1_4.tif,EPSG:32614,634500.0,3697140.0,-97.55361493893888,33.405166619911896,71.0,70.0,Rural,Grassland
1361,2023_CLBJ_7__2_0.tif,neon_10m_linearized/2023_CLBJ_7__2_0.tif,neon_2.5m_linearized/2023_CLBJ_7__2_0.tif,EPSG:32614,624260.0,3694580.0,-97.66405990588456,33.3833169507412,71.0,70.0,Rural,Grassland
1362,2023_CLBJ_7__2_1.tif,neon_10m_linearized/2023_CLBJ_7__2_1.tif,neon_2.5m_linearized/2023_CLBJ_7__2_1.tif,EPSG:32614,626820.0,3694580.0,-97.63654363347298,33.38301768238864,71.0,70.0,Rural,Grassland
1363,2023_CLBJ_7__2_2.tif,neon_10m_linearized/2023_CLBJ_7__2_2.tif,neon_2.5m_linearized/2023_CLBJ_7__2_2.tif,EPSG:32614,629380.0,3694580.0,-97.60902777183794,33.382712316485424,71.0,70.0,Rural,Grassland
1364,2023_CLBJ_7__2_3.tif,neon_10m_linearized/2023_CLBJ_7__2_3.tif,neon_2.5m_linearized/2023_CLBJ_7__2_3.tif,EPSG:32614,631940.0,3694580.0,-97.5815123292584,33.38240085334037,71.0,70.0,Rural,Grassland
1365,2023_CLBJ_7__2_4.tif,neon_10m_linearized/2023_CLBJ_7__2_4.tif,neon_2.5m_linearized/2023_CLBJ_7__2_4.tif,EPSG:32614,634500.0,3694580.0,-97.55399731401243,33.38208329326845,71.0,70.0,Rural,Grassland
1366,2023_CLBJ_7__3_0.tif,neon_10m_linearized/2023_CLBJ_7__3_0.tif,neon_2.5m_linearized/2023_CLBJ_7__3_0.tif,EPSG:32614,624260.0,3692020.0,-97.66441279593556,33.36023245885177,71.0,70.0,Rural,Grassland
1367,2023_CLBJ_7__3_1.tif,neon_10m_linearized/2023_CLBJ_7__3_1.tif,neon_2.5m_linearized/2023_CLBJ_7__3_1.tif,EPSG:32614,626820.0,3692020.0,-97.63690378654653,33.35993345137621,71.0,70.0,Rural,Grassland
1368,2023_CLBJ_7__3_2.tif,neon_10m_linearized/2023_CLBJ_7__3_2.tif,neon_2.5m_linearized/2023_CLBJ_7__3_2.tif,EPSG:32614,629380.0,3692020.0,-97.60939518749348,33.35962835166353,71.0,70.0,Rural,Grassland
1369,2023_CLBJ_7__3_3.tif,neon_10m_linearized/2023_CLBJ_7__3_3.tif,neon_2.5m_linearized/2023_CLBJ_7__3_3.tif,EPSG:32614,631940.0,3692020.0,-97.58188700704652,33.35931716002213,41.0,40.0,Forest,Deciduous
1370,2023_CLBJ_7__3_4.tif,neon_10m_linearized/2023_CLBJ_7__3_4.tif,neon_2.5m_linearized/2023_CLBJ_7__3_4.tif,EPSG:32614,634500.0,3692020.0,-97.55437925347488,33.3589998767666,71.0,70.0,Rural,Grassland
1371,2023_CLBJ_7__4_0.tif,neon_10m_linearized/2023_CLBJ_7__4_0.tif,neon_2.5m_linearized/2023_CLBJ_7__4_0.tif,EPSG:32614,624260.0,3689460.0,-97.66476528392128,33.33714787769527,71.0,70.0,Rural,Grassland
1372,2023_CLBJ_7__4_1.tif,neon_10m_linearized/2023_CLBJ_7__4_1.tif,neon_2.5m_linearized/2023_CLBJ_7__4_1.tif,EPSG:32614,626820.0,3689460.0,-97.63726352928394,33.33684913096172,71.0,70.0,Rural,Grassland
1373,2023_CLBJ_7__4_2.tif,neon_10m_linearized/2023_CLBJ_7__4_2.tif,neon_2.5m_linearized/2023_CLBJ_7__4_2.tif,EPSG:32614,629380.0,3689460.0,-97.60976218454284,33.33654429730177,71.0,70.0,Rural,Grassland
1374,2023_CLBJ_7__4_3.tif,neon_10m_linearized/2023_CLBJ_7__4_3.tif,neon_2.5m_linearized/2023_CLBJ_7__4_3.tif,EPSG:32614,631940.0,3689460.0,-97.58226125795916,33.33623337702351,41.0,40.0,Forest,Deciduous
1375,2023_CLBJ_7__5_0.tif,neon_10m_linearized/2023_CLBJ_7__5_0.tif,neon_2.5m_linearized/2023_CLBJ_7__5_0.tif,EPSG:32614,624260.0,3686900.0,-97.6651173702726,33.314063207305736,71.0,70.0,Rural,Grassland
1376,2023_CLBJ_7__5_1.tif,neon_10m_linearized/2023_CLBJ_7__5_1.tif,neon_2.5m_linearized/2023_CLBJ_7__5_1.tif,EPSG:32614,626820.0,3686900.0,-97.63762286212504,33.313764721179325,71.0,70.0,Rural,Grassland
1377,2023_CLBJ_7__5_2.tif,neon_10m_linearized/2023_CLBJ_7__5_2.tif,neon_2.5m_linearized/2023_CLBJ_7__5_2.tif,EPSG:32614,629380.0,3686900.0,-97.61012876343464,33.31346015343454,71.0,70.0,Rural,Grassland
1378,2023_CLBJ_7__5_3.tif,neon_10m_linearized/2023_CLBJ_7__5_3.tif,neon_2.5m_linearized/2023_CLBJ_7__5_3.tif,EPSG:32614,631940.0,3686900.0,-97.58263508245383,33.31314950437911,71.0,70.0,Rural,Grassland
1379,2023_CLBJ_7__5_4.tif,neon_10m_linearized/2023_CLBJ_7__5_4.tif,neon_2.5m_linearized/2023_CLBJ_7__5_4.tif,EPSG:32614,634500.0,3686900.0,-97.5551418274342,33.31283277432681,71.0,70.0,Rural,Grassland
1380,2023_DEJU_5__1_1.tif,neon_10m_linearized/2023_DEJU_5__1_1.tif,neon_2.5m_linearized/2023_DEJU_5__1_1.tif,EPSG:32606,561840.0,7090140.0,-145.73865761134692,63.93282332074436,,,,
1381,2023_DEJU_5__1_2.tif,neon_10m_linearized/2023_DEJU_5__1_2.tif,neon_2.5m_linearized/2023_DEJU_5__1_2.tif,EPSG:32606,564400.0,7090140.0,-145.6864578285865,63.932359649206624,,,,
1382,2023_DEJU_5__1_3.tif,neon_10m_linearized/2023_DEJU_5__1_3.tif,neon_2.5m_linearized/2023_DEJU_5__1_3.tif,EPSG:32606,566960.0,7090140.0,-145.63426001638854,63.93187718357794,,,,
1383,2023_DEJU_5__2_0.tif,neon_10m_linearized/2023_DEJU_5__2_0.tif,neon_2.5m_linearized/2023_DEJU_5__2_0.tif,EPSG:32606,559280.0,7087580.0,-145.7918481266402,63.91029956294102,,,,
1384,2023_DEJU_5__2_3.tif,neon_10m_linearized/2023_DEJU_5__2_3.tif,neon_2.5m_linearized/2023_DEJU_5__2_3.tif,EPSG:32606,566960.0,7087580.0,-145.6353768327075,63.9089099551899,,,,
1385,2023_DEJU_5__3_1.tif,neon_10m_linearized/2023_DEJU_5__3_1.tif,neon_2.5m_linearized/2023_DEJU_5__3_1.tif,EPSG:32606,561840.0,7085020.0,-145.74071873176655,63.88688686941458,,,,
1386,2023_DEJU_5__3_2.tif,neon_10m_linearized/2023_DEJU_5__3_2.tif,neon_2.5m_linearized/2023_DEJU_5__3_2.tif,EPSG:32606,564400.0,7085020.0,-145.68860418859882,63.88642413415534,,,,
1387,2023_DEJU_5__3_3.tif,neon_10m_linearized/2023_DEJU_5__3_3.tif,neon_2.5m_linearized/2023_DEJU_5__3_3.tif,EPSG:32606,566960.0,7085020.0,-145.63649160566743,63.88594264272272,,,,
1388,2023_DEJU_5__4_0.tif,neon_10m_linearized/2023_DEJU_5__4_0.tif,neon_2.5m_linearized/2023_DEJU_5__4_0.tif,EPSG:32606,559280.0,7082460.0,-145.79382038347933,63.86436204966563,,,,
1389,2023_DEJU_5__4_1.tif,neon_10m_linearized/2023_DEJU_5__4_1.tif,neon_2.5m_linearized/2023_DEJU_5__4_1.tif,EPSG:32606,561840.0,7082460.0,-145.7417464658119,63.86391851995093,,,,
1390,2023_DEJU_5__4_2.tif,neon_10m_linearized/2023_DEJU_5__4_2.tif,neon_2.5m_linearized/2023_DEJU_5__4_2.tif,EPSG:32606,564400.0,7082460.0,-145.68967442566895,63.86345625168514,,,,
1391,2023_DEJU_5__5_0.tif,neon_10m_linearized/2023_DEJU_5__5_0.tif,neon_2.5m_linearized/2023_DEJU_5__5_0.tif,EPSG:32606,559280.0,7079900.0,-145.79480380963355,63.84139317029266,,,,
1392,2023_DEJU_5__5_1.tif,neon_10m_linearized/2023_DEJU_5__5_1.tif,neon_2.5m_linearized/2023_DEJU_5__5_1.tif,EPSG:32606,561840.0,7079900.0,-145.74277232232987,63.84095008792538,,,,
1393,2023_DEJU_5__5_3.tif,neon_10m_linearized/2023_DEJU_5__5_3.tif,neon_2.5m_linearized/2023_DEJU_5__5_3.tif,EPSG:32606,566960.0,7079900.0,-145.638715042924,63.84000776547904,,,,
1394,2023_DEJU_5__6_1.tif,neon_10m_linearized/2023_DEJU_5__6_1.tif,neon_2.5m_linearized/2023_DEJU_5__6_1.tif,EPSG:32606,561840.0,7077340.0,-145.74379630623554,63.81798157331579,,,,
1395,2023_DEJU_5__6_2.tif,neon_10m_linearized/2023_DEJU_5__6_2.tif,neon_2.5m_linearized/2023_DEJU_5__6_2.tif,EPSG:32606,564400.0,7077340.0,-145.69180903961674,63.81752023675534,,,,
1396,2023_DEJU_5__7_0.tif,neon_10m_linearized/2023_DEJU_5__7_0.tif,neon_2.5m_linearized/2023_DEJU_5__7_0.tif,EPSG:32606,559280.0,7074780.0,-145.79676528097218,63.79545516595593,,,,
1397,2023_DEJU_5__7_1.tif,neon_10m_linearized/2023_DEJU_5__7_1.tif,neon_2.5m_linearized/2023_DEJU_5__7_1.tif,EPSG:32606,561840.0,7074780.0,-145.74481842242673,63.795012976100026,,,,
1398,2023_DEJU_5__7_2.tif,neon_10m_linearized/2023_DEJU_5__7_2.tif,neon_2.5m_linearized/2023_DEJU_5__7_2.tif,EPSG:32606,564400.0,7074780.0,-145.6928734267122,63.7945521042555,,,,
1399,2023_DEJU_5__7_3.tif,neon_10m_linearized/2023_DEJU_5__7_3.tif,neon_2.5m_linearized/2023_DEJU_5__7_3.tif,EPSG:32606,566960.0,7074780.0,-145.64093037079826,63.79407255170306,,,,
1400,2023_DELA_7__0_1.tif,neon_10m_linearized/2023_DELA_7__0_1.tif,neon_2.5m_linearized/2023_DELA_7__0_1.tif,EPSG:32616,417840.0,3607720.0,-87.87560275873098,32.60394564349994,90.0,90.0,Water,WoodyWetlands
1401,2023_DELA_7__0_2.tif,neon_10m_linearized/2023_DELA_7__0_2.tif,neon_2.5m_linearized/2023_DELA_7__0_2.tif,EPSG:32616,420400.0,3607720.0,-87.84832272286309,32.60413283829999,90.0,90.0,Water,WoodyWetlands
1402,2023_DELA_7__0_5.tif,neon_10m_linearized/2023_DELA_7__0_5.tif,neon_2.5m_linearized/2023_DELA_7__0_5.tif,EPSG:32616,428080.0,3607720.0,-87.76648115432677,32.60465888290542,90.0,90.0,Water,WoodyWetlands
1403,2023_DELA_7__1_1.tif,neon_10m_linearized/2023_DELA_7__1_1.tif,neon_2.5m_linearized/2023_DELA_7__1_1.tif,EPSG:32616,417840.0,3605160.0,-87.87537823402486,32.58085467495114,90.0,90.0,Water,WoodyWetlands
1404,2023_DELA_7__1_2.tif,neon_10m_linearized/2023_DELA_7__1_2.tif,neon_2.5m_linearized/2023_DELA_7__1_2.tif,EPSG:32616,420400.0,3605160.0,-87.8481051913094,32.58104170450947,90.0,90.0,Water,WoodyWetlands
1405,2023_DELA_7__1_3.tif,neon_10m_linearized/2023_DELA_7__1_3.tif,neon_2.5m_linearized/2023_DELA_7__1_3.tif,EPSG:32616,422960.0,3605160.0,-87.82083190003418,32.581222816116394,90.0,90.0,Water,WoodyWetlands
1406,2023_DELA_7__1_4.tif,neon_10m_linearized/2023_DELA_7__1_4.tif,neon_2.5m_linearized/2023_DELA_7__1_4.tif,EPSG:32616,425520.0,3605160.0,-87.79355836818864,32.58139800959093,90.0,90.0,Water,WoodyWetlands
1407,2023_DELA_7__1_5.tif,neon_10m_linearized/2023_DELA_7__1_5.tif,neon_2.5m_linearized/2023_DELA_7__1_5.tif,EPSG:32616,428080.0,3605160.0,-87.76628460376264,32.58156728475796,90.0,90.0,Water,WoodyWetlands
1408,2023_DELA_7__2_1.tif,neon_10m_linearized/2023_DELA_7__2_1.tif,neon_2.5m_linearized/2023_DELA_7__2_1.tif,EPSG:32616,417840.0,3602600.0,-87.87515396586758,32.55776362005759,90.0,90.0,Water,WoodyWetlands
1409,2023_DELA_7__2_2.tif,neon_10m_linearized/2023_DELA_7__2_2.tif,neon_2.5m_linearized/2023_DELA_7__2_2.tif,EPSG:32616,420400.0,3602600.0,-87.84788790831557,32.55795048445715,90.0,90.0,Water,WoodyWetlands
1410,2023_DELA_7__2_3.tif,neon_10m_linearized/2023_DELA_7__2_3.tif,neon_2.5m_linearized/2023_DELA_7__2_3.tif,EPSG:32616,422960.0,3602600.0,-87.82062160246429,32.558131436130594,90.0,90.0,Water,WoodyWetlands
1411,2023_DELA_7__2_4.tif,neon_10m_linearized/2023_DELA_7__2_4.tif,neon_2.5m_linearized/2023_DELA_7__2_4.tif,EPSG:32616,425520.0,3602600.0,-87.79335505629484,32.55830647489715,90.0,90.0,Water,WoodyWetlands
1412,2023_DELA_7__2_5.tif,neon_10m_linearized/2023_DELA_7__2_5.tif,neon_2.5m_linearized/2023_DELA_7__2_5.tif,EPSG:32616,428080.0,3602600.0,-87.76608827778871,32.558475600581914,81.0,80.0,Rural,Pasture
1413,2023_DELA_7__4_1.tif,neon_10m_linearized/2023_DELA_7__4_1.tif,neon_2.5m_linearized/2023_DELA_7__4_1.tif,EPSG:32616,417840.0,3597480.0,-87.87470619812446,32.51158125136915,90.0,90.0,Water,WoodyWetlands
1414,2023_DELA_7__4_2.tif,neon_10m_linearized/2023_DELA_7__4_2.tif,neon_2.5m_linearized/2023_DELA_7__4_2.tif,EPSG:32616,420400.0,3597480.0,-87.8474540869658,32.511767785699675,22.0,20.0,Developed,LowIntensity
1415,2023_DELA_7__4_3.tif,neon_10m_linearized/2023_DELA_7__4_3.tif,neon_2.5m_linearized/2023_DELA_7__4_3.tif,EPSG:32616,422960.0,3597480.0,-87.82020172802756,32.51194841774677,22.0,20.0,Developed,LowIntensity
1416,2023_DELA_7__4_4.tif,neon_10m_linearized/2023_DELA_7__4_4.tif,neon_2.5m_linearized/2023_DELA_7__4_4.tif,EPSG:32616,425520.0,3597480.0,-87.79294912927413,32.5121231473301,81.0,80.0,Rural,Pasture
1417,2023_DELA_7__4_5.tif,neon_10m_linearized/2023_DELA_7__4_5.tif,neon_2.5m_linearized/2023_DELA_7__4_5.tif,EPSG:32616,428080.0,3597480.0,-87.7656962986703,32.51229197427524,81.0,80.0,Rural,Pasture
1418,2023_DSNY_7__0_0.tif,neon_10m_linearized/2023_DSNY_7__0_0.tif,neon_2.5m_linearized/2023_DSNY_7__0_0.tif,EPSG:32617,452300.0,3113740.0,-81.48580211225064,28.148427288099565,90.0,90.0,Water,WoodyWetlands
1419,2023_DSNY_7__0_1.tif,neon_10m_linearized/2023_DSNY_7__0_1.tif,neon_2.5m_linearized/2023_DSNY_7__0_1.tif,EPSG:32617,454860.0,3113740.0,-81.45973041956726,28.148517243362647,22.0,20.0,Developed,LowIntensity
1420,2023_DSNY_7__0_2.tif,neon_10m_linearized/2023_DSNY_7__0_2.tif,neon_2.5m_linearized/2023_DSNY_7__0_2.tif,EPSG:32617,457420.0,3113740.0,-81.4336586101166,28.14860223818556,90.0,90.0,Water,WoodyWetlands
1421,2023_DSNY_7__0_3.tif,neon_10m_linearized/2023_DSNY_7__0_3.tif,neon_2.5m_linearized/2023_DSNY_7__0_3.tif,EPSG:32617,459980.0,3113740.0,-81.40758669051979,28.148682272488266,81.0,80.0,Rural,Pasture
1422,2023_DSNY_7__1_0.tif,neon_10m_linearized/2023_DSNY_7__1_0.tif,neon_2.5m_linearized/2023_DSNY_7__1_0.tif,EPSG:32617,452300.0,3111180.0,-81.48569788597138,28.125318701154605,90.0,90.0,Water,WoodyWetlands
1423,2023_DSNY_7__1_1.tif,neon_10m_linearized/2023_DSNY_7__1_1.tif,neon_2.5m_linearized/2023_DSNY_7__1_1.tif,EPSG:32617,454860.0,3111180.0,-81.45963178633846,28.125408569619083,21.0,20.0,Developed,OpenSpace
1424,2023_DSNY_7__1_2.tif,neon_10m_linearized/2023_DSNY_7__1_2.tif,neon_2.5m_linearized/2023_DSNY_7__1_2.tif,EPSG:32617,457420.0,3111180.0,-81.43356557004493,28.12549348242963,90.0,90.0,Water,WoodyWetlands
1425,2023_DSNY_7__1_3.tif,neon_10m_linearized/2023_DSNY_7__1_3.tif,neon_2.5m_linearized/2023_DSNY_7__1_3.tif,EPSG:32617,459980.0,3111180.0,-81.40749924370597,28.125573439506304,90.0,90.0,Water,WoodyWetlands
1426,2023_DSNY_7__1_4.tif,neon_10m_linearized/2023_DSNY_7__1_4.tif,neon_2.5m_linearized/2023_DSNY_7__1_4.tif,EPSG:32617,462540.0,3111180.0,-81.38143281393685,28.125648440773816,81.0,80.0,Rural,Pasture
1427,2023_DSNY_7__2_0.tif,neon_10m_linearized/2023_DSNY_7__2_0.tif,neon_2.5m_linearized/2023_DSNY_7__2_0.tif,EPSG:32617,452300.0,3108620.0,-81.4855937829677,28.10221003592161,90.0,90.0,Water,WoodyWetlands
1428,2023_DSNY_7__2_1.tif,neon_10m_linearized/2023_DSNY_7__2_1.tif,neon_2.5m_linearized/2023_DSNY_7__2_1.tif,EPSG:32617,454860.0,3108620.0,-81.45953326977026,28.10229981762378,90.0,90.0,Water,WoodyWetlands
1429,2023_DSNY_7__2_2.tif,neon_10m_linearized/2023_DSNY_7__2_2.tif,neon_2.5m_linearized/2023_DSNY_7__2_2.tif,EPSG:32617,457420.0,3108620.0,-81.43347264001875,28.10238464845625,90.0,90.0,Water,WoodyWetlands
1430,2023_DSNY_7__2_3.tif,neon_10m_linearized/2023_DSNY_7__2_3.tif,neon_2.5m_linearized/2023_DSNY_7__2_3.tif,EPSG:32617,459980.0,3108620.0,-81.4074119003223,28.1024645283392,90.0,90.0,Water,WoodyWetlands
1431,2023_DSNY_7__2_4.tif,neon_10m_linearized/2023_DSNY_7__2_4.tif,neon_2.5m_linearized/2023_DSNY_7__2_4.tif,EPSG:32617,462540.0,3108620.0,-81.38135105729016,28.102539457197413,90.0,90.0,Water,WoodyWetlands
1432,2023_DSNY_7__3_0.tif,neon_10m_linearized/2023_DSNY_7__3_0.tif,neon_2.5m_linearized/2023_DSNY_7__3_0.tif,EPSG:32617,452300.0,3106060.0,-81.48548980312705,28.07910129244276,90.0,90.0,Water,WoodyWetlands
1433,2023_DSNY_7__3_1.tif,neon_10m_linearized/2023_DSNY_7__3_1.tif,neon_2.5m_linearized/2023_DSNY_7__3_1.tif,EPSG:32617,454860.0,3106060.0,-81.45943486975617,28.079190987418865,90.0,90.0,Water,WoodyWetlands
1434,2023_DSNY_7__3_2.tif,neon_10m_linearized/2023_DSNY_7__3_2.tif,neon_2.5m_linearized/2023_DSNY_7__3_2.tif,EPSG:32617,457420.0,3106060.0,-81.43337981993757,28.079275736307515,90.0,90.0,Water,WoodyWetlands
1435,2023_DSNY_7__3_3.tif,neon_10m_linearized/2023_DSNY_7__3_3.tif,neon_2.5m_linearized/2023_DSNY_7__3_3.tif,EPSG:32617,459980.0,3106060.0,-81.40732466027436,28.079355539028978,90.0,90.0,Water,WoodyWetlands
1436,2023_DSNY_7__3_4.tif,neon_10m_linearized/2023_DSNY_7__3_4.tif,neon_2.5m_linearized/2023_DSNY_7__3_4.tif,EPSG:32617,462540.0,3106060.0,-81.38126939736973,28.079430395508144,90.0,90.0,Water,WoodyWetlands
1437,2023_DSNY_7__4_0.tif,neon_10m_linearized/2023_DSNY_7__4_0.tif,neon_2.5m_linearized/2023_DSNY_7__4_0.tif,EPSG:32617,452300.0,3103500.0,-81.48538594633705,28.055992470760263,90.0,90.0,Water,WoodyWetlands
1438,2023_DSNY_7__4_1.tif,neon_10m_linearized/2023_DSNY_7__4_1.tif,neon_2.5m_linearized/2023_DSNY_7__4_1.tif,EPSG:32617,454860.0,3103500.0,-81.4593365861898,28.0560820790465,90.0,90.0,Water,WoodyWetlands
1439,2023_DSNY_7__4_2.tif,neon_10m_linearized/2023_DSNY_7__4_2.tif,neon_2.5m_linearized/2023_DSNY_7__4_2.tif,EPSG:32617,457420.0,3103500.0,-81.43328710970104,28.05616674602553,90.0,90.0,Water,WoodyWetlands
1440,2023_DSNY_7__4_3.tif,neon_10m_linearized/2023_DSNY_7__4_3.tif,neon_2.5m_linearized/2023_DSNY_7__4_3.tif,EPSG:32617,459980.0,3103500.0,-81.4072375234678,28.056246471617715,52.0,50.0,Rural,ShrubScrub
1441,2023_DSNY_7__4_4.tif,neon_10m_linearized/2023_DSNY_7__4_4.tif,neon_2.5m_linearized/2023_DSNY_7__4_4.tif,EPSG:32617,462540.0,3103500.0,-81.38118783408733,28.056321255748035,81.0,80.0,Rural,Pasture
1442,2023_DSNY_7__5_4.tif,neon_10m_linearized/2023_DSNY_7__5_4.tif,neon_2.5m_linearized/2023_DSNY_7__5_4.tif,EPSG:32617,462540.0,3100940.0,-81.3811063673548,28.03321203795918,90.0,90.0,Water,WoodyWetlands
1443,2023_HEAL_5__0_1.tif,neon_10m_linearized/2023_HEAL_5__0_1.tif,neon_2.5m_linearized/2023_HEAL_5__0_1.tif,EPSG:32606,388860.0,7091740.0,-149.26732978091198,63.93493889302907,,,,
1444,2023_HEAL_5__0_2.tif,neon_10m_linearized/2023_HEAL_5__0_2.tif,neon_2.5m_linearized/2023_HEAL_5__0_2.tif,EPSG:32606,391420.0,7091740.0,-149.21515165106493,63.93574595530802,,,,
1445,2023_HEAL_5__0_3.tif,neon_10m_linearized/2023_HEAL_5__0_3.tif,neon_2.5m_linearized/2023_HEAL_5__0_3.tif,EPSG:32606,393980.0,7091740.0,-149.16297019933,63.93653424236823,,,,
1446,2023_HEAL_5__1_0.tif,neon_10m_linearized/2023_HEAL_5__1_0.tif,neon_2.5m_linearized/2023_HEAL_5__1_0.tif,EPSG:32606,386300.0,7089180.0,-149.3176079161168,63.91115812617755,,,,
1447,2023_HEAL_5__1_1.tif,neon_10m_linearized/2023_HEAL_5__1_1.tif,neon_2.5m_linearized/2023_HEAL_5__1_1.tif,EPSG:32606,388860.0,7089180.0,-149.26547575783383,63.91198312735413,,,,
1448,2023_HEAL_5__4_1.tif,neon_10m_linearized/2023_HEAL_5__4_1.tif,neon_2.5m_linearized/2023_HEAL_5__4_1.tif,EPSG:32606,388860.0,7081500.0,-149.25993399816343,63.84311521425421,,,,
1449,2023_JERC_7__1_5.tif,neon_10m_linearized/2023_JERC_7__1_5.tif,neon_2.5m_linearized/2023_JERC_7__1_5.tif,EPSG:32616,744100.0,3466140.0,-84.43529232737332,31.30406000717156,82.0,80.0,Rural,Crops
1450,2023_JERC_7__2_1.tif,neon_10m_linearized/2023_JERC_7__2_1.tif,neon_2.5m_linearized/2023_JERC_7__2_1.tif,EPSG:32616,733860.0,3463580.0,-84.54339498831366,31.283086141229155,82.0,80.0,Rural,Crops
1451,2023_JERC_7__2_2.tif,neon_10m_linearized/2023_JERC_7__2_2.tif,neon_2.5m_linearized/2023_JERC_7__2_2.tif,EPSG:32616,736420.0,3463580.0,-84.5165245475042,31.282569227123226,42.0,40.0,Forest,Evergreen
1452,2023_JERC_7__2_3.tif,neon_10m_linearized/2023_JERC_7__2_3.tif,neon_2.5m_linearized/2023_JERC_7__2_3.tif,EPSG:32616,738980.0,3463580.0,-84.48965480257284,31.28204670107848,42.0,40.0,Forest,Evergreen
1453,2023_JERC_7__3_1.tif,neon_10m_linearized/2023_JERC_7__3_1.tif,neon_2.5m_linearized/2023_JERC_7__3_1.tif,EPSG:32616,733860.0,3461020.0,-84.54399326640943,31.260008958466376,82.0,80.0,Rural,Crops
1454,2023_JERC_7__3_2.tif,neon_10m_linearized/2023_JERC_7__3_2.tif,neon_2.5m_linearized/2023_JERC_7__3_2.tif,EPSG:32616,736420.0,3461020.0,-84.51712935328314,31.25949251092513,42.0,40.0,Forest,Evergreen
1455,2023_JERC_7__3_3.tif,neon_10m_linearized/2023_JERC_7__3_3.tif,neon_2.5m_linearized/2023_JERC_7__3_3.tif,EPSG:32616,738980.0,3461020.0,-84.49026613533402,31.2589704565053,42.0,40.0,Forest,Evergreen
1456,2023_JERC_7__4_2.tif,neon_10m_linearized/2023_JERC_7__4_2.tif,neon_2.5m_linearized/2023_JERC_7__4_2.tif,EPSG:32616,736420.0,3458460.0,-84.51773346388468,31.23641570125889,82.0,80.0,Rural,Crops
1457,2023_JERC_7__4_3.tif,neon_10m_linearized/2023_JERC_7__4_3.tif,neon_2.5m_linearized/2023_JERC_7__4_3.tif,EPSG:32616,738980.0,3458460.0,-84.4908767654277,31.23589411823968,42.0,40.0,Forest,Evergreen
1458,2023_JERC_7__4_7.tif,neon_10m_linearized/2023_JERC_7__4_7.tif,neon_2.5m_linearized/2023_JERC_7__4_7.tif,EPSG:32616,749220.0,3458460.0,-84.38345706600849,31.23375177824368,42.0,40.0,Forest,Evergreen
1459,2023_JERC_7__5_2.tif,neon_10m_linearized/2023_JERC_7__5_2.tif,neon_2.5m_linearized/2023_JERC_7__5_2.tif,EPSG:32616,736420.0,3455900.0,-84.51833688000855,31.213338798173464,82.0,80.0,Rural,Crops
1460,2023_JERC_7__5_3.tif,neon_10m_linearized/2023_JERC_7__5_3.tif,neon_2.5m_linearized/2023_JERC_7__5_3.tif,EPSG:32616,738980.0,3455900.0,-84.4914866935611,31.212817686330894,82.0,80.0,Rural,Crops
1461,2023_JERC_7__5_7.tif,neon_10m_linearized/2023_JERC_7__5_7.tif,neon_2.5m_linearized/2023_JERC_7__5_7.tif,EPSG:32616,749220.0,3455900.0,-84.38409303504486,31.210677281583283,82.0,80.0,Rural,Crops
1462,2023_JERC_7__6_2.tif,neon_10m_linearized/2023_JERC_7__6_2.tif,neon_2.5m_linearized/2023_JERC_7__6_2.tif,EPSG:32616,736420.0,3453340.0,-84.5189396023533,31.19026180171782,82.0,80.0,Rural,Crops
1463,2023_JERC_7__6_7.tif,neon_10m_linearized/2023_JERC_7__6_7.tif,neon_2.5m_linearized/2023_JERC_7__6_7.tif,EPSG:32616,749220.0,3453340.0,-84.38472827293866,31.18760269041053,82.0,80.0,Rural,Crops
1464,2023_JERC_7__7_6.tif,neon_10m_linearized/2023_JERC_7__7_6.tif,neon_2.5m_linearized/2023_JERC_7__7_6.tif,EPSG:32616,746660.0,3450780.0,-84.4121971211395,31.16507051644348,82.0,80.0,Rural,Crops
1465,2023_KONZ_8__1_1.tif,neon_10m_linearized/2023_KONZ_8__1_1.tif,neon_2.5m_linearized/2023_KONZ_8__1_1.tif,EPSG:32614,705840.0,4345140.0,-96.61522778975343,39.23116635564907,71.0,70.0,Rural,Grassland
1466,2023_KONZ_8__2_1.tif,neon_10m_linearized/2023_KONZ_8__2_1.tif,neon_2.5m_linearized/2023_KONZ_8__2_1.tif,EPSG:32614,705840.0,4342580.0,-96.61600790708732,39.20811817347301,22.0,20.0,Developed,LowIntensity
1467,2023_KONZ_8__2_2.tif,neon_10m_linearized/2023_KONZ_8__2_2.tif,neon_2.5m_linearized/2023_KONZ_8__2_2.tif,EPSG:32614,708400.0,4342580.0,-96.58638300659548,39.20750783499477,22.0,20.0,Developed,LowIntensity
1468,2023_KONZ_8__2_4.tif,neon_10m_linearized/2023_KONZ_8__2_4.tif,neon_2.5m_linearized/2023_KONZ_8__2_4.tif,EPSG:32614,713520.0,4342580.0,-96.52713593222072,39.20626458380861,82.0,80.0,Rural,Crops
1469,2023_KONZ_8__3_1.tif,neon_10m_linearized/2023_KONZ_8__3_1.tif,neon_2.5m_linearized/2023_KONZ_8__3_1.tif,EPSG:32614,705840.0,4340020.0,-96.61678713030034,39.1850698868221,22.0,20.0,Developed,LowIntensity
1470,2023_KONZ_8__3_2.tif,neon_10m_linearized/2023_KONZ_8__3_2.tif,neon_2.5m_linearized/2023_KONZ_8__3_2.tif,EPSG:32614,708400.0,4340020.0,-96.5871718901292,39.1844600461984,22.0,20.0,Developed,LowIntensity
1471,2023_KONZ_8__3_4.tif,neon_10m_linearized/2023_KONZ_8__3_4.tif,neon_2.5m_linearized/2023_KONZ_8__3_4.tif,EPSG:32614,713520.0,4340020.0,-96.5279441329671,39.18321780910874,82.0,80.0,Rural,Crops
1472,2023_KONZ_8__4_1.tif,neon_10m_linearized/2023_KONZ_8__4_1.tif,neon_2.5m_linearized/2023_KONZ_8__4_1.tif,EPSG:32614,705840.0,4337460.0,-96.61756546051694,39.16202149573,41.0,40.0,Forest,Deciduous
1473,2023_KONZ_8__4_2.tif,neon_10m_linearized/2023_KONZ_8__4_2.tif,neon_2.5m_linearized/2023_KONZ_8__4_2.tif,EPSG:32614,708400.0,4337460.0,-96.587959869618,39.161412152640416,82.0,80.0,Rural,Crops
1474,2023_KONZ_8__4_4.tif,neon_10m_linearized/2023_KONZ_8__4_4.tif,neon_2.5m_linearized/2023_KONZ_8__4_4.tif,EPSG:32614,713520.0,4337460.0,-96.5287514075779,39.160170928994646,41.0,40.0,Forest,Deciduous
1475,2023_KONZ_8__5_0.tif,neon_10m_linearized/2023_KONZ_8__5_0.tif,neon_2.5m_linearized/2023_KONZ_8__5_0.tif,EPSG:32614,703280.0,4334900.0,-96.64793974227436,39.13957433882775,82.0,80.0,Rural,Crops
1476,2023_KONZ_8__5_1.tif,neon_10m_linearized/2023_KONZ_8__5_1.tif,neon_2.5m_linearized/2023_KONZ_8__5_1.tif,EPSG:32614,705840.0,4334900.0,-96.6183428988595,39.13897300023044,82.0,80.0,Rural,Crops
1477,2023_KONZ_8__5_2.tif,neon_10m_linearized/2023_KONZ_8__5_2.tif,neon_2.5m_linearized/2023_KONZ_8__5_2.tif,EPSG:32614,708400.0,4334900.0,-96.58874694619809,39.138364154355045,82.0,80.0,Rural,Crops
1478,2023_KONZ_8__5_3.tif,neon_10m_linearized/2023_KONZ_8__5_3.tif,neon_2.5m_linearized/2023_KONZ_8__5_3.tif,EPSG:32614,710960.0,4334900.0,-96.55915189531096,39.13774780188234,41.0,40.0,Forest,Deciduous
1479,2023_KONZ_8__5_4.tif,neon_10m_linearized/2023_KONZ_8__5_4.tif,neon_2.5m_linearized/2023_KONZ_8__5_4.tif,EPSG:32614,713520.0,4334900.0,-96.52955775721696,39.13712394350152,71.0,70.0,Rural,Grassland
1480,2023_KONZ_8__5_5.tif,neon_10m_linearized/2023_KONZ_8__5_5.tif,neon_2.5m_linearized/2023_KONZ_8__5_5.tif,EPSG:32614,716080.0,4334900.0,-96.49996454293267,39.1364925799101,71.0,70.0,Rural,Grassland
1481,2023_KONZ_8__6_0.tif,neon_10m_linearized/2023_KONZ_8__6_0.tif,neon_2.5m_linearized/2023_KONZ_8__6_0.tif,EPSG:32614,703280.0,4332340.0,-96.64870666152834,39.11652524817833,71.0,70.0,Rural,Grassland
1482,2023_KONZ_8__6_1.tif,neon_10m_linearized/2023_KONZ_8__6_1.tif,neon_2.5m_linearized/2023_KONZ_8__6_1.tif,EPSG:32614,705840.0,4332340.0,-96.61911944644828,39.11592440035718,82.0,80.0,Rural,Crops
1483,2023_KONZ_8__6_2.tif,neon_10m_linearized/2023_KONZ_8__6_2.tif,neon_2.5m_linearized/2023_KONZ_8__6_2.tif,EPSG:32614,708400.0,4332340.0,-96.58953312100344,39.11531605137648,71.0,70.0,Rural,Grassland
1484,2023_KONZ_8__6_3.tif,neon_10m_linearized/2023_KONZ_8__6_3.tif,neon_2.5m_linearized/2023_KONZ_8__6_3.tif,EPSG:32614,710960.0,4332340.0,-96.559947696201,39.11470020191617,71.0,70.0,Rural,Grassland
1485,2023_KONZ_8__6_4.tif,neon_10m_linearized/2023_KONZ_8__6_4.tif,neon_2.5m_linearized/2023_KONZ_8__6_4.tif,EPSG:32614,713520.0,4332340.0,-96.53036318304594,39.11407685266454,71.0,70.0,Rural,Grassland
1486,2023_KONZ_8__6_5.tif,neon_10m_linearized/2023_KONZ_8__6_5.tif,neon_2.5m_linearized/2023_KONZ_8__6_5.tif,EPSG:32614,716080.0,4332340.0,-96.50077959254108,39.11344600431821,71.0,70.0,Rural,Grassland
1487,2023_KONZ_8__7_0.tif,neon_10m_linearized/2023_KONZ_8__7_0.tif,neon_2.5m_linearized/2023_KONZ_8__7_0.tif,EPSG:32614,703280.0,4329780.0,-96.6494727021559,39.09347605350408,71.0,70.0,Rural,Grassland
1488,2023_KONZ_8__7_1.tif,neon_10m_linearized/2023_KONZ_8__7_1.tif,neon_2.5m_linearized/2023_KONZ_8__7_1.tif,EPSG:32614,705840.0,4329780.0,-96.61989510440142,39.092875696143984,71.0,70.0,Rural,Grassland
1489,2023_KONZ_8__7_2.tif,neon_10m_linearized/2023_KONZ_8__7_2.tif,neon_2.5m_linearized/2023_KONZ_8__7_2.tif,EPSG:32614,708400.0,4329780.0,-96.59031839516612,39.09226784373898,71.0,70.0,Rural,Grassland
1490,2023_KONZ_8__7_3.tif,neon_10m_linearized/2023_KONZ_8__7_3.tif,neon_2.5m_linearized/2023_KONZ_8__7_3.tif,EPSG:32614,710960.0,4329780.0,-96.56074258544332,39.09165249696816,71.0,70.0,Rural,Grassland
1491,2023_KONZ_8__7_4.tif,neon_10m_linearized/2023_KONZ_8__7_4.tif,neon_2.5m_linearized/2023_KONZ_8__7_4.tif,EPSG:32614,713520.0,4329780.0,-96.53116768622432,39.09102965651891,71.0,70.0,Rural,Grassland
1492,2023_KONZ_8__7_5.tif,neon_10m_linearized/2023_KONZ_8__7_5.tif,neon_2.5m_linearized/2023_KONZ_8__7_5.tif,EPSG:32614,716080.0,4329780.0,-96.50159370849822,39.09039932308697,71.0,70.0,Rural,Grassland
1493,2023_KONZ_8__8_0.tif,neon_10m_linearized/2023_KONZ_8__8_0.tif,neon_2.5m_linearized/2023_KONZ_8__8_0.tif,EPSG:32614,703280.0,4327220.0,-96.6502378652594,39.0704267548383,71.0,70.0,Rural,Grassland
1494,2023_KONZ_8__8_1.tif,neon_10m_linearized/2023_KONZ_8__8_1.tif,neon_2.5m_linearized/2023_KONZ_8__8_1.tif,EPSG:32614,705840.0,4327220.0,-96.62066987383508,39.06982688762464,71.0,70.0,Rural,Grassland
1495,2023_KONZ_8__8_2.tif,neon_10m_linearized/2023_KONZ_8__8_2.tif,neon_2.5m_linearized/2023_KONZ_8__8_2.tif,EPSG:32614,708400.0,4327220.0,-96.59110276981588,39.069219531476826,71.0,70.0,Rural,Grassland
1496,2023_KONZ_8__8_3.tif,neon_10m_linearized/2023_KONZ_8__8_3.tif,neon_2.5m_linearized/2023_KONZ_8__8_3.tif,EPSG:32614,710960.0,4327220.0,-96.5615365641815,39.06860468707305,71.0,70.0,Rural,Grassland
1497,2023_KONZ_8__8_4.tif,neon_10m_linearized/2023_KONZ_8__8_4.tif,neon_2.5m_linearized/2023_KONZ_8__8_4.tif,EPSG:32614,713520.0,4327220.0,-96.53197126790946,39.06798235509985,71.0,70.0,Rural,Grassland
1498,2023_KONZ_8__8_5.tif,neon_10m_linearized/2023_KONZ_8__8_5.tif,neon_2.5m_linearized/2023_KONZ_8__8_5.tif,EPSG:32614,716080.0,4327220.0,-96.50240689197514,39.06735253625209,71.0,70.0,Rural,Grassland
1499,2023_KONZ_8__9_2.tif,neon_10m_linearized/2023_KONZ_8__9_2.tif,neon_2.5m_linearized/2023_KONZ_8__9_2.tif,EPSG:32614,708400.0,4324660.0,-96.59188624608048,39.0461711146243,71.0,70.0,Rural,Grassland
1500,2023_KONZ_8__9_3.tif,neon_10m_linearized/2023_KONZ_8__9_3.tif,neon_2.5m_linearized/2023_KONZ_8__9_3.tif,EPSG:32614,710960.0,4324660.0,-96.562329633557,39.04555677226564,71.0,70.0,Rural,Grassland
1501,2023_KONZ_8__9_4.tif,neon_10m_linearized/2023_KONZ_8__9_4.tif,neon_2.5m_linearized/2023_KONZ_8__9_4.tif,EPSG:32614,713520.0,4324660.0,-96.53277392925652,39.044934948442645,71.0,70.0,Rural,Grassland
1502,2023_LENO_7__0_1.tif,neon_10m_linearized/2023_LENO_7__0_1.tif,neon_2.5m_linearized/2023_LENO_7__0_1.tif,EPSG:32616,383820.0,3527740.0,-88.22835381265834,31.879526202135903,42.0,40.0,Forest,Evergreen
1503,2023_LENO_7__0_2.tif,neon_10m_linearized/2023_LENO_7__0_2.tif,neon_2.5m_linearized/2023_LENO_7__0_2.tif,EPSG:32616,386380.0,3527740.0,-88.20129245801894,31.879784813004584,42.0,40.0,Forest,Evergreen
1504,2023_LENO_7__0_3.tif,neon_10m_linearized/2023_LENO_7__0_3.tif,neon_2.5m_linearized/2023_LENO_7__0_3.tif,EPSG:32616,388940.0,3527740.0,-88.17423075965729,31.88003766566085,42.0,40.0,Forest,Evergreen
1505,2023_LENO_7__0_4.tif,neon_10m_linearized/2023_LENO_7__0_4.tif,neon_2.5m_linearized/2023_LENO_7__0_4.tif,EPSG:32616,391500.0,3527740.0,-88.14716872530926,31.880284759854646,42.0,40.0,Forest,Evergreen
1506,2023_LENO_7__1_1.tif,neon_10m_linearized/2023_LENO_7__1_1.tif,neon_2.5m_linearized/2023_LENO_7__1_1.tif,EPSG:32616,383820.0,3525180.0,-88.2280475382603,31.856435202732573,90.0,90.0,Water,WoodyWetlands
1507,2023_LENO_7__1_2.tif,neon_10m_linearized/2023_LENO_7__1_2.tif,neon_2.5m_linearized/2023_LENO_7__1_2.tif,EPSG:32616,386380.0,3525180.0,-88.20099292702712,31.85669358251353,42.0,40.0,Forest,Evergreen
1508,2023_LENO_7__1_3.tif,neon_10m_linearized/2023_LENO_7__1_3.tif,neon_2.5m_linearized/2023_LENO_7__1_3.tif,EPSG:32616,388940.0,3525180.0,-88.17393797242454,31.85694620922624,90.0,90.0,Water,WoodyWetlands
1509,2023_LENO_7__1_4.tif,neon_10m_linearized/2023_LENO_7__1_4.tif,neon_2.5m_linearized/2023_LENO_7__1_4.tif,EPSG:32616,391500.0,3525180.0,-88.14688268218046,31.857193082620903,90.0,90.0,Water,WoodyWetlands
1510,2023_LENO_7__2_1.tif,neon_10m_linearized/2023_LENO_7__2_1.tif,neon_2.5m_linearized/2023_LENO_7__2_1.tif,EPSG:32616,383820.0,3522620.0,-88.22774161495906,31.83334411675421,90.0,90.0,Water,WoodyWetlands
1511,2023_LENO_7__2_2.tif,neon_10m_linearized/2023_LENO_7__2_2.tif,neon_2.5m_linearized/2023_LENO_7__2_2.tif,EPSG:32616,386380.0,3522620.0,-88.20069373940481,31.833602265560163,90.0,90.0,Water,WoodyWetlands
1512,2023_LENO_7__2_3.tif,neon_10m_linearized/2023_LENO_7__2_3.tif,neon_2.5m_linearized/2023_LENO_7__2_3.tif,EPSG:32616,388940.0,3522620.0,-88.17364552083339,31.8338546664395,90.0,90.0,Water,WoodyWetlands
1513,2023_LENO_7__2_4.tif,neon_10m_linearized/2023_LENO_7__2_4.tif,neon_2.5m_linearized/2023_LENO_7__2_4.tif,EPSG:32616,391500.0,3522620.0,-88.14659696696475,31.834101319142786,42.0,40.0,Forest,Evergreen
1514,2023_LENO_7__3_1.tif,neon_10m_linearized/2023_LENO_7__3_1.tif,neon_2.5m_linearized/2023_LENO_7__3_1.tif,EPSG:32616,383820.0,3520060.0,-88.22743604239447,31.81025294423748,42.0,40.0,Forest,Evergreen
1515,2023_LENO_7__3_2.tif,neon_10m_linearized/2023_LENO_7__3_2.tif,neon_2.5m_linearized/2023_LENO_7__3_2.tif,EPSG:32616,386380.0,3520060.0,-88.20039489479979,31.810510862181005,90.0,90.0,Water,WoodyWetlands
1516,2023_LENO_7__3_3.tif,neon_10m_linearized/2023_LENO_7__3_3.tif,neon_2.5m_linearized/2023_LENO_7__3_3.tif,EPSG:32616,388940.0,3520060.0,-88.17335340453954,31.81076303733705,90.0,90.0,Water,WoodyWetlands
1517,2023_LENO_7__3_4.tif,neon_10m_linearized/2023_LENO_7__3_4.tif,neon_2.5m_linearized/2023_LENO_7__3_4.tif,EPSG:32616,391500.0,3520060.0,-88.1463115793258,31.811009469456508,42.0,40.0,Forest,Evergreen
1518,2023_LENO_7__4_1.tif,neon_10m_linearized/2023_LENO_7__4_1.tif,neon_2.5m_linearized/2023_LENO_7__4_1.tif,EPSG:32616,383820.0,3517500.0,-88.22713082020704,31.78716168521913,90.0,90.0,Water,WoodyWetlands
1519,2023_LENO_7__4_2.tif,neon_10m_linearized/2023_LENO_7__4_2.tif,neon_2.5m_linearized/2023_LENO_7__4_2.tif,EPSG:32616,386380.0,3517500.0,-88.20009639286042,31.787419372412643,90.0,90.0,Water,WoodyWetlands
1520,2023_LENO_7__4_3.tif,neon_10m_linearized/2023_LENO_7__4_3.tif,neon_2.5m_linearized/2023_LENO_7__4_3.tif,EPSG:32616,388940.0,3517500.0,-88.17306162319925,31.787671321955333,90.0,90.0,Water,WoodyWetlands
1521,2023_LENO_7__4_4.tif,neon_10m_linearized/2023_LENO_7__4_4.tif,neon_2.5m_linearized/2023_LENO_7__4_4.tif,EPSG:32616,391500.0,3517500.0,-88.14602651892774,31.78791753359836,90.0,90.0,Water,WoodyWetlands
1522,2023_MCRA_4__1_0.tif,neon_10m_linearized/2023_MCRA_4__1_0.tif,neon_2.5m_linearized/2023_MCRA_4__1_0.tif,EPSG:32610,566300.0,4901160.0,-122.169405548762,44.26066140575218,42.0,40.0,Forest,Evergreen
1523,2023_MOAB_7__0_0.tif,neon_10m_linearized/2023_MOAB_7__0_0.tif,neon_2.5m_linearized/2023_MOAB_7__0_0.tif,EPSG:32612,636260.0,4239700.0,-109.4417978159809,38.29504419731766,52.0,50.0,Rural,ShrubScrub
1524,2023_MOAB_7__0_1.tif,neon_10m_linearized/2023_MOAB_7__0_1.tif,neon_2.5m_linearized/2023_MOAB_7__0_1.tif,EPSG:32612,638820.0,4239700.0,-109.41253320920478,38.29465175451691,52.0,50.0,Rural,ShrubScrub
1525,2023_MOAB_7__0_2.tif,neon_10m_linearized/2023_MOAB_7__0_2.tif,neon_2.5m_linearized/2023_MOAB_7__0_2.tif,EPSG:32612,641380.0,4239700.0,-109.3832691768056,38.29425201522913,52.0,50.0,Rural,ShrubScrub
1526,2023_MOAB_7__0_3.tif,neon_10m_linearized/2023_MOAB_7__0_3.tif,neon_2.5m_linearized/2023_MOAB_7__0_3.tif,EPSG:32612,643940.0,4239700.0,-109.3540057293513,38.29384497989437,52.0,50.0,Rural,ShrubScrub
1527,2023_MOAB_7__1_0.tif,neon_10m_linearized/2023_MOAB_7__1_0.tif,neon_2.5m_linearized/2023_MOAB_7__1_0.tif,EPSG:32612,636260.0,4237140.0,-109.442290873024,38.27198084022305,52.0,50.0,Rural,ShrubScrub
1528,2023_MOAB_7__1_1.tif,neon_10m_linearized/2023_MOAB_7__1_1.tif,neon_2.5m_linearized/2023_MOAB_7__1_1.tif,EPSG:32612,638820.0,4237140.0,-109.41303551696794,38.27158872005314,52.0,50.0,Rural,ShrubScrub
1529,2023_MOAB_7__1_2.tif,neon_10m_linearized/2023_MOAB_7__1_2.tif,neon_2.5m_linearized/2023_MOAB_7__1_2.tif,EPSG:32612,641380.0,4237140.0,-109.38378073458335,38.271189309391154,52.0,50.0,Rural,ShrubScrub
1530,2023_MOAB_7__1_3.tif,neon_10m_linearized/2023_MOAB_7__1_3.tif,neon_2.5m_linearized/2023_MOAB_7__1_3.tif,EPSG:32612,643940.0,4237140.0,-109.3545265364252,38.27078260867662,52.0,50.0,Rural,ShrubScrub
1531,2023_MOAB_7__2_0.tif,neon_10m_linearized/2023_MOAB_7__2_0.tif,neon_2.5m_linearized/2023_MOAB_7__2_0.tif,EPSG:32612,636260.0,4234580.0,-109.44278336695164,38.24891738685029,52.0,50.0,Rural,ShrubScrub
1532,2023_MOAB_7__2_1.tif,neon_10m_linearized/2023_MOAB_7__2_1.tif,neon_2.5m_linearized/2023_MOAB_7__2_1.tif,EPSG:32612,638820.0,4234580.0,-109.41353725105938,38.248525589110216,52.0,50.0,Rural,ShrubScrub
1533,2023_MOAB_7__2_2.tif,neon_10m_linearized/2023_MOAB_7__2_2.tif,neon_2.5m_linearized/2023_MOAB_7__2_2.tif,EPSG:32612,641380.0,4234580.0,-109.38429170813446,38.248126506869305,52.0,50.0,Rural,ShrubScrub
1534,2023_MOAB_7__2_3.tif,neon_10m_linearized/2023_MOAB_7__2_3.tif,neon_2.5m_linearized/2023_MOAB_7__2_3.tif,EPSG:32612,643940.0,4234580.0,-109.35504674871883,38.24772014056653,52.0,50.0,Rural,ShrubScrub
1535,2023_MOAB_7__3_0.tif,neon_10m_linearized/2023_MOAB_7__3_0.tif,neon_2.5m_linearized/2023_MOAB_7__3_0.tif,EPSG:32612,636260.0,4232020.0,-109.44327529845508,38.22585383722425,52.0,50.0,Rural,ShrubScrub
1536,2023_MOAB_7__3_1.tif,neon_10m_linearized/2023_MOAB_7__3_1.tif,neon_2.5m_linearized/2023_MOAB_7__3_1.tif,EPSG:32612,638820.0,4232020.0,-109.4140384121833,38.22546236171328,52.0,50.0,Rural,ShrubScrub
1537,2023_MOAB_7__3_2.tif,neon_10m_linearized/2023_MOAB_7__3_2.tif,neon_2.5m_linearized/2023_MOAB_7__3_2.tif,EPSG:32612,641380.0,4232020.0,-109.38480209817595,38.22506360768901,52.0,50.0,Rural,ShrubScrub
1538,2023_MOAB_7__3_3.tif,neon_10m_linearized/2023_MOAB_7__3_3.tif,neon_2.5m_linearized/2023_MOAB_7__3_3.tif,EPSG:32612,643940.0,4232020.0,-109.35556636696222,38.22465757558983,52.0,50.0,Rural,ShrubScrub
1539,2023_MOAB_7__4_0.tif,neon_10m_linearized/2023_MOAB_7__4_0.tif,neon_2.5m_linearized/2023_MOAB_7__4_0.tif,EPSG:32612,636260.0,4229460.0,-109.44376666822424,38.20279019136984,52.0,50.0,Rural,ShrubScrub
1540,2023_MOAB_7__4_1.tif,neon_10m_linearized/2023_MOAB_7__4_1.tif,neon_2.5m_linearized/2023_MOAB_7__4_1.tif,EPSG:32612,638820.0,4229460.0,-109.41453900104251,38.202399037887545,52.0,50.0,Rural,ShrubScrub
1541,2023_MOAB_7__4_2.tif,neon_10m_linearized/2023_MOAB_7__4_2.tif,neon_2.5m_linearized/2023_MOAB_7__4_2.tif,EPSG:32612,641380.0,4229460.0,-109.38531190542372,38.20200061187576,52.0,50.0,Rural,ShrubScrub
1542,2023_MOAB_7__4_3.tif,neon_10m_linearized/2023_MOAB_7__4_3.tif,neon_2.5m_linearized/2023_MOAB_7__4_3.tif,EPSG:32612,643940.0,4229460.0,-109.356085391884,38.20159491377233,52.0,50.0,Rural,ShrubScrub
1543,2023_NIWO_5__1_3.tif,neon_10m_linearized/2023_NIWO_5__1_3.tif,neon_2.5m_linearized/2023_NIWO_5__1_3.tif,EPSG:32613,451940.0,4435140.0,-105.563563511885,40.06514630597295,42.0,40.0,Forest,Evergreen
1544,2023_NIWO_5__1_4.tif,neon_10m_linearized/2023_NIWO_5__1_4.tif,neon_2.5m_linearized/2023_NIWO_5__1_4.tif,EPSG:32613,454500.0,4435140.0,-105.53354557903246,40.06528843962269,42.0,40.0,Forest,Evergreen
1545,2023_NIWO_5__1_5.tif,neon_10m_linearized/2023_NIWO_5__1_5.tif,neon_2.5m_linearized/2023_NIWO_5__1_5.tif,EPSG:32613,457060.0,4435140.0,-105.50352743871062,40.06542279602505,42.0,40.0,Forest,Evergreen
1546,2023_NIWO_5__2_0.tif,neon_10m_linearized/2023_NIWO_5__2_0.tif,neon_2.5m_linearized/2023_NIWO_5__2_0.tif,EPSG:32613,444260.0,4432580.0,-105.65339566205196,40.04160986357466,52.0,50.0,Rural,ShrubScrub
1547,2023_NIWO_5__2_3.tif,neon_10m_linearized/2023_NIWO_5__2_3.tif,neon_2.5m_linearized/2023_NIWO_5__2_3.tif,EPSG:32613,451940.0,4432580.0,-105.5633735709721,40.042082542417965,42.0,40.0,Forest,Evergreen
1548,2023_NIWO_5__3_1.tif,neon_10m_linearized/2023_NIWO_5__3_1.tif,neon_2.5m_linearized/2023_NIWO_5__3_1.tif,EPSG:32613,446820.0,4430020.0,-105.623178606938,40.01871158675029,52.0,50.0,Rural,ShrubScrub
1549,2023_NIWO_5__3_4.tif,neon_10m_linearized/2023_NIWO_5__3_4.tif,neon_2.5m_linearized/2023_NIWO_5__3_4.tif,EPSG:32613,454500.0,4430020.0,-105.53318613622294,40.01916058904574,42.0,40.0,Forest,Evergreen
1550,2023_NIWO_5__4_2.tif,neon_10m_linearized/2023_NIWO_5__4_2.tif,neon_2.5m_linearized/2023_NIWO_5__4_2.tif,EPSG:32613,449380.0,4427460.0,-105.5929817472216,39.99580519081769,42.0,40.0,Forest,Evergreen
1551,2023_NIWO_5__4_4.tif,neon_10m_linearized/2023_NIWO_5__4_4.tif,neon_2.5m_linearized/2023_NIWO_5__4_4.tif,EPSG:32613,454500.0,4427460.0,-105.53300672535464,39.99609652462732,42.0,40.0,Forest,Evergreen
1552,2023_NIWO_5__5_2.tif,neon_10m_linearized/2023_NIWO_5__5_2.tif,neon_2.5m_linearized/2023_NIWO_5__5_2.tif,EPSG:32613,449380.0,4424900.0,-105.59278238132718,39.972741270207706,42.0,40.0,Forest,Evergreen
1553,2023_NOGP_6__0_0.tif,neon_10m_linearized/2023_NOGP_6__0_0.tif,neon_2.5m_linearized/2023_NOGP_6__0_0.tif,EPSG:32614,349280.0,5188720.0,-100.9764374535013,46.834955189139386,71.0,70.0,Rural,Grassland
1554,2023_NOGP_6__0_2.tif,neon_10m_linearized/2023_NOGP_6__0_2.tif,neon_2.5m_linearized/2023_NOGP_6__0_2.tif,EPSG:32614,354400.0,5188720.0,-100.90933610753343,46.836094570081,71.0,70.0,Rural,Grassland
1555,2023_NOGP_6__0_3.tif,neon_10m_linearized/2023_NOGP_6__0_3.tif,neon_2.5m_linearized/2023_NOGP_6__0_3.tif,EPSG:32614,356960.0,5188720.0,-100.87578391913698,46.83664951678771,23.0,20.0,Developed,MediumIntensity
1556,2023_NOGP_6__1_0.tif,neon_10m_linearized/2023_NOGP_6__1_0.tif,neon_2.5m_linearized/2023_NOGP_6__1_0.tif,EPSG:32614,349280.0,5186160.0,-100.97559351330784,46.81193135918214,71.0,70.0,Rural,Grassland
1557,2023_NOGP_6__1_2.tif,neon_10m_linearized/2023_NOGP_6__1_2.tif,neon_2.5m_linearized/2023_NOGP_6__1_2.tif,EPSG:32614,354400.0,5186160.0,-100.9085207765056,46.81306982904903,71.0,70.0,Rural,Grassland
1558,2023_NOGP_6__1_3.tif,neon_10m_linearized/2023_NOGP_6__1_3.tif,neon_2.5m_linearized/2023_NOGP_6__1_3.tif,EPSG:32614,356960.0,5186160.0,-100.8749828950243,46.81362433199392,23.0,20.0,Developed,MediumIntensity
1559,2023_NOGP_6__2_0.tif,neon_10m_linearized/2023_NOGP_6__2_0.tif,neon_2.5m_linearized/2023_NOGP_6__2_0.tif,EPSG:32614,349280.0,5183600.0,-100.97475061111147,46.78890742450164,71.0,70.0,Rural,Grassland
1560,2023_NOGP_6__2_1.tif,neon_10m_linearized/2023_NOGP_6__2_1.tif,neon_2.5m_linearized/2023_NOGP_6__2_1.tif,EPSG:32614,351840.0,5183600.0,-100.94122903915824,46.7894811107719,71.0,70.0,Rural,Grassland
1561,2023_NOGP_6__2_2.tif,neon_10m_linearized/2023_NOGP_6__2_2.tif,neon_2.5m_linearized/2023_NOGP_6__2_2.tif,EPSG:32614,354400.0,5183600.0,-100.90770644834244,46.79004498406515,71.0,70.0,Rural,Grassland
1562,2023_NOGP_6__2_3.tif,neon_10m_linearized/2023_NOGP_6__2_3.tif,neon_2.5m_linearized/2023_NOGP_6__2_3.tif,EPSG:32614,356960.0,5183600.0,-100.8741828562051,46.79059904362396,71.0,70.0,Rural,Grassland
1563,2023_NOGP_6__3_0.tif,neon_10m_linearized/2023_NOGP_6__3_0.tif,neon_2.5m_linearized/2023_NOGP_6__3_0.tif,EPSG:32614,349280.0,5181040.0,-100.97390874531578,46.76588338511193,82.0,80.0,Rural,Crops
1564,2023_NOGP_6__3_1.tif,neon_10m_linearized/2023_NOGP_6__3_1.tif,neon_2.5m_linearized/2023_NOGP_6__3_1.tif,EPSG:32614,351840.0,5181040.0,-100.9404014420568,46.76645661269731,82.0,80.0,Rural,Crops
1565,2023_NOGP_6__3_2.tif,neon_10m_linearized/2023_NOGP_6__3_2.tif,neon_2.5m_linearized/2023_NOGP_6__3_2.tif,EPSG:32614,354400.0,5181040.0,-100.90689312150144,46.76702003514208,71.0,70.0,Rural,Grassland
1566,2023_NOGP_6__3_3.tif,neon_10m_linearized/2023_NOGP_6__3_3.tif,neon_2.5m_linearized/2023_NOGP_6__3_3.tif,EPSG:32614,356960.0,5181040.0,-100.87338380116375,46.76757365168992,71.0,70.0,Rural,Grassland
1567,2023_NOGP_6__4_0.tif,neon_10m_linearized/2023_NOGP_6__4_0.tif,neon_2.5m_linearized/2023_NOGP_6__4_0.tif,EPSG:32614,349280.0,5178480.0,-100.97306791432774,46.742859241027006,71.0,70.0,Rural,Grassland
1568,2023_NOGP_6__4_1.tif,neon_10m_linearized/2023_NOGP_6__4_1.tif,neon_2.5m_linearized/2023_NOGP_6__4_1.tif,EPSG:32614,351840.0,5178480.0,-100.93957486225231,46.7434320103152,82.0,80.0,Rural,Crops
1569,2023_NOGP_6__4_2.tif,neon_10m_linearized/2023_NOGP_6__4_2.tif,neon_2.5m_linearized/2023_NOGP_6__4_2.tif,EPSG:32614,354400.0,5178480.0,-100.90608079444333,46.74399498229259,71.0,70.0,Rural,Grassland
1570,2023_NOGP_6__4_3.tif,neon_10m_linearized/2023_NOGP_6__4_3.tif,neon_2.5m_linearized/2023_NOGP_6__4_3.tif,EPSG:32614,356960.0,5178480.0,-100.87258572838792,46.744548156203926,71.0,70.0,Rural,Grassland
1571,2023_OAES_7__0_2.tif,neon_10m_linearized/2023_OAES_7__0_2.tif,neon_2.5m_linearized/2023_OAES_7__0_2.tif,EPSG:32614,489400.0,3921700.0,-99.11678898370792,35.43868867987137,71.0,70.0,Rural,Grassland
1572,2023_OAES_7__0_3.tif,neon_10m_linearized/2023_OAES_7__0_3.tif,neon_2.5m_linearized/2023_OAES_7__0_3.tif,EPSG:32614,491960.0,3921700.0,-99.08858337724718,35.43871266725133,71.0,70.0,Rural,Grassland
1573,2023_OAES_7__0_4.tif,neon_10m_linearized/2023_OAES_7__0_4.tif,neon_2.5m_linearized/2023_OAES_7__0_4.tif,EPSG:32614,494520.0,3921700.0,-99.06037774203789,35.43873006584212,71.0,70.0,Rural,Grassland
1574,2023_OAES_7__0_5.tif,neon_10m_linearized/2023_OAES_7__0_5.tif,neon_2.5m_linearized/2023_OAES_7__0_5.tif,EPSG:32614,497080.0,3921700.0,-99.03217208723376,35.43874087562553,71.0,70.0,Rural,Grassland
1575,2023_OAES_7__1_4.tif,neon_10m_linearized/2023_OAES_7__1_4.tif,neon_2.5m_linearized/2023_OAES_7__1_4.tif,EPSG:32614,494520.0,3919140.0,-99.06036051757056,35.41564706000779,71.0,70.0,Rural,Grassland
1576,2023_OAES_7__1_5.tif,neon_10m_linearized/2023_OAES_7__1_5.tif,neon_2.5m_linearized/2023_OAES_7__1_5.tif,EPSG:32614,497080.0,3919140.0,-99.03216290922644,35.41565786063035,71.0,70.0,Rural,Grassland
1577,2023_OAES_7__2_2.tif,neon_10m_linearized/2023_OAES_7__2_2.tif,neon_2.5m_linearized/2023_OAES_7__2_2.tif,EPSG:32614,489400.0,3916580.0,-99.11672238694696,35.3925226499179,71.0,70.0,Rural,Grassland
1578,2023_OAES_7__2_4.tif,neon_10m_linearized/2023_OAES_7__2_4.tif,neon_2.5m_linearized/2023_OAES_7__2_4.tif,EPSG:32614,494520.0,3916580.0,-99.0603433126758,35.39256396576248,82.0,80.0,Rural,Crops
1579,2023_OAES_7__2_5.tif,neon_10m_linearized/2023_OAES_7__2_5.tif,neon_2.5m_linearized/2023_OAES_7__2_5.tif,EPSG:32614,497080.0,3916580.0,-99.0321537416483,35.39257475722931,82.0,80.0,Rural,Crops
1580,2023_OAES_7__5_4.tif,neon_10m_linearized/2023_OAES_7__5_4.tif,neon_2.5m_linearized/2023_OAES_7__5_4.tif,EPSG:32614,494520.0,3908900.0,-99.0602918152045,35.32331415280441,71.0,70.0,Rural,Grassland
1581,2023_OAES_7__6_4.tif,neon_10m_linearized/2023_OAES_7__6_4.tif,neon_2.5m_linearized/2023_OAES_7__6_4.tif,EPSG:32614,494520.0,3906340.0,-99.06027468837787,35.30023070515922,71.0,70.0,Rural,Grassland
1582,2023_ONAQ_5__1_1.tif,neon_10m_linearized/2023_ONAQ_5__1_1.tif,neon_2.5m_linearized/2023_ONAQ_5__1_1.tif,EPSG:32612,368820.0,4455180.0,-112.5420995997941,40.23679363007388,42.0,40.0,Forest,Evergreen
1583,2023_ONAQ_5__2_0.tif,neon_10m_linearized/2023_ONAQ_5__2_0.tif,neon_2.5m_linearized/2023_ONAQ_5__2_0.tif,EPSG:32612,366260.0,4452620.0,-112.57165027519264,40.21333329013117,52.0,50.0,Rural,ShrubScrub
1584,2023_ONAQ_5__2_4.tif,neon_10m_linearized/2023_ONAQ_5__2_4.tif,neon_2.5m_linearized/2023_ONAQ_5__2_4.tif,EPSG:32612,376500.0,4452620.0,-112.4513525974144,40.21490448330281,52.0,50.0,Rural,ShrubScrub
1585,2023_ONAQ_5__3_0.tif,neon_10m_linearized/2023_ONAQ_5__3_0.tif,neon_2.5m_linearized/2023_ONAQ_5__3_0.tif,EPSG:32612,366260.0,4450060.0,-112.57111784854314,40.19027769422189,71.0,70.0,Rural,Grassland
1586,2023_ONAQ_5__3_1.tif,neon_10m_linearized/2023_ONAQ_5__3_1.tif,neon_2.5m_linearized/2023_ONAQ_5__3_1.tif,EPSG:32612,368820.0,4450060.0,-112.54105449973136,40.19068188025589,52.0,50.0,Rural,ShrubScrub
1587,2023_ONAQ_5__3_4.tif,neon_10m_linearized/2023_ONAQ_5__3_4.tif,neon_2.5m_linearized/2023_ONAQ_5__3_4.tif,EPSG:32612,376500.0,4450060.0,-112.45086088760846,40.19184761382108,52.0,50.0,Rural,ShrubScrub
1588,2023_ONAQ_5__4_3.tif,neon_10m_linearized/2023_ONAQ_5__4_3.tif,neon_2.5m_linearized/2023_ONAQ_5__4_3.tif,EPSG:32612,373940.0,4447500.0,-112.4804246960287,40.16841018260193,52.0,50.0,Rural,ShrubScrub
1589,2023_ONAQ_5__4_4.tif,neon_10m_linearized/2023_ONAQ_5__4_4.tif,neon_2.5m_linearized/2023_ONAQ_5__4_4.tif,EPSG:32612,376500.0,4447500.0,-112.45036974472052,40.16879064722335,52.0,50.0,Rural,ShrubScrub
1590,2023_ONAQ_5__5_2.tif,neon_10m_linearized/2023_ONAQ_5__5_2.tif,neon_2.5m_linearized/2023_ONAQ_5__5_2.tif,EPSG:32612,371380.0,4444940.0,-112.50996817966622,40.144965479221256,52.0,50.0,Rural,ShrubScrub
1591,2023_ONAQ_5__5_3.tif,neon_10m_linearized/2023_ONAQ_5__5_3.tif,neon_2.5m_linearized/2023_ONAQ_5__5_3.tif,EPSG:32612,373940.0,4444940.0,-112.47992396241838,40.1453534273968,52.0,50.0,Rural,ShrubScrub
1592,2023_OSBS_7__1_4.tif,neon_10m_linearized/2023_OSBS_7__1_4.tif,neon_2.5m_linearized/2023_OSBS_7__1_4.tif,EPSG:32617,405540.0,3290160.0,-81.97681165191639,29.738057383726687,42.0,40.0,Forest,Evergreen
1593,2023_OSBS_7__1_5.tif,neon_10m_linearized/2023_OSBS_7__1_5.tif,neon_2.5m_linearized/2023_OSBS_7__1_5.tif,EPSG:32617,408100.0,3290160.0,-81.95034174707133,29.738250111002728,42.0,40.0,Forest,Evergreen
1594,2023_OSBS_7__2_0.tif,neon_10m_linearized/2023_OSBS_7__2_0.tif,neon_2.5m_linearized/2023_OSBS_7__2_0.tif,EPSG:32617,395300.0,3287600.0,-82.08244061591317,29.714133725582457,42.0,40.0,Forest,Evergreen
1595,2023_OSBS_7__2_1.tif,neon_10m_linearized/2023_OSBS_7__2_1.tif,neon_2.5m_linearized/2023_OSBS_7__2_1.tif,EPSG:32617,397860.0,3287600.0,-82.05597785545078,29.71434742288616,42.0,40.0,Forest,Evergreen
1596,2023_OSBS_7__2_2.tif,neon_10m_linearized/2023_OSBS_7__2_2.tif,neon_2.5m_linearized/2023_OSBS_7__2_2.tif,EPSG:32617,400420.0,3287600.0,-82.02951481348693,29.71455583311005,42.0,40.0,Forest,Evergreen
1597,2023_OSBS_7__2_3.tif,neon_10m_linearized/2023_OSBS_7__2_3.tif,neon_2.5m_linearized/2023_OSBS_7__2_3.tif,EPSG:32617,402980.0,3287600.0,-82.00305149707117,29.71475895605402,42.0,40.0,Forest,Evergreen
1598,2023_OSBS_7__2_4.tif,neon_10m_linearized/2023_OSBS_7__2_4.tif,neon_2.5m_linearized/2023_OSBS_7__2_4.tif,EPSG:32617,405540.0,3287600.0,-81.97658791325358,29.714956791523047,42.0,40.0,Forest,Evergreen
1599,2023_OSBS_7__2_5.tif,neon_10m_linearized/2023_OSBS_7__2_5.tif,neon_2.5m_linearized/2023_OSBS_7__2_5.tif,EPSG:32617,408100.0,3287600.0,-81.95012406908465,29.71514933932717,42.0,40.0,Forest,Evergreen
1600,2023_OSBS_7__3_0.tif,neon_10m_linearized/2023_OSBS_7__3_0.tif,neon_2.5m_linearized/2023_OSBS_7__3_0.tif,EPSG:32617,395300.0,3285040.0,-82.0821929256705,29.69103381801081,42.0,40.0,Forest,Evergreen
1601,2023_OSBS_7__3_1.tif,neon_10m_linearized/2023_OSBS_7__3_1.tif,neon_2.5m_linearized/2023_OSBS_7__3_1.tif,EPSG:32617,397860.0,3285040.0,-82.05573621779196,29.69124731622157,42.0,40.0,Forest,Evergreen
1602,2023_OSBS_7__3_2.tif,neon_10m_linearized/2023_OSBS_7__3_2.tif,neon_2.5m_linearized/2023_OSBS_7__3_2.tif,EPSG:32617,400420.0,3285040.0,-82.02927922868246,29.691455532277462,42.0,40.0,Forest,Evergreen
1603,2023_OSBS_7__3_3.tif,neon_10m_linearized/2023_OSBS_7__3_3.tif,neon_2.5m_linearized/2023_OSBS_7__3_3.tif,EPSG:32617,402980.0,3285040.0,-82.00282196538477,29.69165846597865,42.0,40.0,Forest,Evergreen
1604,2023_OSBS_7__3_4.tif,neon_10m_linearized/2023_OSBS_7__3_4.tif,neon_2.5m_linearized/2023_OSBS_7__3_4.tif,EPSG:32617,405540.0,3285040.0,-81.97636443494221,29.69185611713032,42.0,40.0,Forest,Evergreen
1605,2023_OSBS_7__3_5.tif,neon_10m_linearized/2023_OSBS_7__3_5.tif,neon_2.5m_linearized/2023_OSBS_7__3_5.tif,EPSG:32617,408100.0,3285040.0,-81.94990664439848,29.69204848554276,42.0,40.0,Forest,Evergreen
1606,2023_OSBS_7__4_0.tif,neon_10m_linearized/2023_OSBS_7__4_0.tif,neon_2.5m_linearized/2023_OSBS_7__4_0.tif,EPSG:32617,395300.0,3282480.0,-82.08194552370126,29.66793382794776,81.0,80.0,Rural,Pasture
1607,2023_OSBS_7__4_1.tif,neon_10m_linearized/2023_OSBS_7__4_1.tif,neon_2.5m_linearized/2023_OSBS_7__4_1.tif,EPSG:32617,397860.0,3282480.0,-82.05549486136421,29.668147127154487,81.0,80.0,Rural,Pasture
1608,2023_OSBS_7__4_3.tif,neon_10m_linearized/2023_OSBS_7__4_3.tif,neon_2.5m_linearized/2023_OSBS_7__4_3.tif,EPSG:32617,402980.0,3282480.0,-82.00259270084332,29.66855789367204,42.0,40.0,Forest,Evergreen
1609,2023_OSBS_7__4_4.tif,neon_10m_linearized/2023_OSBS_7__4_4.tif,neon_2.5m_linearized/2023_OSBS_7__4_4.tif,EPSG:32617,405540.0,3282480.0,-81.97614121673207,29.66875536058869,42.0,40.0,Forest,Evergreen
1610,2023_OSBS_7__4_5.tif,neon_10m_linearized/2023_OSBS_7__4_5.tif,neon_2.5m_linearized/2023_OSBS_7__4_5.tif,EPSG:32617,408100.0,3282480.0,-81.94968947276944,29.668947549689594,42.0,40.0,Forest,Evergreen
1611,2023_OSBS_7__4_6.tif,neon_10m_linearized/2023_OSBS_7__4_6.tif,neon_2.5m_linearized/2023_OSBS_7__4_6.tif,EPSG:32617,410660.0,3282480.0,-81.92323747599275,29.6691344607903,42.0,40.0,Forest,Evergreen
1612,2023_OSBS_7__5_2.tif,neon_10m_linearized/2023_OSBS_7__5_2.tif,neon_2.5m_linearized/2023_OSBS_7__5_2.tif,EPSG:32617,400420.0,3279920.0,-82.02880888137491,29.64525468370548,42.0,40.0,Forest,Evergreen
1613,2023_OSBS_7__5_3.tif,neon_10m_linearized/2023_OSBS_7__5_3.tif,neon_2.5m_linearized/2023_OSBS_7__5_3.tif,EPSG:32617,402980.0,3279920.0,-82.0023637031903,29.64545723917455,90.0,90.0,Water,WoodyWetlands
1614,2023_OSBS_7__5_4.tif,neon_10m_linearized/2023_OSBS_7__5_4.tif,neon_2.5m_linearized/2023_OSBS_7__5_4.tif,EPSG:32617,405540.0,3279920.0,-81.97591825837343,29.645654521938404,21.0,20.0,Developed,OpenSpace
1615,2023_OSBS_7__5_5.tif,neon_10m_linearized/2023_OSBS_7__5_5.tif,neon_2.5m_linearized/2023_OSBS_7__5_5.tif,EPSG:32617,408100.0,3279920.0,-81.9494725539545,29.645846531807788,21.0,20.0,Developed,OpenSpace
1616,2023_OSBS_7__5_6.tif,neon_10m_linearized/2023_OSBS_7__5_6.tif,neon_2.5m_linearized/2023_OSBS_7__5_6.tif,EPSG:32617,410660.0,3279920.0,-81.9230265969641,29.646033268598494,21.0,20.0,Developed,OpenSpace
1617,2023_OSBS_7__6_2.tif,neon_10m_linearized/2023_OSBS_7__6_2.tif,neon_2.5m_linearized/2023_OSBS_7__6_2.tif,EPSG:32617,400420.0,3277360.0,-82.02857411834573,29.62215413604707,42.0,40.0,Forest,Evergreen
1618,2023_OSBS_7__6_3.tif,neon_10m_linearized/2023_OSBS_7__6_3.tif,neon_2.5m_linearized/2023_OSBS_7__6_3.tif,EPSG:32617,402980.0,3277360.0,-82.00213497216961,29.6223565025266,42.0,40.0,Forest,Evergreen
1619,2023_OSBS_7__6_4.tif,neon_10m_linearized/2023_OSBS_7__6_4.tif,neon_2.5m_linearized/2023_OSBS_7__6_4.tif,EPSG:32617,405540.0,3277360.0,-81.97569555961691,29.622553601219764,42.0,40.0,Forest,Evergreen
1620,2023_PRIN_6__0_1.tif,neon_10m_linearized/2023_PRIN_6__0_1.tif,neon_2.5m_linearized/2023_PRIN_6__0_1.tif,EPSG:32614,605820.0,3698740.0,-97.86178529748402,33.42280735426493,71.0,70.0,Rural,Grassland
1621,2023_PRIN_6__1_1.tif,neon_10m_linearized/2023_PRIN_6__1_1.tif,neon_2.5m_linearized/2023_PRIN_6__1_1.tif,EPSG:32614,605820.0,3696180.0,-97.8620864161599,33.39972128394132,71.0,70.0,Rural,Grassland
1622,2023_PRIN_6__1_2.tif,neon_10m_linearized/2023_PRIN_6__1_2.tif,neon_2.5m_linearized/2023_PRIN_6__1_2.tif,EPSG:32614,608380.0,3696180.0,-97.83456288411892,33.399465806394545,71.0,70.0,Rural,Grassland
1623,2023_PRIN_6__1_3.tif,neon_10m_linearized/2023_PRIN_6__1_3.tif,neon_2.5m_linearized/2023_PRIN_6__1_3.tif,EPSG:32614,610940.0,3696180.0,-97.80703970343434,33.399204225930795,71.0,70.0,Rural,Grassland
1624,2023_PRIN_6__1_4.tif,neon_10m_linearized/2023_PRIN_6__1_4.tif,neon_2.5m_linearized/2023_PRIN_6__1_4.tif,EPSG:32614,613500.0,3696180.0,-97.77951688239584,33.398936542814724,71.0,70.0,Rural,Grassland
1625,2023_PRIN_6__2_1.tif,neon_10m_linearized/2023_PRIN_6__2_1.tif,neon_2.5m_linearized/2023_PRIN_6__2_1.tif,EPSG:32614,605820.0,3693620.0,-97.86238719176956,33.376635125189004,71.0,70.0,Rural,Grassland
1626,2023_PRIN_6__2_2.tif,neon_10m_linearized/2023_PRIN_6__2_2.tif,neon_2.5m_linearized/2023_PRIN_6__2_2.tif,EPSG:32614,608380.0,3693620.0,-97.83487093083924,33.37637987030691,71.0,70.0,Rural,Grassland
1627,2023_PRIN_6__2_3.tif,neon_10m_linearized/2023_PRIN_6__2_3.tif,neon_2.5m_linearized/2023_PRIN_6__2_3.tif,EPSG:32614,610940.0,3693620.0,-97.80735502088832,33.3761185178256,71.0,70.0,Rural,Grassland
1628,2023_PRIN_6__2_4.tif,neon_10m_linearized/2023_PRIN_6__2_4.tif,neon_2.5m_linearized/2023_PRIN_6__2_4.tif,EPSG:32614,613500.0,3693620.0,-97.77983947019752,33.375851068009375,71.0,70.0,Rural,Grassland
1629,2023_PRIN_6__3_2.tif,neon_10m_linearized/2023_PRIN_6__3_2.tif,neon_2.5m_linearized/2023_PRIN_6__3_2.tif,EPSG:32614,608380.0,3691060.0,-97.83517862658007,33.35329384570791,71.0,70.0,Rural,Grassland
1630,2023_PRIN_6__3_3.tif,neon_10m_linearized/2023_PRIN_6__3_3.tif,neon_2.5m_linearized/2023_PRIN_6__3_3.tif,EPSG:32614,610940.0,3691060.0,-97.807669979082,33.35303272109093,71.0,70.0,Rural,Grassland
1631,2023_PRIN_6__3_4.tif,neon_10m_linearized/2023_PRIN_6__3_4.tif,neon_2.5m_linearized/2023_PRIN_6__3_4.tif,EPSG:32614,613500.0,3691060.0,-97.7801616904588,33.352765504453714,71.0,70.0,Rural,Grassland
1632,2023_PRIN_6__4_3.tif,neon_10m_linearized/2023_PRIN_6__4_3.tif,neon_2.5m_linearized/2023_PRIN_6__4_3.tif,EPSG:32614,610940.0,3688500.0,-97.8079845784007,33.329946835759856,71.0,70.0,Rural,Grassland
1633,2023_REDB_5__0_1.tif,neon_10m_linearized/2023_REDB_5__0_1.tif,neon_2.5m_linearized/2023_REDB_5__0_1.tif,EPSG:32612,434820.0,4520740.0,-111.77308868652968,40.835105355678685,41.0,40.0,Forest,Deciduous
1634,2023_REDB_5__1_0.tif,neon_10m_linearized/2023_REDB_5__1_0.tif,neon_2.5m_linearized/2023_REDB_5__1_0.tif,EPSG:32612,432260.0,4518180.0,-111.80317136772868,40.811838368207255,41.0,40.0,Forest,Deciduous
1635,2023_REDB_5__1_1.tif,neon_10m_linearized/2023_REDB_5__1_1.tif,neon_2.5m_linearized/2023_REDB_5__1_1.tif,EPSG:32612,434820.0,4518180.0,-111.77282095482596,40.8120456588174,41.0,40.0,Forest,Deciduous
1636,2023_RMNP_5__1_0.tif,neon_10m_linearized/2023_RMNP_5__1_0.tif,neon_2.5m_linearized/2023_RMNP_5__1_0.tif,EPSG:32613,451280.0,4460160.0,-105.57319607918924,40.290515460591685,42.0,40.0,Forest,Evergreen
1637,2023_RMNP_5__1_1.tif,neon_10m_linearized/2023_RMNP_5__1_1.tif,neon_2.5m_linearized/2023_RMNP_5__1_1.tif,EPSG:32613,453840.0,4460160.0,-105.5430787185352,40.29066074669914,42.0,40.0,Forest,Evergreen
1638,2023_RMNP_5__1_2.tif,neon_10m_linearized/2023_RMNP_5__1_2.tif,neon_2.5m_linearized/2023_RMNP_5__1_2.tif,EPSG:32613,456400.0,4460160.0,-105.51296114472603,40.29079819369443,42.0,40.0,Forest,Evergreen
1639,2023_RMNP_5__1_3.tif,neon_10m_linearized/2023_RMNP_5__1_3.tif,neon_2.5m_linearized/2023_RMNP_5__1_3.tif,EPSG:32613,458960.0,4460160.0,-105.48284336958028,40.29092780141991,42.0,40.0,Forest,Evergreen
1640,2023_RMNP_5__2_0.tif,neon_10m_linearized/2023_RMNP_5__2_0.tif,neon_2.5m_linearized/2023_RMNP_5__2_0.tif,EPSG:32613,451280.0,4457600.0,-105.57300134681564,40.26745263606171,42.0,40.0,Forest,Evergreen
1641,2023_RMNP_5__2_1.tif,neon_10m_linearized/2023_RMNP_5__2_1.tif,neon_2.5m_linearized/2023_RMNP_5__2_1.tif,EPSG:32613,453840.0,4457600.0,-105.54289421669816,40.267597804423055,42.0,40.0,Forest,Evergreen
1642,2023_RMNP_5__2_2.tif,neon_10m_linearized/2023_RMNP_5__2_2.tif,neon_2.5m_linearized/2023_RMNP_5__2_2.tif,EPSG:32613,456400.0,4457600.0,-105.5127868737018,40.26773514002495,42.0,40.0,Forest,Evergreen
1643,2023_RMNP_5__3_0.tif,neon_10m_linearized/2023_RMNP_5__3_0.tif,neon_2.5m_linearized/2023_RMNP_5__3_0.tif,EPSG:32613,451280.0,4455040.0,-105.57280683912369,40.244389718542,42.0,40.0,Forest,Evergreen
1644,2023_RMNP_5__3_1.tif,neon_10m_linearized/2023_RMNP_5__3_1.tif,neon_2.5m_linearized/2023_RMNP_5__3_1.tif,EPSG:32613,453840.0,4455040.0,-105.54270992774012,40.24453476923622,42.0,40.0,Forest,Evergreen
1645,2023_RMNP_5__3_2.tif,neon_10m_linearized/2023_RMNP_5__3_2.tif,neon_2.5m_linearized/2023_RMNP_5__3_2.tif,EPSG:32613,456400.0,4455040.0,-105.51261280375336,40.24467199351941,42.0,40.0,Forest,Evergreen
1646,2023_RMNP_5__3_3.tif,neon_10m_linearized/2023_RMNP_5__3_3.tif,neon_2.5m_linearized/2023_RMNP_5__3_3.tif,EPSG:32613,458960.0,4455040.0,-105.48251547895129,40.24480139123431,42.0,40.0,Forest,Evergreen
1647,2023_RMNP_5__4_0.tif,neon_10m_linearized/2023_RMNP_5__4_0.tif,neon_2.5m_linearized/2023_RMNP_5__4_0.tif,EPSG:32613,451280.0,4452480.0,-105.57261255582245,40.22132670804562,42.0,40.0,Forest,Evergreen
1648,2023_RMNP_5__4_1.tif,neon_10m_linearized/2023_RMNP_5__4_1.tif,neon_2.5m_linearized/2023_RMNP_5__4_1.tif,EPSG:32613,453840.0,4452480.0,-105.54252585138538,40.221471641151545,42.0,40.0,Forest,Evergreen
1649,2023_RMNP_5__4_2.tif,neon_10m_linearized/2023_RMNP_5__4_2.tif,neon_2.5m_linearized/2023_RMNP_5__4_2.tif,EPSG:32613,456400.0,4452480.0,-105.51243893462026,40.22160875419061,42.0,40.0,Forest,Evergreen
1650,2023_RMNP_5__4_3.tif,neon_10m_linearized/2023_RMNP_5__4_3.tif,neon_2.5m_linearized/2023_RMNP_5__4_3.tif,EPSG:32613,458960.0,4452480.0,-105.48235181729976,40.2217380470058,42.0,40.0,Forest,Evergreen
1651,2023_RMNP_5__5_0.tif,neon_10m_linearized/2023_RMNP_5__5_0.tif,neon_2.5m_linearized/2023_RMNP_5__5_0.tif,EPSG:32613,451280.0,4449920.0,-105.5724184966215,40.19826360458571,42.0,40.0,Forest,Evergreen
1652,2023_RMNP_5__5_1.tif,neon_10m_linearized/2023_RMNP_5__5_1.tif,neon_2.5m_linearized/2023_RMNP_5__5_1.tif,EPSG:32613,453840.0,4449920.0,-105.54234198735875,40.19840842018205,42.0,40.0,Forest,Evergreen
1653,2023_RMNP_5__5_2.tif,neon_10m_linearized/2023_RMNP_5__5_2.tif,neon_2.5m_linearized/2023_RMNP_5__5_2.tif,EPSG:32613,456400.0,4449920.0,-105.51226526604265,40.19854542205149,42.0,40.0,Forest,Evergreen
1654,2023_RMNP_5__6_0.tif,neon_10m_linearized/2023_RMNP_5__6_0.tif,neon_2.5m_linearized/2023_RMNP_5__6_0.tif,EPSG:32613,451280.0,4447360.0,-105.57222466123096,40.17520040817547,42.0,40.0,Forest,Evergreen
1655,2023_RMNP_5__6_1.tif,neon_10m_linearized/2023_RMNP_5__6_1.tif,neon_2.5m_linearized/2023_RMNP_5__6_1.tif,EPSG:32613,453840.0,4447360.0,-105.54215833538564,40.17534510634084,42.0,40.0,Forest,Evergreen
1656,2023_RMNP_5__6_2.tif,neon_10m_linearized/2023_RMNP_5__6_2.tif,neon_2.5m_linearized/2023_RMNP_5__6_2.tif,EPSG:32613,456400.0,4447360.0,-105.51209179776104,40.175481997114986,42.0,40.0,Forest,Evergreen
1657,2023_RMNP_5__7_0.tif,neon_10m_linearized/2023_RMNP_5__7_0.tif,neon_2.5m_linearized/2023_RMNP_5__7_0.tif,EPSG:32613,451280.0,4444800.0,-105.57203104936148,40.15213711882812,42.0,40.0,Forest,Evergreen
1658,2023_RMNP_5__7_1.tif,neon_10m_linearized/2023_RMNP_5__7_1.tif,neon_2.5m_linearized/2023_RMNP_5__7_1.tif,EPSG:32613,453840.0,4444800.0,-105.54197489519188,40.15228169964101,42.0,40.0,Forest,Evergreen
1659,2023_RMNP_5__7_2.tif,neon_10m_linearized/2023_RMNP_5__7_2.tif,neon_2.5m_linearized/2023_RMNP_5__7_2.tif,EPSG:32613,456400.0,4444800.0,-105.51191852951656,40.15241847939412,42.0,40.0,Forest,Evergreen
1660,2023_SCBI_6__0_1.tif,neon_10m_linearized/2023_SCBI_6__0_1.tif,neon_2.5m_linearized/2023_SCBI_6__0_1.tif,EPSG:32617,744840.0,4311700.0,-78.17589703436784,38.92007671785509,22.0,20.0,Developed,LowIntensity
1661,2023_SCBI_6__0_2.tif,neon_10m_linearized/2023_SCBI_6__0_2.tif,neon_2.5m_linearized/2023_SCBI_6__0_2.tif,EPSG:32617,747400.0,4311700.0,-78.14640269051522,38.91935892541687,41.0,40.0,Forest,Deciduous
1662,2023_SCBI_6__0_3.tif,neon_10m_linearized/2023_SCBI_6__0_3.tif,neon_2.5m_linearized/2023_SCBI_6__0_3.tif,EPSG:32617,749960.0,4311700.0,-78.11690940399218,38.91863369295312,41.0,40.0,Forest,Deciduous
1663,2023_SCBI_6__1_0.tif,neon_10m_linearized/2023_SCBI_6__1_0.tif,neon_2.5m_linearized/2023_SCBI_6__1_0.tif,EPSG:32617,742280.0,4309140.0,-78.20629646514463,38.89774512990709,41.0,40.0,Forest,Deciduous
1664,2023_SCBI_6__1_1.tif,neon_10m_linearized/2023_SCBI_6__1_1.tif,neon_2.5m_linearized/2023_SCBI_6__1_1.tif,EPSG:32617,744840.0,4309140.0,-78.1768105856736,38.89703535880873,41.0,40.0,Forest,Deciduous
1665,2023_SCBI_6__1_2.tif,neon_10m_linearized/2023_SCBI_6__1_2.tif,neon_2.5m_linearized/2023_SCBI_6__1_2.tif,EPSG:32617,747400.0,4309140.0,-78.14732575136424,38.896318152955416,41.0,40.0,Forest,Deciduous
1666,2023_SCBI_6__1_3.tif,neon_10m_linearized/2023_SCBI_6__1_3.tif,neon_2.5m_linearized/2023_SCBI_6__1_3.tif,EPSG:32617,749960.0,4309140.0,-78.11784197306564,38.89559351314471,41.0,40.0,Forest,Deciduous
1667,2023_SCBI_6__2_0.tif,neon_10m_linearized/2023_SCBI_6__2_0.tif,neon_2.5m_linearized/2023_SCBI_6__2_0.tif,EPSG:32617,742280.0,4306580.0,-78.20719947129135,38.87470308146966,41.0,40.0,Forest,Deciduous
1668,2023_SCBI_6__2_1.tif,neon_10m_linearized/2023_SCBI_6__2_1.tif,neon_2.5m_linearized/2023_SCBI_6__2_1.tif,EPSG:32617,744840.0,4306580.0,-78.17772309181731,38.87399389051756,41.0,40.0,Forest,Deciduous
1669,2023_SCBI_6__2_2.tif,neon_10m_linearized/2023_SCBI_6__2_2.tif,neon_2.5m_linearized/2023_SCBI_6__2_2.tif,EPSG:32617,747400.0,4306580.0,-78.14824775620205,38.873277270875846,41.0,40.0,Forest,Deciduous
1670,2023_SCBI_6__2_3.tif,neon_10m_linearized/2023_SCBI_6__2_3.tif,neon_2.5m_linearized/2023_SCBI_6__2_3.tif,EPSG:32617,749960.0,4306580.0,-78.11877347528123,38.872553223341015,41.0,40.0,Forest,Deciduous
1671,2023_SCBI_6__3_0.tif,neon_10m_linearized/2023_SCBI_6__3_0.tif,neon_2.5m_linearized/2023_SCBI_6__3_0.tif,EPSG:32617,742280.0,4304020.0,-78.20810144441701,38.85166092419809,41.0,40.0,Forest,Deciduous
1672,2023_SCBI_6__3_1.tif,neon_10m_linearized/2023_SCBI_6__3_1.tif,neon_2.5m_linearized/2023_SCBI_6__3_1.tif,EPSG:32617,744840.0,4304020.0,-78.17863455410185,38.85095231302333,41.0,40.0,Forest,Deciduous
1673,2023_SCBI_6__3_2.tif,neon_10m_linearized/2023_SCBI_6__3_2.tif,neon_2.5m_linearized/2023_SCBI_6__3_2.tif,EPSG:32617,747400.0,4304020.0,-78.14916870634501,38.85023627922044,41.0,40.0,Forest,Deciduous
1674,2023_SCBI_6__3_3.tif,neon_10m_linearized/2023_SCBI_6__3_3.tif,neon_2.5m_linearized/2023_SCBI_6__3_3.tif,EPSG:32617,749960.0,4304020.0,-78.11970391196873,38.84951282358493,41.0,40.0,Forest,Deciduous
1675,2023_SCBI_6__4_1.tif,neon_10m_linearized/2023_SCBI_6__4_1.tif,neon_2.5m_linearized/2023_SCBI_6__4_1.tif,EPSG:32617,744840.0,4301460.0,-78.17954497382767,38.8279106263678,41.0,40.0,Forest,Deciduous
1676,2023_SCBI_6__4_2.tif,neon_10m_linearized/2023_SCBI_6__4_2.tif,neon_2.5m_linearized/2023_SCBI_6__4_2.tif,EPSG:32617,747400.0,4301460.0,-78.15008860310698,38.82719517803153,41.0,40.0,Forest,Deciduous
1677,2023_SCBI_6__4_3.tif,neon_10m_linearized/2023_SCBI_6__4_3.tif,neon_2.5m_linearized/2023_SCBI_6__4_3.tif,EPSG:32617,749960.0,4301460.0,-78.12063328445541,38.82647231391932,41.0,40.0,Forest,Deciduous
1678,2023_SJER_6__1_0.tif,neon_10m_linearized/2023_SJER_6__1_0.tif,neon_2.5m_linearized/2023_SJER_6__1_0.tif,EPSG:32611,252260.0,4111140.0,-119.78820504040496,37.113839681990925,71.0,70.0,Rural,Grassland
1679,2023_SJER_6__1_3.tif,neon_10m_linearized/2023_SJER_6__1_3.tif,neon_2.5m_linearized/2023_SJER_6__1_3.tif,EPSG:32611,259940.0,4111140.0,-119.7018589791834,37.11584031251404,71.0,70.0,Rural,Grassland
1680,2023_SJER_6__2_2.tif,neon_10m_linearized/2023_SJER_6__2_2.tif,neon_2.5m_linearized/2023_SJER_6__2_2.tif,EPSG:32611,257380.0,4108580.0,-119.72981405213268,37.09213014256087,71.0,70.0,Rural,Grassland
1681,2023_SJER_6__2_3.tif,neon_10m_linearized/2023_SJER_6__2_3.tif,neon_2.5m_linearized/2023_SJER_6__2_3.tif,EPSG:32611,259940.0,4108580.0,-119.70103978642248,37.09278949434452,71.0,70.0,Rural,Grassland
1682,2023_SJER_6__4_0.tif,neon_10m_linearized/2023_SJER_6__4_0.tif,neon_2.5m_linearized/2023_SJER_6__4_0.tif,EPSG:32611,252260.0,4103460.0,-119.78567204945293,37.04469189391638,71.0,70.0,Rural,Grassland
1683,2023_SJER_6__4_1.tif,neon_10m_linearized/2023_SJER_6__4_1.tif,neon_2.5m_linearized/2023_SJER_6__4_1.tif,EPSG:32611,254820.0,4103460.0,-119.75691704364412,37.04536406931693,71.0,70.0,Rural,Grassland
1684,2023_SJER_6__4_2.tif,neon_10m_linearized/2023_SJER_6__4_2.tif,neon_2.5m_linearized/2023_SJER_6__4_2.tif,EPSG:32611,257380.0,4103460.0,-119.72816108874838,37.04602928561919,71.0,70.0,Rural,Grassland
1685,2023_SOAP_6__3_0.tif,neon_10m_linearized/2023_SOAP_6__3_0.tif,neon_2.5m_linearized/2023_SOAP_6__3_0.tif,EPSG:32611,302300.0,4102060.0,-119.22307193722584,37.0439580761013,42.0,40.0,Forest,Evergreen
1686,2023_SOAP_7__1_1.tif,neon_10m_linearized/2023_SOAP_7__1_1.tif,neon_2.5m_linearized/2023_SOAP_7__1_1.tif,EPSG:32611,295860.0,4107180.0,-119.29682631746654,37.08869565082846,42.0,40.0,Forest,Evergreen
1687,2023_SOAP_7__1_2.tif,neon_10m_linearized/2023_SOAP_7__1_2.tif,neon_2.5m_linearized/2023_SOAP_7__1_2.tif,EPSG:32611,298420.0,4107180.0,-119.26804385293543,37.08924988094863,42.0,40.0,Forest,Evergreen
1688,2023_SOAP_7__1_3.tif,neon_10m_linearized/2023_SOAP_7__1_3.tif,neon_2.5m_linearized/2023_SOAP_7__1_3.tif,EPSG:32611,300980.0,4107180.0,-119.23926060590652,37.08979713240432,42.0,40.0,Forest,Evergreen
1689,2023_SOAP_7__2_0.tif,neon_10m_linearized/2023_SOAP_7__2_0.tif,neon_2.5m_linearized/2023_SOAP_7__2_0.tif,EPSG:32611,293300.0,4104620.0,-119.32490351485248,37.065076854128606,71.0,70.0,Rural,Grassland
1690,2023_SOAP_7__2_1.tif,neon_10m_linearized/2023_SOAP_7__2_1.tif,neon_2.5m_linearized/2023_SOAP_7__2_1.tif,EPSG:32611,295860.0,4104620.0,-119.2961305424777,37.065637595884176,42.0,40.0,Forest,Evergreen
1691,2023_SOAP_7__2_2.tif,neon_10m_linearized/2023_SOAP_7__2_2.tif,neon_2.5m_linearized/2023_SOAP_7__2_2.tif,EPSG:32611,298420.0,4104620.0,-119.26735677865436,37.06619136536416,42.0,40.0,Forest,Evergreen
1692,2023_SOAP_7__3_0.tif,neon_10m_linearized/2023_SOAP_7__3_0.tif,neon_2.5m_linearized/2023_SOAP_7__3_0.tif,EPSG:32611,293300.0,4102060.0,-119.324199841425,37.04201916430156,71.0,70.0,Rural,Grassland
1693,2023_SOAP_7__3_2.tif,neon_10m_linearized/2023_SOAP_7__3_2.tif,neon_2.5m_linearized/2023_SOAP_7__3_2.tif,EPSG:32611,298420.0,4102060.0,-119.26667048594165,37.04313274901568,42.0,40.0,Forest,Evergreen
1694,2023_SOAP_7__5_0.tif,neon_10m_linearized/2023_SOAP_7__5_0.tif,neon_2.5m_linearized/2023_SOAP_7__5_0.tif,EPSG:32611,293300.0,4096940.0,-119.3227948947487,36.99590348084585,42.0,40.0,Forest,Evergreen
1695,2023_SOAP_7__5_1.tif,neon_10m_linearized/2023_SOAP_7__5_1.tif,neon_2.5m_linearized/2023_SOAP_7__5_1.tif,EPSG:32611,295860.0,4096940.0,-119.29404796244668,36.99646282496643,42.0,40.0,Forest,Evergreen
1696,2023_SOAP_7__5_2.tif,neon_10m_linearized/2023_SOAP_7__5_2.tif,neon_2.5m_linearized/2023_SOAP_7__5_2.tif,EPSG:32611,298420.0,4096940.0,-119.26530024151045,36.99701521416973,42.0,40.0,Forest,Evergreen
1697,2023_SOAP_7__5_3.tif,neon_10m_linearized/2023_SOAP_7__5_3.tif,neon_2.5m_linearized/2023_SOAP_7__5_3.tif,EPSG:32611,300980.0,4096940.0,-119.2365517417854,36.99756064786276,42.0,40.0,Forest,Evergreen
1698,2023_TALL_7__1_0.tif,neon_10m_linearized/2023_TALL_7__1_0.tif,neon_2.5m_linearized/2023_TALL_7__1_0.tif,EPSG:32616,456260.0,3648180.0,-87.4680742793406,32.971097035866315,41.0,40.0,Forest,Deciduous
1699,2023_TALL_7__1_1.tif,neon_10m_linearized/2023_TALL_7__1_1.tif,neon_2.5m_linearized/2023_TALL_7__1_1.tif,EPSG:32616,458820.0,3648180.0,-87.44067970925923,32.97119669743889,41.0,40.0,Forest,Deciduous
1700,2023_TALL_7__1_2.tif,neon_10m_linearized/2023_TALL_7__1_2.tif,neon_2.5m_linearized/2023_TALL_7__1_2.tif,EPSG:32616,461380.0,3648180.0,-87.41328500826042,32.971290350716906,43.0,40.0,Forest,Mixed
1701,2023_TALL_7__1_3.tif,neon_10m_linearized/2023_TALL_7__1_3.tif,neon_2.5m_linearized/2023_TALL_7__1_3.tif,EPSG:32616,463940.0,3648180.0,-87.38589018448164,32.97137799560622,41.0,40.0,Forest,Deciduous
1702,2023_TALL_7__2_0.tif,neon_10m_linearized/2023_TALL_7__2_0.tif,neon_2.5m_linearized/2023_TALL_7__2_0.tif,EPSG:32616,456260.0,3645620.0,-87.46795255185893,32.94800549053091,41.0,40.0,Forest,Deciduous
1703,2023_TALL_7__2_1.tif,neon_10m_linearized/2023_TALL_7__2_1.tif,neon_2.5m_linearized/2023_TALL_7__2_1.tif,EPSG:32616,458820.0,3645620.0,-87.44056510543523,32.94810506464409,41.0,40.0,Forest,Deciduous
1704,2023_TALL_7__2_2.tif,neon_10m_linearized/2023_TALL_7__2_2.tif,neon_2.5m_linearized/2023_TALL_7__2_2.tif,EPSG:32616,461380.0,3645620.0,-87.4131775282329,32.94819863573522,41.0,40.0,Forest,Deciduous
1705,2023_TALL_7__2_3.tif,neon_10m_linearized/2023_TALL_7__2_3.tif,neon_2.5m_linearized/2023_TALL_7__2_3.tif,EPSG:32616,463940.0,3645620.0,-87.38578982838077,32.94828620371023,42.0,40.0,Forest,Evergreen
1706,2023_TALL_7__3_0.tif,neon_10m_linearized/2023_TALL_7__3_0.tif,neon_2.5m_linearized/2023_TALL_7__3_0.tif,EPSG:32616,456260.0,3643060.0,-87.46783096328451,32.924913859324,41.0,40.0,Forest,Deciduous
1707,2023_TALL_7__3_1.tif,neon_10m_linearized/2023_TALL_7__3_1.tif,neon_2.5m_linearized/2023_TALL_7__3_1.tif,EPSG:32616,458820.0,3643060.0,-87.44045063238991,32.92501334602236,41.0,40.0,Forest,Deciduous
1708,2023_TALL_7__3_2.tif,neon_10m_linearized/2023_TALL_7__3_2.tif,neon_2.5m_linearized/2023_TALL_7__3_2.tif,EPSG:32616,461380.0,3643060.0,-87.41307017085522,32.92510683496847,41.0,40.0,Forest,Deciduous
1709,2023_TALL_7__3_3.tif,neon_10m_linearized/2023_TALL_7__3_3.tif,neon_2.5m_linearized/2023_TALL_7__3_3.tif,EPSG:32616,463940.0,3643060.0,-87.38568958680068,32.925194326068386,41.0,40.0,Forest,Deciduous
1710,2023_TALL_7__4_0.tif,neon_10m_linearized/2023_TALL_7__4_0.tif,neon_2.5m_linearized/2023_TALL_7__4_0.tif,EPSG:32616,456260.0,3640500.0,-87.46770951347018,32.901822142276586,42.0,40.0,Forest,Evergreen
1711,2023_TALL_7__4_1.tif,neon_10m_linearized/2023_TALL_7__4_1.tif,neon_2.5m_linearized/2023_TALL_7__4_1.tif,EPSG:32616,458820.0,3640500.0,-87.4403362899847,32.90192154160463,41.0,40.0,Forest,Deciduous
1712,2023_TALL_7__4_2.tif,neon_10m_linearized/2023_TALL_7__4_2.tif,neon_2.5m_linearized/2023_TALL_7__4_2.tif,EPSG:32616,461380.0,3640500.0,-87.41296293599744,32.902014948447544,41.0,40.0,Forest,Deciduous
1713,2023_TALL_7__4_3.tif,neon_10m_linearized/2023_TALL_7__4_3.tif,neon_2.5m_linearized/2023_TALL_7__4_3.tif,EPSG:32616,463940.0,3640500.0,-87.38558945962005,32.902102362711496,42.0,40.0,Forest,Evergreen
1714,2023_TALL_7__5_0.tif,neon_10m_linearized/2023_TALL_7__5_0.tif,neon_2.5m_linearized/2023_TALL_7__5_0.tif,EPSG:32616,456260.0,3637940.0,-87.46758820226906,32.87873033941971,42.0,40.0,Forest,Evergreen
1715,2023_TALL_7__5_1.tif,neon_10m_linearized/2023_TALL_7__5_1.tif,neon_2.5m_linearized/2023_TALL_7__5_1.tif,EPSG:32616,458820.0,3637940.0,-87.44022207808128,32.87882965142188,43.0,40.0,Forest,Mixed
1716,2023_TALL_7__5_2.tif,neon_10m_linearized/2023_TALL_7__5_2.tif,neon_2.5m_linearized/2023_TALL_7__5_2.tif,EPSG:32616,461380.0,3637940.0,-87.41285582352982,32.87892297620337,41.0,40.0,Forest,Deciduous
1717,2023_TALL_7__5_3.tif,neon_10m_linearized/2023_TALL_7__5_3.tif,neon_2.5m_linearized/2023_TALL_7__5_3.tif,EPSG:32616,463940.0,3637940.0,-87.38548944671773,32.879010313670435,42.0,40.0,Forest,Evergreen
1718,2023_TEAK_6__1_2.tif,neon_10m_linearized/2023_TEAK_6__1_2.tif,neon_2.5m_linearized/2023_TEAK_6__1_2.tif,EPSG:32611,318400.0,4106160.0,-119.0431328254207,37.08414693089308,42.0,40.0,Forest,Evergreen
1719,2023_TEAK_6__1_3.tif,neon_10m_linearized/2023_TEAK_6__1_3.tif,neon_2.5m_linearized/2023_TEAK_6__1_3.tif,EPSG:32611,320960.0,4106160.0,-119.01434728228736,37.08463953318556,42.0,40.0,Forest,Evergreen
1720,2023_TEAK_6__2_0.tif,neon_10m_linearized/2023_TEAK_6__2_0.tif,neon_2.5m_linearized/2023_TEAK_6__2_0.tif,EPSG:32611,313280.0,4103600.0,-119.10006552432726,37.06007967004621,42.0,40.0,Forest,Evergreen
1721,2023_TEAK_6__2_1.tif,neon_10m_linearized/2023_TEAK_6__2_1.tif,neon_2.5m_linearized/2023_TEAK_6__2_1.tif,EPSG:32611,315840.0,4103600.0,-119.07129010375832,37.060585812195335,42.0,40.0,Forest,Evergreen
1722,2023_TEAK_6__2_2.tif,neon_10m_linearized/2023_TEAK_6__2_2.tif,neon_2.5m_linearized/2023_TEAK_6__2_2.tif,EPSG:32611,318400.0,4103600.0,-119.04251396923684,37.06108497993115,42.0,40.0,Forest,Evergreen
1723,2023_TEAK_6__3_0.tif,neon_10m_linearized/2023_TEAK_6__3_0.tif,neon_2.5m_linearized/2023_TEAK_6__3_0.tif,EPSG:32611,313280.0,4101040.0,-119.0994299854124,37.037018456263816,42.0,40.0,Forest,Evergreen
1724,2023_TEAK_6__3_1.tif,neon_10m_linearized/2023_TEAK_6__3_1.tif,neon_2.5m_linearized/2023_TEAK_6__3_1.tif,EPSG:32611,315840.0,4101040.0,-119.07066325781726,37.037524177562055,42.0,40.0,Forest,Evergreen
1725,2023_TEAK_6__3_2.tif,neon_10m_linearized/2023_TEAK_6__3_2.tif,neon_2.5m_linearized/2023_TEAK_6__3_2.tif,EPSG:32611,318400.0,4101040.0,-119.04189581711744,37.03802293024067,42.0,40.0,Forest,Evergreen
1726,2023_TEAK_6__3_3.tif,neon_10m_linearized/2023_TEAK_6__3_3.tif,neon_2.5m_linearized/2023_TEAK_6__3_3.tif,EPSG:32611,320960.0,4101040.0,-119.0131276731896,37.038514713763725,42.0,40.0,Forest,Evergreen
1727,2023_TEAK_6__3_4.tif,neon_10m_linearized/2023_TEAK_6__3_4.tif,neon_2.5m_linearized/2023_TEAK_6__3_4.tif,EPSG:32611,323520.0,4101040.0,-118.98435883591192,37.03899952760268,42.0,40.0,Forest,Evergreen
1728,2023_TEAK_6__4_0.tif,neon_10m_linearized/2023_TEAK_6__4_0.tif,neon_2.5m_linearized/2023_TEAK_6__4_0.tif,EPSG:32611,313280.0,4098480.0,-119.09879516947764,37.0139571432884,42.0,40.0,Forest,Evergreen
1729,2023_TEAK_6__4_1.tif,neon_10m_linearized/2023_TEAK_6__4_1.tif,neon_2.5m_linearized/2023_TEAK_6__4_1.tif,EPSG:32611,315840.0,4098480.0,-119.07003712498114,37.01446244398608,42.0,40.0,Forest,Evergreen
1730,2023_TEAK_6__4_2.tif,neon_10m_linearized/2023_TEAK_6__4_2.tif,neon_2.5m_linearized/2023_TEAK_6__4_2.tif,EPSG:32611,318400.0,4098480.0,-119.04127836822626,37.014960781854434,42.0,40.0,Forest,Evergreen
1731,2023_TEAK_6__4_4.tif,neon_10m_linearized/2023_TEAK_6__4_4.tif,neon_2.5m_linearized/2023_TEAK_6__4_4.tif,EPSG:32611,323520.0,4098480.0,-118.98375875740284,37.01593656696944,42.0,40.0,Forest,Evergreen
1732,2023_TEAK_6__5_0.tif,neon_10m_linearized/2023_TEAK_6__5_0.tif,neon_2.5m_linearized/2023_TEAK_6__5_0.tif,EPSG:32611,313280.0,4095920.0,-119.09816107566502,36.99089573115353,42.0,40.0,Forest,Evergreen
1733,2023_TEAK_6__5_1.tif,neon_10m_linearized/2023_TEAK_6__5_1.tif,neon_2.5m_linearized/2023_TEAK_6__5_1.tif,EPSG:32611,315840.0,4095920.0,-119.06941170440366,36.99140061150064,42.0,40.0,Forest,Evergreen
1734,2023_TEAK_6__5_4.tif,neon_10m_linearized/2023_TEAK_6__5_4.tif,neon_2.5m_linearized/2023_TEAK_6__5_4.tif,EPSG:32611,323520.0,4095920.0,-118.98315936155286,36.99287350815613,52.0,50.0,Rural,ShrubScrub
1735,2023_TEAK_6__6_1.tif,neon_10m_linearized/2023_TEAK_6__6_1.tif,neon_2.5m_linearized/2023_TEAK_6__6_1.tif,EPSG:32611,315840.0,4093360.0,-119.06878699524005,36.968338680139,42.0,40.0,Forest,Evergreen
1736,2023_UKFS_7__0_1.tif,neon_10m_linearized/2023_UKFS_7__0_1.tif,neon_2.5m_linearized/2023_UKFS_7__0_1.tif,EPSG:32615,306840.0,4329700.0,-95.23357213470238,39.09505560287683,81.0,80.0,Rural,Pasture
1737,2023_UKFS_7__0_4.tif,neon_10m_linearized/2023_UKFS_7__0_4.tif,neon_2.5m_linearized/2023_UKFS_7__0_4.tif,EPSG:32615,314520.0,4329700.0,-95.1448250686434,39.096722734175216,41.0,40.0,Forest,Deciduous
1738,2023_UKFS_7__1_1.tif,neon_10m_linearized/2023_UKFS_7__1_1.tif,neon_2.5m_linearized/2023_UKFS_7__1_1.tif,EPSG:32615,306840.0,4327140.0,-95.23284498330892,39.07200442323101,81.0,80.0,Rural,Pasture
1739,2023_UKFS_7__1_2.tif,neon_10m_linearized/2023_UKFS_7__1_2.tif,neon_2.5m_linearized/2023_UKFS_7__1_2.tif,EPSG:32615,309400.0,4327140.0,-95.2032730585885,39.07256717273705,81.0,80.0,Rural,Pasture
1740,2023_UKFS_7__1_3.tif,neon_10m_linearized/2023_UKFS_7__1_3.tif,neon_2.5m_linearized/2023_UKFS_7__1_3.tif,EPSG:32615,311960.0,4327140.0,-95.17370031190036,39.07312242963489,41.0,40.0,Forest,Deciduous
1741,2023_UKFS_7__1_4.tif,neon_10m_linearized/2023_UKFS_7__1_4.tif,neon_2.5m_linearized/2023_UKFS_7__1_4.tif,EPSG:32615,314520.0,4327140.0,-95.1441267542376,39.07367019330429,81.0,80.0,Rural,Pasture
1742,2023_UKFS_7__2_2.tif,neon_10m_linearized/2023_UKFS_7__2_2.tif,neon_2.5m_linearized/2023_UKFS_7__2_2.tif,EPSG:32615,309400.0,4324580.0,-95.20255634046477,39.049515430775095,41.0,40.0,Forest,Deciduous
1743,2023_UKFS_7__2_4.tif,neon_10m_linearized/2023_UKFS_7__2_4.tif,neon_2.5m_linearized/2023_UKFS_7__2_4.tif,EPSG:32615,314520.0,4324580.0,-95.1434292398117,39.05061755055268,82.0,80.0,Rural,Crops
1744,2023_UKFS_7__3_1.tif,neon_10m_linearized/2023_UKFS_7__3_1.tif,neon_2.5m_linearized/2023_UKFS_7__3_1.tif,EPSG:32615,306840.0,4322020.0,-95.2313931783558,39.02590175571065,82.0,80.0,Rural,Crops
1745,2023_UKFS_7__3_3.tif,neon_10m_linearized/2023_UKFS_7__3_3.tif,neon_2.5m_linearized/2023_UKFS_7__3_3.tif,EPSG:32615,311960.0,4322020.0,-95.17228688829267,39.02701793667193,81.0,80.0,Rural,Pasture
1746,2023_UKFS_7__3_4.tif,neon_10m_linearized/2023_UKFS_7__3_4.tif,neon_2.5m_linearized/2023_UKFS_7__3_4.tif,EPSG:32615,314520.0,4322020.0,-95.14273252436294,39.02756480595072,81.0,80.0,Rural,Pasture
1747,2023_UKFS_7__4_2.tif,neon_10m_linearized/2023_UKFS_7__4_2.tif,neon_2.5m_linearized/2023_UKFS_7__4_2.tif,EPSG:32615,309400.0,4319460.0,-95.20112536600251,39.003411639600046,82.0,80.0,Rural,Crops
1748,2023_UKFS_7__4_3.tif,neon_10m_linearized/2023_UKFS_7__4_3.tif,neon_2.5m_linearized/2023_UKFS_7__4_3.tif,EPSG:32615,311960.0,4319460.0,-95.17158139041194,39.00396553701579,81.0,80.0,Rural,Pasture
1749,2023_UKFS_7__4_4.tif,neon_10m_linearized/2023_UKFS_7__4_4.tif,neon_2.5m_linearized/2023_UKFS_7__4_4.tif,EPSG:32615,314520.0,4319460.0,-95.14203660689046,39.00451195952874,81.0,80.0,Rural,Pasture
1750,2023_WLOU_4__1_1.tif,neon_10m_linearized/2023_WLOU_4__1_1.tif,neon_2.5m_linearized/2023_WLOU_4__1_1.tif,EPSG:32613,421860.0,4417140.0,-105.91409111041249,39.90073750742064,42.0,40.0,Forest,Evergreen
1751,2023_WLOU_4__2_1.tif,neon_10m_linearized/2023_WLOU_4__2_1.tif,neon_2.5m_linearized/2023_WLOU_4__2_1.tif,EPSG:32613,421860.0,4414580.0,-105.91378482447034,39.87767491094293,42.0,40.0,Forest,Evergreen
1752,2023_YELL_5__1_2.tif,neon_10m_linearized/2023_YELL_5__1_2.tif,neon_2.5m_linearized/2023_YELL_5__1_2.tif,EPSG:32612,531400.0,4981140.0,-110.60171788579775,44.983008398516816,52.0,50.0,Rural,ShrubScrub
1753,2023_YELL_5__1_3.tif,neon_10m_linearized/2023_YELL_5__1_3.tif,neon_2.5m_linearized/2023_YELL_5__1_3.tif,EPSG:32612,533960.0,4981140.0,-110.5692473616502,44.98289054329405,52.0,50.0,Rural,ShrubScrub
1754,2023_YELL_5__1_4.tif,neon_10m_linearized/2023_YELL_5__1_4.tif,neon_2.5m_linearized/2023_YELL_5__1_4.tif,EPSG:32612,536520.0,4981140.0,-110.53677704521373,44.98276345655805,52.0,50.0,Rural,ShrubScrub
1755,2023_YELL_5__1_5.tif,neon_10m_linearized/2023_YELL_5__1_5.tif,neon_2.5m_linearized/2023_YELL_5__1_5.tif,EPSG:32612,539080.0,4981140.0,-110.50430695214304,44.98262713847157,42.0,40.0,Forest,Evergreen
1756,2023_YELL_5__1_6.tif,neon_10m_linearized/2023_YELL_5__1_6.tif,neon_2.5m_linearized/2023_YELL_5__1_6.tif,EPSG:32612,541640.0,4981140.0,-110.47183709809224,44.98248158920914,52.0,50.0,Rural,ShrubScrub
1757,2023_YELL_5__2_1.tif,neon_10m_linearized/2023_YELL_5__2_1.tif,neon_2.5m_linearized/2023_YELL_5__2_1.tif,EPSG:32612,528840.0,4978580.0,-110.63433506545908,44.96007244385959,52.0,50.0,Rural,ShrubScrub
1758,2023_YELL_5__2_2.tif,neon_10m_linearized/2023_YELL_5__2_2.tif,neon_2.5m_linearized/2023_YELL_5__2_2.tif,EPSG:32612,531400.0,4978580.0,-110.6018773490684,44.959963907056895,52.0,50.0,Rural,ShrubScrub
1759,2023_YELL_5__2_3.tif,neon_10m_linearized/2023_YELL_5__2_3.tif,neon_2.5m_linearized/2023_YELL_5__2_3.tif,EPSG:32612,533960.0,4978580.0,-110.56941982445184,44.959846145962885,52.0,50.0,Rural,ShrubScrub
1760,2023_YELL_5__2_4.tif,neon_10m_linearized/2023_YELL_5__2_4.tif,neon_2.5m_linearized/2023_YELL_5__2_4.tif,EPSG:32612,536520.0,4978580.0,-110.53696250724178,44.95971916072824,52.0,50.0,Rural,ShrubScrub
1761,2023_YELL_5__2_5.tif,neon_10m_linearized/2023_YELL_5__2_5.tif,neon_2.5m_linearized/2023_YELL_5__2_5.tif,EPSG:32612,539080.0,4978580.0,-110.50450541307004,44.95958295151547,52.0,50.0,Rural,ShrubScrub
1762,2023_YELL_5__2_6.tif,neon_10m_linearized/2023_YELL_5__2_6.tif,neon_2.5m_linearized/2023_YELL_5__2_6.tif,EPSG:32612,541640.0,4978580.0,-110.47204855756766,44.9594375184989,52.0,50.0,Rural,ShrubScrub
1763,2023_YELL_5__2_7.tif,neon_10m_linearized/2023_YELL_5__2_7.tif,neon_2.5m_linearized/2023_YELL_5__2_7.tif,EPSG:32612,544200.0,4978580.0,-110.43959195636502,44.95928286186464,52.0,50.0,Rural,ShrubScrub
1764,2023_YELL_5__2_8.tif,neon_10m_linearized/2023_YELL_5__2_8.tif,neon_2.5m_linearized/2023_YELL_5__2_8.tif,EPSG:32612,546760.0,4978580.0,-110.4071356250917,44.9591189818106,52.0,50.0,Rural,ShrubScrub
1765,2023_YELL_5__3_0.tif,neon_10m_linearized/2023_YELL_5__3_0.tif,neon_2.5m_linearized/2023_YELL_5__3_0.tif,EPSG:32612,526280.0,4976020.0,-110.66692626086984,44.9371270049373,52.0,50.0,Rural,ShrubScrub
1766,2023_YELL_5__3_2.tif,neon_10m_linearized/2023_YELL_5__3_2.tif,neon_2.5m_linearized/2023_YELL_5__3_2.tif,EPSG:32612,531400.0,4976020.0,-110.60203662056476,44.93691932176918,52.0,50.0,Rural,ShrubScrub
1767,2023_YELL_5__3_3.tif,neon_10m_linearized/2023_YELL_5__3_3.tif,neon_2.5m_linearized/2023_YELL_5__3_3.tif,EPSG:32612,533960.0,4976020.0,-110.56959207984684,44.93680165472921,52.0,50.0,Rural,ShrubScrub
1768,2023_YELL_5__3_4.tif,neon_10m_linearized/2023_YELL_5__3_4.tif,neon_2.5m_linearized/2023_YELL_5__3_4.tif,EPSG:32612,536520.0,4976020.0,-110.53714774623148,44.936674770915374,52.0,50.0,Rural,ShrubScrub
1769,2023_YELL_5__3_5.tif,neon_10m_linearized/2023_YELL_5__3_5.tif,neon_2.5m_linearized/2023_YELL_5__3_5.tif,EPSG:32612,539080.0,4976020.0,-110.50470363532752,44.936538670489966,52.0,50.0,Rural,ShrubScrub
1770,2023_YELL_5__3_6.tif,neon_10m_linearized/2023_YELL_5__3_6.tif,neon_2.5m_linearized/2023_YELL_5__3_6.tif,EPSG:32612,541640.0,4976020.0,-110.47225976274322,44.93639335362701,52.0,50.0,Rural,ShrubScrub
1771,2023_YELL_5__3_7.tif,neon_10m_linearized/2023_YELL_5__3_7.tif,neon_2.5m_linearized/2023_YELL_5__3_7.tif,EPSG:32612,544200.0,4976020.0,-110.43981614408598,44.93623882051241,52.0,50.0,Rural,ShrubScrub
1772,2023_YELL_5__3_8.tif,neon_10m_linearized/2023_YELL_5__3_8.tif,neon_2.5m_linearized/2023_YELL_5__3_8.tif,EPSG:32612,546760.0,4976020.0,-110.40737279496253,44.93607507134376,52.0,50.0,Rural,ShrubScrub
1773,2023_YELL_5__4_1.tif,neon_10m_linearized/2023_YELL_5__4_1.tif,neon_2.5m_linearized/2023_YELL_5__4_1.tif,EPSG:32612,528840.0,4973460.0,-110.63462746420944,44.91398300615121,52.0,50.0,Rural,ShrubScrub
1774,2023_YELL_5__4_2.tif,neon_10m_linearized/2023_YELL_5__4_2.tif,neon_2.5m_linearized/2023_YELL_5__4_2.tif,EPSG:32612,531400.0,4973460.0,-110.602195700568,44.91387464265398,52.0,50.0,Rural,ShrubScrub
1775,2023_YELL_5__4_5.tif,neon_10m_linearized/2023_YELL_5__4_5.tif,neon_2.5m_linearized/2023_YELL_5__4_5.tif,EPSG:32612,539080.0,4973460.0,-110.50490161926528,44.91349429539575,52.0,50.0,Rural,ShrubScrub
1776,2023_YELL_5__4_6.tif,neon_10m_linearized/2023_YELL_5__4_6.tif,neon_2.5m_linearized/2023_YELL_5__4_6.tif,EPSG:32612,541640.0,4973460.0,-110.47247071399156,44.91334909459435,52.0,50.0,Rural,ShrubScrub
1777,2023_YELL_5__4_7.tif,neon_10m_linearized/2023_YELL_5__4_7.tif,neon_2.5m_linearized/2023_YELL_5__4_7.tif,EPSG:32612,544200.0,4973460.0,-110.44004006227304,44.91319468490148,52.0,50.0,Rural,ShrubScrub
1778,2023_YELL_5__4_8.tif,neon_10m_linearized/2023_YELL_5__4_8.tif,neon_2.5m_linearized/2023_YELL_5__4_8.tif,EPSG:32612,546760.0,4973460.0,-110.40760967969354,44.91303106651447,42.0,40.0,Forest,Evergreen
1779,2023_YELL_5__5_2.tif,neon_10m_linearized/2023_YELL_5__5_2.tif,neon_2.5m_linearized/2023_YELL_5__5_2.tif,EPSG:32612,531400.0,4970900.0,-110.6023545893585,44.89082986971171,52.0,50.0,Rural,ShrubScrub
1780,2023_YELL_5__5_3.tif,neon_10m_linearized/2023_YELL_5__5_3.tif,neon_2.5m_linearized/2023_YELL_5__5_3.tif,EPSG:32612,533960.0,4970900.0,-110.56993596963214,44.89071239055628,52.0,50.0,Rural,ShrubScrub
1781,2023_YELL_5__5_4.tif,neon_10m_linearized/2023_YELL_5__5_4.tif,neon_2.5m_linearized/2023_YELL_5__5_4.tif,EPSG:32612,536520.0,4970900.0,-110.53751755640234,44.89058570934298,52.0,50.0,Rural,ShrubScrub
1782,2023_YELL_5__5_5.tif,neon_10m_linearized/2023_YELL_5__5_5.tif,neon_2.5m_linearized/2023_YELL_5__5_5.tif,EPSG:32612,539080.0,4970900.0,-110.50509936523233,44.89044982623364,52.0,50.0,Rural,ShrubScrub
1783,2023_YELL_5__6_2.tif,neon_10m_linearized/2023_YELL_5__6_2.tif,neon_2.5m_linearized/2023_YELL_5__6_2.tif,EPSG:32612,531400.0,4968340.0,-110.60251328721615,44.86778500294282,52.0,50.0,Rural,ShrubScrub
1784,2024_ARIK_6__0_2.tif,neon_10m_linearized/2024_ARIK_6__0_2.tif,neon_2.5m_linearized/2024_ARIK_6__0_2.tif,EPSG:32613,717400.0,4409740.0,-102.46031275586785,39.80986157014561,71.0,70.0,Rural,Grassland
1785,2024_ARIK_6__1_0.tif,neon_10m_linearized/2024_ARIK_6__1_0.tif,neon_2.5m_linearized/2024_ARIK_6__1_0.tif,EPSG:32613,712280.0,4407180.0,-102.5208997932794,39.7881107110731,71.0,70.0,Rural,Grassland
1786,2024_ARIK_6__1_2.tif,neon_10m_linearized/2024_ARIK_6__1_2.tif,neon_2.5m_linearized/2024_ARIK_6__1_2.tif,EPSG:32613,717400.0,4407180.0,-102.46116075876466,39.78681837174531,71.0,70.0,Rural,Grassland
1787,2024_ARIK_6__2_0.tif,neon_10m_linearized/2024_ARIK_6__2_0.tif,neon_2.5m_linearized/2024_ARIK_6__2_0.tif,EPSG:32613,712280.0,4404620.0,-102.52172694114748,39.76506635604806,71.0,70.0,Rural,Grassland
1788,2024_ARIK_6__2_2.tif,neon_10m_linearized/2024_ARIK_6__2_2.tif,neon_2.5m_linearized/2024_ARIK_6__2_2.tif,EPSG:32613,717400.0,4404620.0,-102.46200778690176,39.76377506649151,71.0,70.0,Rural,Grassland
1789,2024_ARIK_6__3_0.tif,neon_10m_linearized/2024_ARIK_6__3_0.tif,neon_2.5m_linearized/2024_ARIK_6__3_0.tif,EPSG:32613,712280.0,4402060.0,-102.52255313829924,39.74202189489482,71.0,70.0,Rural,Grassland
1790,2024_ARIK_6__3_2.tif,neon_10m_linearized/2024_ARIK_6__3_2.tif,neon_2.5m_linearized/2024_ARIK_6__3_2.tif,EPSG:32613,717400.0,4402060.0,-102.46285384152384,39.74073165441958,71.0,70.0,Rural,Grassland
1791,2024_ARIK_6__4_0.tif,neon_10m_linearized/2024_ARIK_6__4_0.tif,neon_2.5m_linearized/2024_ARIK_6__4_0.tif,EPSG:32613,712280.0,4399500.0,-102.52337838594796,39.7189773276477,71.0,70.0,Rural,Grassland
1792,2024_ARIK_6__4_1.tif,neon_10m_linearized/2024_ARIK_6__4_1.tif,neon_2.5m_linearized/2024_ARIK_6__4_1.tif,EPSG:32613,714840.0,4399500.0,-102.49353817507898,39.71833656184453,71.0,70.0,Rural,Grassland
1793,2024_ARIK_6__4_2.tif,neon_10m_linearized/2024_ARIK_6__4_2.tif,neon_2.5m_linearized/2024_ARIK_6__4_2.tif,EPSG:32613,717400.0,4399500.0,-102.46369892387315,39.71768813556483,71.0,70.0,Rural,Grassland
1794,2024_ARIK_6__5_0.tif,neon_10m_linearized/2024_ARIK_6__5_0.tif,neon_2.5m_linearized/2024_ARIK_6__5_0.tif,EPSG:32613,712280.0,4396940.0,-102.52420268530469,39.69593265434107,71.0,70.0,Rural,Grassland
1795,2024_ARIK_6__5_2.tif,neon_10m_linearized/2024_ARIK_6__5_2.tif,neon_2.5m_linearized/2024_ARIK_6__5_2.tif,EPSG:32613,717400.0,4396940.0,-102.46454303518968,39.69464450996269,82.0,80.0,Rural,Crops
1796,2024_ARIK_6__6_1.tif,neon_10m_linearized/2024_ARIK_6__6_1.tif,neon_2.5m_linearized/2024_ARIK_6__6_1.tif,EPSG:32613,714840.0,4394380.0,-102.49520562853505,39.67224815035336,82.0,80.0,Rural,Crops
1797,2024_ARIK_6__6_2.tif,neon_10m_linearized/2024_ARIK_6__6_2.tif,neon_2.5m_linearized/2024_ARIK_6__6_2.tif,EPSG:32613,717400.0,4394380.0,-102.465386176711,39.67160077764856,82.0,80.0,Rural,Crops
1798,2024_BART_7__0_0.tif,neon_10m_linearized/2024_BART_7__0_0.tif,neon_2.5m_linearized/2024_BART_7__0_0.tif,EPSG:32619,313280.0,4884700.0,-71.33250434556317,44.09167183824854,41.0,40.0,Forest,Deciduous
1799,2024_BART_7__0_2.tif,neon_10m_linearized/2024_BART_7__0_2.tif,neon_2.5m_linearized/2024_BART_7__0_2.tif,EPSG:32619,318400.0,4884700.0,-71.26859572019171,44.09295938346742,41.0,40.0,Forest,Deciduous
1800,2024_BART_7__1_0.tif,neon_10m_linearized/2024_BART_7__1_0.tif,neon_2.5m_linearized/2024_BART_7__1_0.tif,EPSG:32619,313280.0,4882140.0,-71.33159926510382,44.06864230123473,43.0,40.0,Forest,Mixed
1801,2024_BART_7__4_2.tif,neon_10m_linearized/2024_BART_7__4_2.tif,neon_2.5m_linearized/2024_BART_7__4_2.tif,EPSG:32619,318400.0,4874460.0,-71.26508066173078,44.00083647943379,43.0,40.0,Forest,Mixed
1802,2024_BONA_6__0_1.tif,neon_10m_linearized/2024_BONA_6__0_1.tif,neon_2.5m_linearized/2024_BONA_6__0_1.tif,EPSG:32606,470820.0,7235740.0,-147.6244874648513,65.24352667629938,,,,
1803,2024_BONA_6__0_2.tif,neon_10m_linearized/2024_BONA_6__0_2.tif,neon_2.5m_linearized/2024_BONA_6__0_2.tif,EPSG:32606,473380.0,7235740.0,-147.56970380669958,65.24374404596168,,,,
1804,2024_BONA_6__0_4.tif,neon_10m_linearized/2024_BONA_6__0_4.tif,neon_2.5m_linearized/2024_BONA_6__0_4.tif,EPSG:32606,478500.0,7235740.0,-147.4601337302605,65.24411895586657,,,,
1805,2024_BONA_6__0_5.tif,neon_10m_linearized/2024_BONA_6__0_5.tif,neon_2.5m_linearized/2024_BONA_6__0_5.tif,EPSG:32606,481060.0,7235740.0,-147.40534749474057,65.24427649496356,,,,
1806,2024_BONA_6__1_1.tif,neon_10m_linearized/2024_BONA_6__1_1.tif,neon_2.5m_linearized/2024_BONA_6__1_1.tif,EPSG:32606,470820.0,7233180.0,-147.62394573847968,65.22055840579037,,,,
1807,2024_BONA_6__1_2.tif,neon_10m_linearized/2024_BONA_6__1_2.tif,neon_2.5m_linearized/2024_BONA_6__1_2.tif,EPSG:32606,473380.0,7233180.0,-147.56920959714597,65.22077554739909,,,,
1808,2024_BONA_6__1_3.tif,neon_10m_linearized/2024_BONA_6__1_3.tif,neon_2.5m_linearized/2024_BONA_6__1_3.tif,EPSG:32606,475940.0,7233180.0,-147.51447250793672,65.2209727669889,,,,
1809,2024_BONA_6__2_1.tif,neon_10m_linearized/2024_BONA_6__2_1.tif,neon_2.5m_linearized/2024_BONA_6__2_1.tif,EPSG:32606,470820.0,7230620.0,-147.6234050511022,65.19759006216262,,,,
1810,2024_BONA_6__2_2.tif,neon_10m_linearized/2024_BONA_6__2_2.tif,neon_2.5m_linearized/2024_BONA_6__2_2.tif,EPSG:32606,473380.0,7230620.0,-147.56871633546953,65.19780697611306,,,,
1811,2024_BONA_6__2_3.tif,neon_10m_linearized/2024_BONA_6__2_3.tif,neon_2.5m_linearized/2024_BONA_6__2_3.tif,EPSG:32606,475940.0,7230620.0,-147.514026674581,65.19800398892824,,,,
1812,2024_BONA_6__2_5.tif,neon_10m_linearized/2024_BONA_6__2_5.tif,neon_2.5m_linearized/2024_BONA_6__2_5.tif,EPSG:32606,481060.0,7230620.0,-147.40464488054408,65.19833830881294,,,,
1813,2024_BONA_6__3_1.tif,neon_10m_linearized/2024_BONA_6__3_1.tif,neon_2.5m_linearized/2024_BONA_6__3_1.tif,EPSG:32606,470820.0,7228060.0,-147.62286539984746,65.17462164537403,,,,
1814,2024_BONA_6__3_2.tif,neon_10m_linearized/2024_BONA_6__3_2.tif,neon_2.5m_linearized/2024_BONA_6__3_2.tif,EPSG:32606,473380.0,7228060.0,-147.5682240190506,65.17483833206038,,,,
1815,2024_BONA_6__3_3.tif,neon_10m_linearized/2024_BONA_6__3_3.tif,neon_2.5m_linearized/2024_BONA_6__3_3.tif,EPSG:32606,475940.0,7228060.0,-147.51358169560783,65.175035138459,,,,
1816,2024_BONA_6__3_4.tif,neon_10m_linearized/2024_BONA_6__3_4.tif,neon_2.5m_linearized/2024_BONA_6__3_4.tif,EPSG:32606,478500.0,7228060.0,-147.45893852014314,65.17521206397126,,,,
1817,2024_BONA_6__3_5.tif,neon_10m_linearized/2024_BONA_6__3_5.tif,neon_2.5m_linearized/2024_BONA_6__3_5.tif,EPSG:32606,481060.0,7228060.0,-147.40429458328904,65.17536910805912,,,,
1818,2024_BONA_6__3_6.tif,neon_10m_linearized/2024_BONA_6__3_6.tif,neon_2.5m_linearized/2024_BONA_6__3_6.tif,EPSG:32606,483620.0,7228060.0,-147.34964997568594,65.17550627024485,,,,
1819,2024_BONA_6__4_1.tif,neon_10m_linearized/2024_BONA_6__4_1.tif,neon_2.5m_linearized/2024_BONA_6__4_1.tif,EPSG:32606,470820.0,7225500.0,-147.62232678185464,65.15165315538259,,,,
1820,2024_BONA_6__4_2.tif,neon_10m_linearized/2024_BONA_6__4_2.tif,neon_2.5m_linearized/2024_BONA_6__4_2.tif,EPSG:32606,473380.0,7225500.0,-147.56773264527916,65.15186961519798,,,,
1821,2024_BONA_6__4_3.tif,neon_10m_linearized/2024_BONA_6__4_3.tif,neon_2.5m_linearized/2024_BONA_6__4_3.tif,EPSG:32606,475940.0,7225500.0,-147.51313756865815,65.15206621553703,,,,
1822,2024_BONA_6__4_4.tif,neon_10m_linearized/2024_BONA_6__4_4.tif,neon_2.5m_linearized/2024_BONA_6__4_4.tif,EPSG:32606,478500.0,7225500.0,-147.45854164236562,65.1522429558028,,,,
1823,2024_BONA_6__4_5.tif,neon_10m_linearized/2024_BONA_6__4_5.tif,neon_2.5m_linearized/2024_BONA_6__4_5.tif,EPSG:32606,481060.0,7225500.0,-147.40394495678413,65.15239983545852,,,,
1824,2024_BONA_6__4_6.tif,neon_10m_linearized/2024_BONA_6__4_6.tif,neon_2.5m_linearized/2024_BONA_6__4_6.tif,EPSG:32606,483620.0,7225500.0,-147.34934760230408,65.15253685402776,,,,
1825,2024_BONA_6__5_0.tif,neon_10m_linearized/2024_BONA_6__5_0.tif,neon_2.5m_linearized/2024_BONA_6__5_0.tif,EPSG:32606,468260.0,7222940.0,-147.67633514942187,65.12844852076466,,,,
1826,2024_BONA_6__5_1.tif,neon_10m_linearized/2024_BONA_6__5_1.tif,neon_2.5m_linearized/2024_BONA_6__5_1.tif,EPSG:32606,470820.0,7222940.0,-147.62178919427345,65.12868459214627,,,,
1827,2024_BONA_6__5_2.tif,neon_10m_linearized/2024_BONA_6__5_2.tif,neon_2.5m_linearized/2024_BONA_6__5_2.tif,EPSG:32606,473380.0,7222940.0,-147.56724221155483,65.12890082548267,,,,
1828,2024_BONA_6__5_3.tif,neon_10m_linearized/2024_BONA_6__5_3.tif,neon_2.5m_linearized/2024_BONA_6__5_3.tif,EPSG:32606,475940.0,7222940.0,-147.51269429138148,65.12909722011827,,,,
1829,2024_BONA_6__5_4.tif,neon_10m_linearized/2024_BONA_6__5_4.tif,neon_2.5m_linearized/2024_BONA_6__5_4.tif,EPSG:32606,478500.0,7222940.0,-147.45814552387833,65.12927377545759,,,,
1830,2024_BONA_6__5_5.tif,neon_10m_linearized/2024_BONA_6__5_5.tif,neon_2.5m_linearized/2024_BONA_6__5_5.tif,EPSG:32606,481060.0,7222940.0,-147.4035959991789,65.12943049096532,,,,
1831,2024_BONA_6__5_6.tif,neon_10m_linearized/2024_BONA_6__5_6.tif,neon_2.5m_linearized/2024_BONA_6__5_6.tif,EPSG:32606,483620.0,7222940.0,-147.34904580742452,65.12956736616627,,,,
1832,2024_CHEQ_8__1_0.tif,neon_10m_linearized/2024_CHEQ_8__1_0.tif,neon_2.5m_linearized/2024_CHEQ_8__1_0.tif,EPSG:32615,723260.0,5079180.0,-90.12546384951771,45.83001462448351,90.0,90.0,Water,WoodyWetlands
1833,2024_CHEQ_8__1_1.tif,neon_10m_linearized/2024_CHEQ_8__1_1.tif,neon_2.5m_linearized/2024_CHEQ_8__1_1.tif,EPSG:32615,725820.0,5079180.0,-90.0925457646788,45.829181065178304,90.0,90.0,Water,WoodyWetlands
1834,2024_CHEQ_8__1_2.tif,neon_10m_linearized/2024_CHEQ_8__1_2.tif,neon_2.5m_linearized/2024_CHEQ_8__1_2.tif,EPSG:32615,728380.0,5079180.0,-90.05962913599707,45.82833803483984,90.0,90.0,Water,WoodyWetlands
1835,2024_CHEQ_8__2_0.tif,neon_10m_linearized/2024_CHEQ_8__2_0.tif,neon_2.5m_linearized/2024_CHEQ_8__2_0.tif,EPSG:32615,723260.0,5076620.0,-90.12664873957026,45.80700203381996,90.0,90.0,Water,WoodyWetlands
1836,2024_CHEQ_8__2_1.tif,neon_10m_linearized/2024_CHEQ_8__2_1.tif,neon_2.5m_linearized/2024_CHEQ_8__2_1.tif,EPSG:32615,725820.0,5076620.0,-90.09374417731256,45.80616913960726,41.0,40.0,Forest,Deciduous
1837,2024_CHEQ_8__2_2.tif,neon_10m_linearized/2024_CHEQ_8__2_2.tif,neon_2.5m_linearized/2024_CHEQ_8__2_2.tif,EPSG:32615,728380.0,5076620.0,-90.0608410690327,45.8053267818981,41.0,40.0,Forest,Deciduous
1838,2024_CHEQ_8__3_1.tif,neon_10m_linearized/2024_CHEQ_8__3_1.tif,neon_2.5m_linearized/2024_CHEQ_8__3_1.tif,EPSG:32615,725820.0,5074060.0,-90.09494113596774,45.78315709656263,41.0,40.0,Forest,Deciduous
1839,2024_CHEQ_8__3_2.tif,neon_10m_linearized/2024_CHEQ_8__3_2.tif,neon_2.5m_linearized/2024_CHEQ_8__3_2.tif,EPSG:32615,728380.0,5074060.0,-90.06205153174452,45.78231541093415,41.0,40.0,Forest,Deciduous
1840,2024_CPER_10__0_1.tif,neon_10m_linearized/2024_CPER_10__0_1.tif,neon_2.5m_linearized/2024_CPER_10__0_1.tif,EPSG:32613,519840.0,4524700.0,-104.76454566725766,40.87312891451072,71.0,70.0,Rural,Grassland
1841,2024_CPER_10__0_2.tif,neon_10m_linearized/2024_CPER_10__0_2.tif,neon_2.5m_linearized/2024_CPER_10__0_2.tif,EPSG:32613,522400.0,4524700.0,-104.7341647570512,40.87306289717089,71.0,70.0,Rural,Grassland
1842,2024_CPER_10__0_3.tif,neon_10m_linearized/2024_CPER_10__0_3.tif,neon_2.5m_linearized/2024_CPER_10__0_3.tif,EPSG:32613,524960.0,4524700.0,-104.70378395375884,40.87298887798,71.0,70.0,Rural,Grassland
1843,2024_CPER_10__1_1.tif,neon_10m_linearized/2024_CPER_10__1_1.tif,neon_2.5m_linearized/2024_CPER_10__1_1.tif,EPSG:32613,519840.0,4522140.0,-104.7646273199519,40.85006746205002,71.0,70.0,Rural,Grassland
1844,2024_CPER_10__1_2.tif,neon_10m_linearized/2024_CPER_10__1_2.tif,neon_2.5m_linearized/2024_CPER_10__1_2.tif,EPSG:32613,522400.0,4522140.0,-104.73425694519,40.8500014980386,71.0,70.0,Rural,Grassland
1845,2024_CPER_10__1_3.tif,neon_10m_linearized/2024_CPER_10__1_3.tif,neon_2.5m_linearized/2024_CPER_10__1_3.tif,EPSG:32613,524960.0,4522140.0,-104.70388667720152,40.84992753863986,71.0,70.0,Rural,Grassland
1846,2024_CPER_10__1_4.tif,neon_10m_linearized/2024_CPER_10__1_4.tif,neon_2.5m_linearized/2024_CPER_10__1_4.tif,EPSG:32613,527520.0,4522140.0,-104.67351652818824,40.84984558393965,71.0,70.0,Rural,Grassland
1847,2024_CPER_10__2_1.tif,neon_10m_linearized/2024_CPER_10__2_1.tif,neon_2.5m_linearized/2024_CPER_10__2_1.tif,EPSG:32613,519840.0,4519580.0,-104.76470887807469,40.827005916957845,71.0,70.0,Rural,Grassland
1848,2024_CPER_10__2_2.tif,neon_10m_linearized/2024_CPER_10__2_2.tif,neon_2.5m_linearized/2024_CPER_10__2_2.tif,EPSG:32613,522400.0,4519580.0,-104.73434902655534,40.82694000623834,71.0,70.0,Rural,Grassland
1849,2024_CPER_10__2_3.tif,neon_10m_linearized/2024_CPER_10__2_3.tif,neon_2.5m_linearized/2024_CPER_10__2_3.tif,EPSG:32613,524960.0,4519580.0,-104.703989281669,40.82686610659079,71.0,70.0,Rural,Grassland
1850,2024_CPER_10__2_4.tif,neon_10m_linearized/2024_CPER_10__2_4.tif,neon_2.5m_linearized/2024_CPER_10__2_4.tif,EPSG:32613,527520.0,4519580.0,-104.67362965560136,40.82678421810095,71.0,70.0,Rural,Grassland
1851,2024_CPER_10__3_0.tif,neon_10m_linearized/2024_CPER_10__3_0.tif,neon_2.5m_linearized/2024_CPER_10__3_0.tif,EPSG:32613,517280.0,4517020.0,-104.79513977653605,40.80400215415938,71.0,70.0,Rural,Grassland
1852,2024_CPER_10__3_1.tif,neon_10m_linearized/2024_CPER_10__3_1.tif,neon_2.5m_linearized/2024_CPER_10__3_1.tif,EPSG:32613,519840.0,4517020.0,-104.7647903417504,40.80394427924481,71.0,70.0,Rural,Grassland
1853,2024_CPER_10__3_2.tif,neon_10m_linearized/2024_CPER_10__3_2.tif,neon_2.5m_linearized/2024_CPER_10__3_2.tif,EPSG:32613,522400.0,4517020.0,-104.73444100128764,40.80387842178072,71.0,70.0,Rural,Grassland
1854,2024_CPER_10__3_3.tif,neon_10m_linearized/2024_CPER_10__3_3.tif,neon_2.5m_linearized/2024_CPER_10__3_3.tif,EPSG:32613,524960.0,4517020.0,-104.70409176731772,40.80380458184349,71.0,70.0,Rural,Grassland
1855,2024_CPER_10__3_4.tif,neon_10m_linearized/2024_CPER_10__3_4.tif,neon_2.5m_linearized/2024_CPER_10__3_4.tif,EPSG:32613,527520.0,4517020.0,-104.67374265201032,40.80372275951872,71.0,70.0,Rural,Grassland
1856,2024_CPER_10__4_1.tif,neon_10m_linearized/2024_CPER_10__4_1.tif,neon_2.5m_linearized/2024_CPER_10__4_1.tif,EPSG:32613,519840.0,4514460.0,-104.7648717111032,40.780882548921554,71.0,70.0,Rural,Grassland
1857,2024_CPER_10__4_2.tif,neon_10m_linearized/2024_CPER_10__4_2.tif,neon_2.5m_linearized/2024_CPER_10__4_2.tif,EPSG:32613,522400.0,4514460.0,-104.73453286952706,40.780816744676486,71.0,70.0,Rural,Grassland
1858,2024_CPER_10__4_3.tif,neon_10m_linearized/2024_CPER_10__4_3.tif,neon_2.5m_linearized/2024_CPER_10__4_3.tif,EPSG:32613,524960.0,4514460.0,-104.70419413430386,40.78074296440871,71.0,70.0,Rural,Grassland
1859,2024_DELA_8__1_0.tif,neon_10m_linearized/2024_DELA_8__1_0.tif,neon_2.5m_linearized/2024_DELA_8__1_0.tif,EPSG:32616,416300.0,3606180.0,-87.89187565453838,32.58993959179251,90.0,90.0,Water,WoodyWetlands
1860,2024_DELA_8__1_1.tif,neon_10m_linearized/2024_DELA_8__1_1.tif,neon_2.5m_linearized/2024_DELA_8__1_1.tif,EPSG:32616,418860.0,3606180.0,-87.8645999798835,32.59013024836017,90.0,90.0,Water,WoodyWetlands
1861,2024_DELA_8__1_2.tif,neon_10m_linearized/2024_DELA_8__1_2.tif,neon_2.5m_linearized/2024_DELA_8__1_2.tif,EPSG:32616,421420.0,3606180.0,-87.83732405175697,32.59031498500556,90.0,90.0,Water,WoodyWetlands
1862,2024_DELA_8__1_3.tif,neon_10m_linearized/2024_DELA_8__1_3.tif,neon_2.5m_linearized/2024_DELA_8__1_3.tif,EPSG:32616,423980.0,3606180.0,-87.81004787815132,32.590493801544,90.0,90.0,Water,WoodyWetlands
1863,2024_DELA_8__1_4.tif,neon_10m_linearized/2024_DELA_8__1_4.tif,neon_2.5m_linearized/2024_DELA_8__1_4.tif,EPSG:32616,426540.0,3606180.0,-87.7827714670595,32.590666697796784,90.0,90.0,Water,WoodyWetlands
1864,2024_DELA_8__1_5.tif,neon_10m_linearized/2024_DELA_8__1_5.tif,neon_2.5m_linearized/2024_DELA_8__1_5.tif,EPSG:32616,429100.0,3606180.0,-87.75549482647493,32.59083367359106,90.0,90.0,Water,WoodyWetlands
1865,2024_DELA_8__2_0.tif,neon_10m_linearized/2024_DELA_8__2_0.tif,neon_2.5m_linearized/2024_DELA_8__2_0.tif,EPSG:32616,416300.0,3603620.0,-87.89164708039714,32.56684867318869,90.0,90.0,Water,WoodyWetlands
1866,2024_DELA_8__2_3.tif,neon_10m_linearized/2024_DELA_8__2_3.tif,neon_2.5m_linearized/2024_DELA_8__2_3.tif,EPSG:32616,423980.0,3603620.0,-87.80984026935297,32.56740239361199,90.0,90.0,Water,WoodyWetlands
1867,2024_DELA_8__2_4.tif,neon_10m_linearized/2024_DELA_8__2_4.tif,neon_2.5m_linearized/2024_DELA_8__2_4.tif,EPSG:32616,426540.0,3603620.0,-87.78257084721793,32.56757513720835,90.0,90.0,Water,WoodyWetlands
1868,2024_DELA_8__2_5.tif,neon_10m_linearized/2024_DELA_8__2_5.tif,neon_2.5m_linearized/2024_DELA_8__2_5.tif,EPSG:32616,429100.0,3603620.0,-87.7553011958307,32.56774196557304,81.0,80.0,Rural,Pasture
1869,2024_DELA_8__3_0.tif,neon_10m_linearized/2024_DELA_8__3_0.tif,neon_2.5m_linearized/2024_DELA_8__3_0.tif,EPSG:32616,416300.0,3601060.0,-87.89141876744554,32.543757668208954,90.0,90.0,Water,WoodyWetlands
1870,2024_DELA_8__3_1.tif,neon_10m_linearized/2024_DELA_8__3_1.tif,neon_2.5m_linearized/2024_DELA_8__3_1.tif,EPSG:32616,418860.0,3601060.0,-87.86415706117636,32.543947988189785,90.0,90.0,Water,WoodyWetlands
1871,2024_DELA_8__3_2.tif,neon_10m_linearized/2024_DELA_8__3_2.tif,neon_2.5m_linearized/2024_DELA_8__3_2.tif,EPSG:32616,421420.0,3601060.0,-87.83689510196655,32.5441323986981,90.0,90.0,Water,WoodyWetlands
1872,2024_DELA_8__3_3.tif,neon_10m_linearized/2024_DELA_8__3_3.tif,neon_2.5m_linearized/2024_DELA_8__3_3.tif,EPSG:32616,423980.0,3601060.0,-87.80963289779187,32.54431089954967,90.0,90.0,Water,WoodyWetlands
1873,2024_DELA_8__3_5.tif,neon_10m_linearized/2024_DELA_8__3_5.tif,neon_2.5m_linearized/2024_DELA_8__3_5.tif,EPSG:32616,429100.0,3601060.0,-87.75510778645328,32.54465017157531,81.0,80.0,Rural,Pasture
1874,2024_DELA_8__4_0.tif,neon_10m_linearized/2024_DELA_8__4_0.tif,neon_2.5m_linearized/2024_DELA_8__4_0.tif,EPSG:32616,416300.0,3598500.0,-87.89119071540998,32.520666576886626,90.0,90.0,Water,WoodyWetlands
1875,2024_DELA_8__4_1.tif,neon_10m_linearized/2024_DELA_8__4_1.tif,neon_2.5m_linearized/2024_DELA_8__4_1.tif,EPSG:32616,418860.0,3598500.0,-87.86393598136648,32.520856728700664,90.0,90.0,Water,WoodyWetlands
1876,2024_DELA_8__4_2.tif,neon_10m_linearized/2024_DELA_8__4_2.tif,neon_2.5m_linearized/2024_DELA_8__4_2.tif,EPSG:32616,421420.0,3598500.0,-87.83668099464717,32.52104097626312,90.0,90.0,Water,WoodyWetlands
1877,2024_DELA_8__4_3.tif,neon_10m_linearized/2024_DELA_8__4_3.tif,neon_2.5m_linearized/2024_DELA_8__4_3.tif,EPSG:32616,423980.0,3598500.0,-87.80942576321948,32.52121931938999,90.0,90.0,Water,WoodyWetlands
1878,2024_DELA_8__4_5.tif,neon_10m_linearized/2024_DELA_8__4_5.tif,neon_2.5m_linearized/2024_DELA_8__4_5.tif,EPSG:32616,429100.0,3598500.0,-87.75491459811086,32.52155829163064,81.0,80.0,Rural,Pasture
1879,2024_DELA_8__5_1.tif,neon_10m_linearized/2024_DELA_8__5_1.tif,neon_2.5m_linearized/2024_DELA_8__5_1.tif,EPSG:32616,418860.0,3595940.0,-87.8637151542325,32.497765382986564,21.0,20.0,Developed,OpenSpace
1880,2024_DELA_8__5_2.tif,neon_10m_linearized/2024_DELA_8__5_2.tif,neon_2.5m_linearized/2024_DELA_8__5_2.tif,EPSG:32616,421420.0,3595940.0,-87.83646713203626,32.49794946768479,22.0,20.0,Developed,LowIntensity
1881,2024_DELA_8__5_4.tif,neon_10m_linearized/2024_DELA_8__5_4.tif,neon_2.5m_linearized/2024_DELA_8__5_4.tif,EPSG:32616,426540.0,3595940.0,-87.78197036224626,32.49829993925236,81.0,80.0,Rural,Pasture
1882,2024_DELA_8__5_5.tif,neon_10m_linearized/2024_DELA_8__5_5.tif,neon_2.5m_linearized/2024_DELA_8__5_5.tif,EPSG:32616,429100.0,3595940.0,-87.75472163057199,32.49846632577186,81.0,80.0,Rural,Pasture
1883,2024_HARV_8__1_0.tif,neon_10m_linearized/2024_HARV_8__1_0.tif,neon_2.5m_linearized/2024_HARV_8__1_0.tif,EPSG:32618,723260.0,4717140.0,-72.27968336964656,42.57438621304008,42.0,40.0,Forest,Evergreen
1884,2024_HARV_8__1_1.tif,neon_10m_linearized/2024_HARV_8__1_1.tif,neon_2.5m_linearized/2024_HARV_8__1_1.tif,EPSG:32618,725820.0,4717140.0,-72.24852579094592,42.57364170724837,42.0,40.0,Forest,Evergreen
1885,2024_HARV_8__1_2.tif,neon_10m_linearized/2024_HARV_8__1_2.tif,neon_2.5m_linearized/2024_HARV_8__1_2.tif,EPSG:32618,728380.0,4717140.0,-72.21736940081875,42.57288873998744,43.0,40.0,Forest,Mixed
1886,2024_HARV_8__1_3.tif,neon_10m_linearized/2024_HARV_8__1_3.tif,neon_2.5m_linearized/2024_HARV_8__1_3.tif,EPSG:32618,730940.0,4717140.0,-72.18621421264217,42.572127312163815,43.0,40.0,Forest,Mixed
1887,2024_HARV_8__1_4.tif,neon_10m_linearized/2024_HARV_8__1_4.tif,neon_2.5m_linearized/2024_HARV_8__1_4.tif,EPSG:32618,733500.0,4717140.0,-72.15506023979,42.5713574246941,41.0,40.0,Forest,Deciduous
1888,2024_HARV_8__2_0.tif,neon_10m_linearized/2024_HARV_8__2_0.tif,neon_2.5m_linearized/2024_HARV_8__2_0.tif,EPSG:32618,723260.0,4714580.0,-72.2806843840337,42.55135743684117,42.0,40.0,Forest,Evergreen
1889,2024_HARV_8__2_1.tif,neon_10m_linearized/2024_HARV_8__2_1.tif,neon_2.5m_linearized/2024_HARV_8__2_1.tif,EPSG:32618,725820.0,4714580.0,-72.24953823555481,42.55061352744679,42.0,40.0,Forest,Evergreen
1890,2024_HARV_8__2_2.tif,neon_10m_linearized/2024_HARV_8__2_2.tif,neon_2.5m_linearized/2024_HARV_8__2_2.tif,EPSG:32618,728380.0,4714580.0,-72.21839327401649,42.54986116334705,43.0,40.0,Forest,Mixed
1891,2024_HARV_8__2_3.tif,neon_10m_linearized/2024_HARV_8__2_3.tif,neon_2.5m_linearized/2024_HARV_8__2_3.tif,EPSG:32618,730940.0,4714580.0,-72.18724951277758,42.54910034544724,43.0,40.0,Forest,Mixed
1892,2024_HARV_8__2_4.tif,neon_10m_linearized/2024_HARV_8__2_4.tif,neon_2.5m_linearized/2024_HARV_8__2_4.tif,EPSG:32618,733500.0,4714580.0,-72.15610696519366,42.548331074662734,41.0,40.0,Forest,Deciduous
1893,2024_HARV_8__2_5.tif,neon_10m_linearized/2024_HARV_8__2_5.tif,neon_2.5m_linearized/2024_HARV_8__2_5.tif,EPSG:32618,736060.0,4714580.0,-72.12496564461694,42.54755335191907,43.0,40.0,Forest,Mixed
1894,2024_HARV_8__3_0.tif,neon_10m_linearized/2024_HARV_8__3_0.tif,neon_2.5m_linearized/2024_HARV_8__3_0.tif,EPSG:32618,723260.0,4712020.0,-72.28168422484178,42.528328548692585,42.0,40.0,Forest,Evergreen
1895,2024_HARV_8__3_1.tif,neon_10m_linearized/2024_HARV_8__3_1.tif,neon_2.5m_linearized/2024_HARV_8__3_1.tif,EPSG:32618,725820.0,4712020.0,-72.2505494932226,42.52758523526229,42.0,40.0,Forest,Evergreen
1896,2024_HARV_8__3_2.tif,neon_10m_linearized/2024_HARV_8__3_2.tif,neon_2.5m_linearized/2024_HARV_8__3_2.tif,EPSG:32618,728380.0,4712020.0,-72.2194159469143,42.52683347388559,42.0,40.0,Forest,Evergreen
1897,2024_HARV_8__3_3.tif,neon_10m_linearized/2024_HARV_8__3_3.tif,neon_2.5m_linearized/2024_HARV_8__3_3.tif,EPSG:32618,730940.0,4712020.0,-72.18828359925749,42.52607326546658,43.0,40.0,Forest,Mixed
1898,2024_HARV_8__3_4.tif,neon_10m_linearized/2024_HARV_8__3_4.tif,neon_2.5m_linearized/2024_HARV_8__3_4.tif,EPSG:32618,733500.0,4712020.0,-72.15715246358951,42.52530461091942,43.0,40.0,Forest,Mixed
1899,2024_HARV_8__3_5.tif,neon_10m_linearized/2024_HARV_8__3_5.tif,neon_2.5m_linearized/2024_HARV_8__3_5.tif,EPSG:32618,736060.0,4712020.0,-72.12602255324438,42.52452751116837,90.0,90.0,Water,WoodyWetlands
1900,2024_HARV_8__4_0.tif,neon_10m_linearized/2024_HARV_8__4_0.tif,neon_2.5m_linearized/2024_HARV_8__4_0.tif,EPSG:32618,723260.0,4709460.0,-72.28268289368224,42.50529954862941,42.0,40.0,Forest,Evergreen
1901,2024_HARV_8__4_1.tif,neon_10m_linearized/2024_HARV_8__4_1.tif,neon_2.5m_linearized/2024_HARV_8__4_1.tif,EPSG:32618,725820.0,4709460.0,-72.25155956557892,42.50455683073063,42.0,40.0,Forest,Evergreen
1902,2024_HARV_8__4_2.tif,neon_10m_linearized/2024_HARV_8__4_2.tif,neon_2.5m_linearized/2024_HARV_8__4_2.tif,EPSG:32618,728380.0,4709460.0,-72.22043742116006,42.503805671639526,43.0,40.0,Forest,Mixed
1903,2024_HARV_8__4_3.tif,neon_10m_linearized/2024_HARV_8__4_3.tif,neon_2.5m_linearized/2024_HARV_8__4_3.tif,EPSG:32618,730940.0,4709460.0,-72.18931647374802,42.50304607225898,41.0,40.0,Forest,Deciduous
1904,2024_HARV_8__4_4.tif,neon_10m_linearized/2024_HARV_8__4_4.tif,neon_2.5m_linearized/2024_HARV_8__4_4.tif,EPSG:32618,733500.0,4709460.0,-72.15819673666196,42.50227803350196,43.0,40.0,Forest,Mixed
1905,2024_HARV_8__4_5.tif,neon_10m_linearized/2024_HARV_8__4_5.tif,neon_2.5m_linearized/2024_HARV_8__4_5.tif,EPSG:32618,736060.0,4709460.0,-72.12707822321771,42.50150155629149,43.0,40.0,Forest,Mixed
1906,2024_HARV_8__5_0.tif,neon_10m_linearized/2024_HARV_8__5_0.tif,neon_2.5m_linearized/2024_HARV_8__5_0.tif,EPSG:32618,723260.0,4706900.0,-72.28368039216329,42.48227043668676,11.0,10.0,Water,Open Water
1907,2024_HARV_8__5_1.tif,neon_10m_linearized/2024_HARV_8__5_1.tif,neon_2.5m_linearized/2024_HARV_8__5_1.tif,EPSG:32618,725820.0,4706900.0,-72.25256845425025,42.48152831388755,43.0,40.0,Forest,Mixed
1908,2024_HARV_8__5_2.tif,neon_10m_linearized/2024_HARV_8__5_2.tif,neon_2.5m_linearized/2024_HARV_8__5_2.tif,EPSG:32618,728380.0,4706900.0,-72.22145769839844,42.48077775664525,43.0,40.0,Forest,Mixed
1909,2024_HARV_8__5_3.tif,neon_10m_linearized/2024_HARV_8__5_3.tif,neon_2.5m_linearized/2024_HARV_8__5_3.tif,EPSG:32618,730940.0,4706900.0,-72.19034813791205,42.48001876586156,41.0,40.0,Forest,Deciduous
1910,2024_HARV_8__5_4.tif,neon_10m_linearized/2024_HARV_8__5_4.tif,neon_2.5m_linearized/2024_HARV_8__5_4.tif,EPSG:32618,733500.0,4706900.0,-72.15923978609204,42.47925134244819,43.0,40.0,Forest,Mixed
1911,2024_HARV_8__5_5.tif,neon_10m_linearized/2024_HARV_8__5_5.tif,neon_2.5m_linearized/2024_HARV_8__5_5.tif,EPSG:32618,736060.0,4706900.0,-72.12813265623613,42.478475487326925,43.0,40.0,Forest,Mixed
1912,2024_HARV_8__6_0.tif,neon_10m_linearized/2024_HARV_8__6_0.tif,neon_2.5m_linearized/2024_HARV_8__6_0.tif,EPSG:32618,723260.0,4704340.0,-72.28467672189001,42.4592412128997,11.0,10.0,Water,Open Water
1913,2024_HARV_8__6_1.tif,neon_10m_linearized/2024_HARV_8__6_1.tif,neon_2.5m_linearized/2024_HARV_8__6_1.tif,EPSG:32618,725820.0,4704340.0,-72.25357616085985,42.45849968476884,43.0,40.0,Forest,Mixed
1914,2024_HARV_8__6_2.tif,neon_10m_linearized/2024_HARV_8__6_2.tif,neon_2.5m_linearized/2024_HARV_8__6_2.tif,EPSG:32618,728380.0,4704340.0,-72.22247678027087,42.45774972893927,43.0,40.0,Forest,Mixed
1915,2024_HARV_8__6_3.tif,neon_10m_linearized/2024_HARV_8__6_3.tif,neon_2.5m_linearized/2024_HARV_8__6_3.tif,EPSG:32618,730940.0,4704340.0,-72.19137859340913,42.45699134631145,43.0,40.0,Forest,Mixed
1916,2024_HARV_8__6_4.tif,neon_10m_linearized/2024_HARV_8__6_4.tif,neon_2.5m_linearized/2024_HARV_8__6_4.tif,EPSG:32618,733500.0,4704340.0,-72.1602816135575,42.456224537795904,43.0,40.0,Forest,Mixed
1917,2024_HARV_8__6_5.tif,neon_10m_linearized/2024_HARV_8__6_5.tif,neon_2.5m_linearized/2024_HARV_8__6_5.tif,EPSG:32618,736060.0,4704340.0,-72.12918585399554,42.45544930431321,43.0,40.0,Forest,Mixed
1918,2024_HARV_8__7_0.tif,neon_10m_linearized/2024_HARV_8__7_0.tif,neon_2.5m_linearized/2024_HARV_8__7_0.tif,EPSG:32618,723260.0,4701780.0,-72.28567188446429,42.43621187730337,11.0,10.0,Water,Open Water
1919,2024_HARV_8__7_1.tif,neon_10m_linearized/2024_HARV_8__7_1.tif,neon_2.5m_linearized/2024_HARV_8__7_1.tif,EPSG:32618,725820.0,4701780.0,-72.25458268702772,42.43547094341027,11.0,10.0,Water,Open Water
1920,2024_HARV_8__7_2.tif,neon_10m_linearized/2024_HARV_8__7_2.tif,neon_2.5m_linearized/2024_HARV_8__7_2.tif,EPSG:32618,728380.0,4701780.0,-72.2234946684155,42.43472158855799,41.0,40.0,Forest,Deciduous
1921,2024_HARV_8__7_3.tif,neon_10m_linearized/2024_HARV_8__7_3.tif,neon_2.5m_linearized/2024_HARV_8__7_3.tif,EPSG:32618,730940.0,4701780.0,-72.19240784189559,42.43396381364578,43.0,40.0,Forest,Mixed
1922,2024_HARV_8__7_4.tif,neon_10m_linearized/2024_HARV_8__7_4.tif,neon_2.5m_linearized/2024_HARV_8__7_4.tif,EPSG:32618,733500.0,4701780.0,-72.16132222073274,42.43319761958295,43.0,40.0,Forest,Mixed
1923,2024_HARV_8__7_5.tif,neon_10m_linearized/2024_HARV_8__7_5.tif,neon_2.5m_linearized/2024_HARV_8__7_5.tif,EPSG:32618,736060.0,4701780.0,-72.13023781818846,42.43242300728886,41.0,40.0,Forest,Deciduous
1924,2024_HARV_8__8_2.tif,neon_10m_linearized/2024_HARV_8__8_2.tif,neon_2.5m_linearized/2024_HARV_8__8_2.tif,EPSG:32618,728380.0,4699220.0,-72.22451136446726,42.41169333553789,42.0,40.0,Forest,Evergreen
1925,2024_HARV_8__8_4.tif,neon_10m_linearized/2024_HARV_8__8_4.tif,neon_2.5m_linearized/2024_HARV_8__8_4.tif,EPSG:32618,733500.0,4699220.0,-72.16236160928888,42.41017058784717,41.0,40.0,Forest,Deciduous
1926,2024_HARV_8__9_0.tif,neon_10m_linearized/2024_HARV_8__9_0.tif,neon_2.5m_linearized/2024_HARV_8__9_0.tif,EPSG:32618,723260.0,4696660.0,-72.2876587145473,42.39015287082335,11.0,10.0,Water,Open Water
1927,2024_HARV_8__9_1.tif,neon_10m_linearized/2024_HARV_8__9_1.tif,neon_2.5m_linearized/2024_HARV_8__9_1.tif,EPSG:32618,725820.0,4696660.0,-72.25659220450247,42.38941312411671,11.0,10.0,Water,Open Water
1928,2024_HARV_8__9_2.tif,neon_10m_linearized/2024_HARV_8__9_2.tif,neon_2.5m_linearized/2024_HARV_8__9_2.tif,EPSG:32618,728380.0,4696660.0,-72.22552687005789,42.38866496991542,43.0,40.0,Forest,Mixed
1929,2024_HARV_8__9_3.tif,neon_10m_linearized/2024_HARV_8__9_3.tif,neon_2.5m_linearized/2024_HARV_8__9_3.tif,EPSG:32618,730940.0,4696660.0,-72.19446272444542,42.38790840911633,41.0,40.0,Forest,Deciduous
1930,2024_HARV_8__9_4.tif,neon_10m_linearized/2024_HARV_8__9_4.tif,neon_2.5m_linearized/2024_HARV_8__9_4.tif,EPSG:32618,733500.0,4696660.0,-72.16339978089374,42.38714344262634,41.0,40.0,Forest,Deciduous
1931,2024_HEAL_6__0_1.tif,neon_10m_linearized/2024_HEAL_6__0_1.tif,neon_2.5m_linearized/2024_HEAL_6__0_1.tif,EPSG:32606,388860.0,7091740.0,-149.26732978091198,63.93493889302907,,,,
1932,2024_HEAL_6__1_0.tif,neon_10m_linearized/2024_HEAL_6__1_0.tif,neon_2.5m_linearized/2024_HEAL_6__1_0.tif,EPSG:32606,386300.0,7089180.0,-149.3176079161168,63.91115812617755,,,,
1933,2024_HEAL_6__1_1.tif,neon_10m_linearized/2024_HEAL_6__1_1.tif,neon_2.5m_linearized/2024_HEAL_6__1_1.tif,EPSG:32606,388860.0,7089180.0,-149.26547575783383,63.91198312735413,,,,
1934,2024_HEAL_6__1_2.tif,neon_10m_linearized/2024_HEAL_6__1_2.tif,neon_2.5m_linearized/2024_HEAL_6__1_2.tif,EPSG:32606,391420.0,7089180.0,-149.21334020871032,63.91278937448489,,,,
1935,2024_HEAL_6__3_0.tif,neon_10m_linearized/2024_HEAL_6__3_0.tif,neon_2.5m_linearized/2024_HEAL_6__3_0.tif,EPSG:32606,386300.0,7084060.0,-149.31382512270062,63.865247950801184,,,,
1936,2024_HEAL_6__3_1.tif,neon_10m_linearized/2024_HEAL_6__3_1.tif,neon_2.5m_linearized/2024_HEAL_6__3_1.tif,EPSG:32606,388860.0,7084060.0,-149.26177787532944,63.86607128793542,,,,
1937,2024_HEAL_6__3_2.tif,neon_10m_linearized/2024_HEAL_6__3_2.tif,neon_2.5m_linearized/2024_HEAL_6__3_2.tif,EPSG:32606,391420.0,7084060.0,-149.20972725485743,63.866875908756754,,,,
1938,2024_HEAL_6__3_3.tif,neon_10m_linearized/2024_HEAL_6__3_3.tif,neon_2.5m_linearized/2024_HEAL_6__3_3.tif,EPSG:32606,393980.0,7084060.0,-149.15767333854578,63.86766181102136,,,,
1939,2024_HEAL_6__4_0.tif,neon_10m_linearized/2024_HEAL_6__4_0.tif,neon_2.5m_linearized/2024_HEAL_6__4_0.tif,EPSG:32606,386300.0,7081500.0,-149.3119389060251,63.84229270710878,,,,
1940,2024_HEAL_6__4_1.tif,neon_10m_linearized/2024_HEAL_6__4_1.tif,neon_2.5m_linearized/2024_HEAL_6__4_1.tif,EPSG:32606,388860.0,7081500.0,-149.25993399816343,63.84311521425421,,,,
1941,2024_HEAL_6__4_2.tif,neon_10m_linearized/2024_HEAL_6__4_2.tif,neon_2.5m_linearized/2024_HEAL_6__4_2.tif,EPSG:32606,391420.0,7081500.0,-149.2079257260242,63.84391902390729,,,,
1942,2024_HEAL_6__4_3.tif,neon_10m_linearized/2024_HEAL_6__4_3.tif,neon_2.5m_linearized/2024_HEAL_6__4_3.tif,EPSG:32606,393980.0,7081500.0,-149.15591416666723,63.84470413382974,,,,
1943,2024_JERC_8__1_1.tif,neon_10m_linearized/2024_JERC_8__1_1.tif,neon_2.5m_linearized/2024_JERC_8__1_1.tif,EPSG:32616,733860.0,3467160.0,-84.5425571791997,31.315357982529623,82.0,80.0,Rural,Crops
1944,2024_JERC_8__1_2.tif,neon_10m_linearized/2024_JERC_8__1_2.tif,neon_2.5m_linearized/2024_JERC_8__1_2.tif,EPSG:32616,736420.0,3467160.0,-84.51567759725589,31.31484041558941,82.0,80.0,Rural,Crops
1945,2024_JERC_8__1_3.tif,neon_10m_linearized/2024_JERC_8__1_3.tif,neon_2.5m_linearized/2024_JERC_8__1_3.tif,EPSG:32616,738980.0,3467160.0,-84.48879871217234,31.314317229629992,42.0,40.0,Forest,Evergreen
1946,2024_JERC_8__1_5.tif,neon_10m_linearized/2024_JERC_8__1_5.tif,neon_2.5m_linearized/2024_JERC_8__1_5.tif,EPSG:32616,744100.0,3467160.0,-84.43504306261757,31.313254002708785,82.0,80.0,Rural,Crops
1947,2024_JERC_8__1_6.tif,neon_10m_linearized/2024_JERC_8__1_6.tif,neon_2.5m_linearized/2024_JERC_8__1_6.tif,EPSG:32616,746660.0,3467160.0,-84.40816631315903,31.312713962788354,82.0,80.0,Rural,Crops
1948,2024_JERC_8__2_1.tif,neon_10m_linearized/2024_JERC_8__2_1.tif,neon_2.5m_linearized/2024_JERC_8__2_1.tif,EPSG:32616,733860.0,3464600.0,-84.54315642014458,31.292280930247426,82.0,80.0,Rural,Crops
1949,2024_JERC_8__2_2.tif,neon_10m_linearized/2024_JERC_8__2_2.tif,neon_2.5m_linearized/2024_JERC_8__2_2.tif,EPSG:32616,736420.0,3464600.0,-84.51628337637267,31.29176383018273,42.0,40.0,Forest,Evergreen
1950,2024_JERC_8__2_3.tif,neon_10m_linearized/2024_JERC_8__2_3.tif,neon_2.5m_linearized/2024_JERC_8__2_3.tif,EPSG:32616,738980.0,3464600.0,-84.48941102875844,31.2912411161624,42.0,40.0,Forest,Evergreen
1951,2024_JERC_8__2_5.tif,neon_10m_linearized/2024_JERC_8__2_5.tif,neon_2.5m_linearized/2024_JERC_8__2_5.tif,EPSG:32616,744100.0,3464600.0,-84.43566845200439,31.29017884830756,82.0,80.0,Rural,Crops
1952,2024_JERC_8__2_6.tif,neon_10m_linearized/2024_JERC_8__2_6.tif,neon_2.5m_linearized/2024_JERC_8__2_6.tif,EPSG:32616,746660.0,3464600.0,-84.40879823786221,31.289639295513133,82.0,80.0,Rural,Crops
1953,2024_JERC_8__3_0.tif,neon_10m_linearized/2024_JERC_8__3_0.tif,neon_2.5m_linearized/2024_JERC_8__3_0.tif,EPSG:32616,731300.0,3462040.0,-84.57062217349727,31.26971480866229,82.0,80.0,Rural,Crops
1954,2024_JERC_8__3_1.tif,neon_10m_linearized/2024_JERC_8__3_1.tif,neon_2.5m_linearized/2024_JERC_8__3_1.tif,EPSG:32616,733860.0,3462040.0,-84.54375497243339,31.269203784651005,42.0,40.0,Forest,Evergreen
1955,2024_JERC_8__3_2.tif,neon_10m_linearized/2024_JERC_8__3_2.tif,neon_2.5m_linearized/2024_JERC_8__3_2.tif,EPSG:32616,736420.0,3462040.0,-84.51688845933153,31.268687151239497,42.0,40.0,Forest,Evergreen
1956,2024_JERC_8__3_3.tif,neon_10m_linearized/2024_JERC_8__3_3.tif,neon_2.5m_linearized/2024_JERC_8__3_3.tif,EPSG:32616,738980.0,3462040.0,-84.49002264168598,31.26816490893352,42.0,40.0,Forest,Evergreen
1957,2024_JERC_8__3_4.tif,neon_10m_linearized/2024_JERC_8__3_4.tif,neon_2.5m_linearized/2024_JERC_8__3_4.tif,EPSG:32616,741540.0,3462040.0,-84.46315752698987,31.26763705824426,82.0,80.0,Rural,Crops
1958,2024_JERC_8__4_1.tif,neon_10m_linearized/2024_JERC_8__4_1.tif,neon_2.5m_linearized/2024_JERC_8__4_1.tif,EPSG:32616,733860.0,3459480.0,-84.54435283675998,31.24612654578896,82.0,80.0,Rural,Crops
1959,2024_JERC_8__4_2.tif,neon_10m_linearized/2024_JERC_8__4_2.tif,neon_2.5m_linearized/2024_JERC_8__4_2.tif,EPSG:32616,736420.0,3459480.0,-84.51749284683389,31.24561037880861,82.0,80.0,Rural,Crops
1960,2024_JERC_8__4_3.tif,neon_10m_linearized/2024_JERC_8__4_3.tif,neon_2.5m_linearized/2024_JERC_8__4_3.tif,EPSG:32616,738980.0,3459480.0,-84.49063355166392,31.24508860799257,42.0,40.0,Forest,Evergreen
1961,2024_JERC_8__4_7.tif,neon_10m_linearized/2024_JERC_8__4_7.tif,neon_2.5m_linearized/2024_JERC_8__4_7.tif,EPSG:32616,749220.0,3459480.0,-84.38320346823903,31.242945496664884,42.0,40.0,Forest,Evergreen
1962,2024_JERC_8__5_2.tif,neon_10m_linearized/2024_JERC_8__5_2.tif,neon_2.5m_linearized/2024_JERC_8__5_2.tif,EPSG:32616,736420.0,3456920.0,-84.51809653957994,31.222533512939016,82.0,80.0,Rural,Crops
1963,2024_JERC_8__5_3.tif,neon_10m_linearized/2024_JERC_8__5_3.tif,neon_2.5m_linearized/2024_JERC_8__5_3.tif,EPSG:32616,738980.0,3456920.0,-84.49124375939995,31.22201221338884,42.0,40.0,Forest,Evergreen
1964,2024_JERC_8__5_7.tif,neon_10m_linearized/2024_JERC_8__5_7.tif,neon_2.5m_linearized/2024_JERC_8__5_7.tif,EPSG:32616,749220.0,3456920.0,-84.383839728795,31.219871037675823,82.0,80.0,Rural,Crops
1965,2024_JERC_8__6_2.tif,neon_10m_linearized/2024_JERC_8__6_2.tif,neon_2.5m_linearized/2024_JERC_8__6_2.tif,EPSG:32616,736420.0,3454360.0,-84.51869953826866,31.1994565536797,82.0,80.0,Rural,Crops
1966,2024_JERC_8__6_3.tif,neon_10m_linearized/2024_JERC_8__6_3.tif,neon_2.5m_linearized/2024_JERC_8__6_3.tif,EPSG:32616,738980.0,3454360.0,-84.49185326560055,31.198935725171573,82.0,80.0,Rural,Crops
1967,2024_JERC_8__6_4.tif,neon_10m_linearized/2024_JERC_8__6_4.tif,neon_2.5m_linearized/2024_JERC_8__6_4.tif,EPSG:32616,741540.0,3454360.0,-84.46500769376236,31.19840930344748,42.0,40.0,Forest,Evergreen
1968,2024_JERC_8__7_2.tif,neon_10m_linearized/2024_JERC_8__7_2.tif,neon_2.5m_linearized/2024_JERC_8__7_2.tif,EPSG:32616,736420.0,3451800.0,-84.51930184359789,31.176379501079644,82.0,80.0,Rural,Crops
1969,2024_JERC_8__7_3.tif,neon_10m_linearized/2024_JERC_8__7_3.tif,neon_2.5m_linearized/2024_JERC_8__7_3.tif,EPSG:32616,738980.0,3451800.0,-84.49246207097104,31.17585914339013,82.0,80.0,Rural,Crops
1970,2024_JERC_8__7_4.tif,neon_10m_linearized/2024_JERC_8__7_4.tif,neon_2.5m_linearized/2024_JERC_8__7_4.tif,EPSG:32616,741540.0,3451800.0,-84.46562299847001,31.175333197535625,42.0,40.0,Forest,Evergreen
1971,2024_JERC_8__7_5.tif,neon_10m_linearized/2024_JERC_8__7_5.tif,neon_2.5m_linearized/2024_JERC_8__7_5.tif,EPSG:32616,744100.0,3451800.0,-84.43878463355674,31.174801664030287,82.0,80.0,Rural,Crops
1972,2024_JERC_8__8_2.tif,neon_10m_linearized/2024_JERC_8__8_2.tif,neon_2.5m_linearized/2024_JERC_8__8_2.tif,EPSG:32616,736420.0,3449240.0,-84.51990345626423,31.15330235518792,82.0,80.0,Rural,Crops
1973,2024_JERC_8__8_3.tif,neon_10m_linearized/2024_JERC_8__8_3.tif,neon_2.5m_linearized/2024_JERC_8__8_3.tif,EPSG:32616,738980.0,3449240.0,-84.49307017621551,31.152782468093847,42.0,40.0,Forest,Evergreen
1974,2024_JERC_8__8_4.tif,neon_10m_linearized/2024_JERC_8__8_4.tif,neon_2.5m_linearized/2024_JERC_8__8_4.tif,EPSG:32616,741540.0,3449240.0,-84.4662375955897,31.152256997883413,42.0,40.0,Forest,Evergreen
1975,2024_JERC_8__8_5.tif,neon_10m_linearized/2024_JERC_8__8_5.tif,neon_2.5m_linearized/2024_JERC_8__8_5.tif,EPSG:32616,744100.0,3449240.0,-84.4394057218413,31.15172594507012,82.0,80.0,Rural,Crops
1976,2024_KONZ_10__0_2.tif,neon_10m_linearized/2024_KONZ_10__0_2.tif,neon_2.5m_linearized/2024_KONZ_10__0_2.tif,EPSG:32614,708400.0,4346740.0,-96.58509913976032,39.244960268264,11.0,10.0,Water,Open Water
1977,2024_KONZ_10__4_3.tif,neon_10m_linearized/2024_KONZ_10__4_3.tif,neon_2.5m_linearized/2024_KONZ_10__4_3.tif,EPSG:32614,710960.0,4336500.0,-96.55865405629956,39.15215249853469,41.0,40.0,Forest,Deciduous
1978,2024_KONZ_10__4_5.tif,neon_10m_linearized/2024_KONZ_10__4_5.tif,neon_2.5m_linearized/2024_KONZ_10__4_5.tif,EPSG:32614,716080.0,4336500.0,-96.49945466228638,39.150896635994165,71.0,70.0,Rural,Grassland
1979,2024_KONZ_10__5_0.tif,neon_10m_linearized/2024_KONZ_10__5_0.tif,neon_2.5m_linearized/2024_KONZ_10__5_0.tif,EPSG:32614,703280.0,4333940.0,-96.64822744002868,39.13093094202674,82.0,80.0,Rural,Crops
1980,2024_KONZ_10__5_5.tif,neon_10m_linearized/2024_KONZ_10__5_5.tif,neon_2.5m_linearized/2024_KONZ_10__5_5.tif,EPSG:32614,716080.0,4333940.0,-96.5002702960225,39.12785012644502,71.0,70.0,Rural,Grassland
1981,2024_KONZ_10__6_3.tif,neon_10m_linearized/2024_KONZ_10__6_3.tif,neon_2.5m_linearized/2024_KONZ_10__6_3.tif,EPSG:32614,710960.0,4331380.0,-96.56024588643912,39.10605732486137,71.0,70.0,Rural,Grassland
1982,2024_KONZ_10__6_5.tif,neon_10m_linearized/2024_KONZ_10__6_5.tif,neon_2.5m_linearized/2024_KONZ_10__6_5.tif,EPSG:32614,716080.0,4331380.0,-96.50108499537431,39.1048035112342,71.0,70.0,Rural,Grassland
1983,2024_KONZ_10__7_0.tif,neon_10m_linearized/2024_KONZ_10__7_0.tif,neon_2.5m_linearized/2024_KONZ_10__7_0.tif,EPSG:32614,703280.0,4328820.0,-96.64975974109544,39.08483257868912,71.0,70.0,Rural,Grassland
1984,2024_KONZ_10__7_5.tif,neon_10m_linearized/2024_KONZ_10__7_5.tif,neon_2.5m_linearized/2024_KONZ_10__7_5.tif,EPSG:32614,716080.0,4328820.0,-96.50189876151424,39.08175679039739,71.0,70.0,Rural,Grassland
1985,2024_KONZ_10__8_0.tif,neon_10m_linearized/2024_KONZ_10__8_0.tif,neon_2.5m_linearized/2024_KONZ_10__8_0.tif,EPSG:32614,703280.0,4326260.0,-96.65052457541115,39.06178324103513,71.0,70.0,Rural,Grassland
1986,2024_KONZ_9__1_1.tif,neon_10m_linearized/2024_KONZ_9__1_1.tif,neon_2.5m_linearized/2024_KONZ_9__1_1.tif,EPSG:32614,705840.0,4345140.0,-96.61522778975343,39.23116635564907,71.0,70.0,Rural,Grassland
1987,2024_KONZ_9__1_2.tif,neon_10m_linearized/2024_KONZ_9__1_2.tif,neon_2.5m_linearized/2024_KONZ_9__1_2.tif,EPSG:32614,708400.0,4345140.0,-96.58559321787848,39.23055551899539,82.0,80.0,Rural,Crops
1988,2024_KONZ_9__2_1.tif,neon_10m_linearized/2024_KONZ_9__2_1.tif,neon_2.5m_linearized/2024_KONZ_9__2_1.tif,EPSG:32614,705840.0,4342580.0,-96.61600790708732,39.20811817347301,22.0,20.0,Developed,LowIntensity
1989,2024_KONZ_9__2_2.tif,neon_10m_linearized/2024_KONZ_9__2_2.tif,neon_2.5m_linearized/2024_KONZ_9__2_2.tif,EPSG:32614,708400.0,4342580.0,-96.58638300659548,39.20750783499477,22.0,20.0,Developed,LowIntensity
1990,2024_KONZ_9__2_4.tif,neon_10m_linearized/2024_KONZ_9__2_4.tif,neon_2.5m_linearized/2024_KONZ_9__2_4.tif,EPSG:32614,713520.0,4342580.0,-96.52713593222072,39.20626458380861,82.0,80.0,Rural,Crops
1991,2024_KONZ_9__3_1.tif,neon_10m_linearized/2024_KONZ_9__3_1.tif,neon_2.5m_linearized/2024_KONZ_9__3_1.tif,EPSG:32614,705840.0,4340020.0,-96.61678713030034,39.1850698868221,22.0,20.0,Developed,LowIntensity
1992,2024_KONZ_9__3_2.tif,neon_10m_linearized/2024_KONZ_9__3_2.tif,neon_2.5m_linearized/2024_KONZ_9__3_2.tif,EPSG:32614,708400.0,4340020.0,-96.5871718901292,39.1844600461984,22.0,20.0,Developed,LowIntensity
1993,2024_KONZ_9__3_4.tif,neon_10m_linearized/2024_KONZ_9__3_4.tif,neon_2.5m_linearized/2024_KONZ_9__3_4.tif,EPSG:32614,713520.0,4340020.0,-96.5279441329671,39.18321780910874,82.0,80.0,Rural,Crops
1994,2024_KONZ_9__4_1.tif,neon_10m_linearized/2024_KONZ_9__4_1.tif,neon_2.5m_linearized/2024_KONZ_9__4_1.tif,EPSG:32614,705840.0,4337460.0,-96.61756546051694,39.16202149573,41.0,40.0,Forest,Deciduous
1995,2024_KONZ_9__4_2.tif,neon_10m_linearized/2024_KONZ_9__4_2.tif,neon_2.5m_linearized/2024_KONZ_9__4_2.tif,EPSG:32614,708400.0,4337460.0,-96.587959869618,39.161412152640416,82.0,80.0,Rural,Crops
1996,2024_KONZ_9__4_3.tif,neon_10m_linearized/2024_KONZ_9__4_3.tif,neon_2.5m_linearized/2024_KONZ_9__4_3.tif,EPSG:32614,710960.0,4337460.0,-96.55835518162748,39.16079529683196,82.0,80.0,Rural,Crops
1997,2024_KONZ_9__4_4.tif,neon_10m_linearized/2024_KONZ_9__4_4.tif,neon_2.5m_linearized/2024_KONZ_9__4_4.tif,EPSG:32614,713520.0,4337460.0,-96.5287514075779,39.160170928994646,41.0,40.0,Forest,Deciduous
1998,2024_KONZ_9__5_0.tif,neon_10m_linearized/2024_KONZ_9__5_0.tif,neon_2.5m_linearized/2024_KONZ_9__5_0.tif,EPSG:32614,703280.0,4334900.0,-96.64793974227436,39.13957433882775,82.0,80.0,Rural,Crops
1999,2024_KONZ_9__5_1.tif,neon_10m_linearized/2024_KONZ_9__5_1.tif,neon_2.5m_linearized/2024_KONZ_9__5_1.tif,EPSG:32614,705840.0,4334900.0,-96.6183428988595,39.13897300023044,82.0,80.0,Rural,Crops
2000,2024_KONZ_9__5_2.tif,neon_10m_linearized/2024_KONZ_9__5_2.tif,neon_2.5m_linearized/2024_KONZ_9__5_2.tif,EPSG:32614,708400.0,4334900.0,-96.58874694619809,39.138364154355045,82.0,80.0,Rural,Crops
2001,2024_KONZ_9__5_3.tif,neon_10m_linearized/2024_KONZ_9__5_3.tif,neon_2.5m_linearized/2024_KONZ_9__5_3.tif,EPSG:32614,710960.0,4334900.0,-96.55915189531096,39.13774780188234,41.0,40.0,Forest,Deciduous
2002,2024_KONZ_9__5_4.tif,neon_10m_linearized/2024_KONZ_9__5_4.tif,neon_2.5m_linearized/2024_KONZ_9__5_4.tif,EPSG:32614,713520.0,4334900.0,-96.52955775721696,39.13712394350152,71.0,70.0,Rural,Grassland
2003,2024_KONZ_9__5_5.tif,neon_10m_linearized/2024_KONZ_9__5_5.tif,neon_2.5m_linearized/2024_KONZ_9__5_5.tif,EPSG:32614,716080.0,4334900.0,-96.49996454293267,39.1364925799101,71.0,70.0,Rural,Grassland
2004,2024_KONZ_9__6_0.tif,neon_10m_linearized/2024_KONZ_9__6_0.tif,neon_2.5m_linearized/2024_KONZ_9__6_0.tif,EPSG:32614,703280.0,4332340.0,-96.64870666152834,39.11652524817833,71.0,70.0,Rural,Grassland
2005,2024_KONZ_9__6_1.tif,neon_10m_linearized/2024_KONZ_9__6_1.tif,neon_2.5m_linearized/2024_KONZ_9__6_1.tif,EPSG:32614,705840.0,4332340.0,-96.61911944644828,39.11592440035718,82.0,80.0,Rural,Crops
2006,2024_KONZ_9__6_2.tif,neon_10m_linearized/2024_KONZ_9__6_2.tif,neon_2.5m_linearized/2024_KONZ_9__6_2.tif,EPSG:32614,708400.0,4332340.0,-96.58953312100344,39.11531605137648,71.0,70.0,Rural,Grassland
2007,2024_KONZ_9__6_3.tif,neon_10m_linearized/2024_KONZ_9__6_3.tif,neon_2.5m_linearized/2024_KONZ_9__6_3.tif,EPSG:32614,710960.0,4332340.0,-96.559947696201,39.11470020191617,71.0,70.0,Rural,Grassland
2008,2024_KONZ_9__6_4.tif,neon_10m_linearized/2024_KONZ_9__6_4.tif,neon_2.5m_linearized/2024_KONZ_9__6_4.tif,EPSG:32614,713520.0,4332340.0,-96.53036318304594,39.11407685266454,71.0,70.0,Rural,Grassland
2009,2024_KONZ_9__6_5.tif,neon_10m_linearized/2024_KONZ_9__6_5.tif,neon_2.5m_linearized/2024_KONZ_9__6_5.tif,EPSG:32614,716080.0,4332340.0,-96.50077959254108,39.11344600431821,71.0,70.0,Rural,Grassland
2010,2024_KONZ_9__7_0.tif,neon_10m_linearized/2024_KONZ_9__7_0.tif,neon_2.5m_linearized/2024_KONZ_9__7_0.tif,EPSG:32614,703280.0,4329780.0,-96.6494727021559,39.09347605350408,71.0,70.0,Rural,Grassland
2011,2024_KONZ_9__7_1.tif,neon_10m_linearized/2024_KONZ_9__7_1.tif,neon_2.5m_linearized/2024_KONZ_9__7_1.tif,EPSG:32614,705840.0,4329780.0,-96.61989510440142,39.092875696143984,71.0,70.0,Rural,Grassland
2012,2024_KONZ_9__7_2.tif,neon_10m_linearized/2024_KONZ_9__7_2.tif,neon_2.5m_linearized/2024_KONZ_9__7_2.tif,EPSG:32614,708400.0,4329780.0,-96.59031839516612,39.09226784373898,71.0,70.0,Rural,Grassland
2013,2024_KONZ_9__7_3.tif,neon_10m_linearized/2024_KONZ_9__7_3.tif,neon_2.5m_linearized/2024_KONZ_9__7_3.tif,EPSG:32614,710960.0,4329780.0,-96.56074258544332,39.09165249696816,71.0,70.0,Rural,Grassland
2014,2024_KONZ_9__7_4.tif,neon_10m_linearized/2024_KONZ_9__7_4.tif,neon_2.5m_linearized/2024_KONZ_9__7_4.tif,EPSG:32614,713520.0,4329780.0,-96.53116768622432,39.09102965651891,71.0,70.0,Rural,Grassland
2015,2024_KONZ_9__7_5.tif,neon_10m_linearized/2024_KONZ_9__7_5.tif,neon_2.5m_linearized/2024_KONZ_9__7_5.tif,EPSG:32614,716080.0,4329780.0,-96.50159370849822,39.09039932308697,71.0,70.0,Rural,Grassland
2016,2024_KONZ_9__8_0.tif,neon_10m_linearized/2024_KONZ_9__8_0.tif,neon_2.5m_linearized/2024_KONZ_9__8_0.tif,EPSG:32614,703280.0,4327220.0,-96.6502378652594,39.0704267548383,71.0,70.0,Rural,Grassland
2017,2024_KONZ_9__8_1.tif,neon_10m_linearized/2024_KONZ_9__8_1.tif,neon_2.5m_linearized/2024_KONZ_9__8_1.tif,EPSG:32614,705840.0,4327220.0,-96.62066987383508,39.06982688762464,71.0,70.0,Rural,Grassland
2018,2024_KONZ_9__8_2.tif,neon_10m_linearized/2024_KONZ_9__8_2.tif,neon_2.5m_linearized/2024_KONZ_9__8_2.tif,EPSG:32614,708400.0,4327220.0,-96.59110276981588,39.069219531476826,71.0,70.0,Rural,Grassland
2019,2024_KONZ_9__8_3.tif,neon_10m_linearized/2024_KONZ_9__8_3.tif,neon_2.5m_linearized/2024_KONZ_9__8_3.tif,EPSG:32614,710960.0,4327220.0,-96.5615365641815,39.06860468707305,71.0,70.0,Rural,Grassland
2020,2024_KONZ_9__8_4.tif,neon_10m_linearized/2024_KONZ_9__8_4.tif,neon_2.5m_linearized/2024_KONZ_9__8_4.tif,EPSG:32614,713520.0,4327220.0,-96.53197126790946,39.06798235509985,71.0,70.0,Rural,Grassland
2021,2024_KONZ_9__8_5.tif,neon_10m_linearized/2024_KONZ_9__8_5.tif,neon_2.5m_linearized/2024_KONZ_9__8_5.tif,EPSG:32614,716080.0,4327220.0,-96.50240689197514,39.06735253625209,71.0,70.0,Rural,Grassland
2022,2024_KONZ_9__9_2.tif,neon_10m_linearized/2024_KONZ_9__9_2.tif,neon_2.5m_linearized/2024_KONZ_9__9_2.tif,EPSG:32614,708400.0,4324660.0,-96.59188624608048,39.0461711146243,71.0,70.0,Rural,Grassland
2023,2024_KONZ_9__9_3.tif,neon_10m_linearized/2024_KONZ_9__9_3.tif,neon_2.5m_linearized/2024_KONZ_9__9_3.tif,EPSG:32614,710960.0,4324660.0,-96.562329633557,39.04555677226564,71.0,70.0,Rural,Grassland
2024,2024_KONZ_9__9_4.tif,neon_10m_linearized/2024_KONZ_9__9_4.tif,neon_2.5m_linearized/2024_KONZ_9__9_4.tif,EPSG:32614,713520.0,4324660.0,-96.53277392925652,39.044934948442645,71.0,70.0,Rural,Grassland
2025,2024_KONZ_9__9_5.tif,neon_10m_linearized/2024_KONZ_9__9_5.tif,neon_2.5m_linearized/2024_KONZ_9__9_5.tif,EPSG:32614,716080.0,4324660.0,-96.50321914414072,39.04430564384931,71.0,70.0,Rural,Grassland
2026,2024_LENO_8__1_0.tif,neon_10m_linearized/2024_LENO_8__1_0.tif,neon_2.5m_linearized/2024_LENO_8__1_0.tif,EPSG:32616,382280.0,3527160.0,-88.24456239948852,31.874136342893586,42.0,40.0,Forest,Evergreen
2027,2024_LENO_8__1_1.tif,neon_10m_linearized/2024_LENO_8__1_1.tif,neon_2.5m_linearized/2024_LENO_8__1_1.tif,EPSG:32616,384840.0,3527160.0,-88.21750278377719,31.874398364497186,42.0,40.0,Forest,Evergreen
2028,2024_LENO_8__1_2.tif,neon_10m_linearized/2024_LENO_8__1_2.tif,neon_2.5m_linearized/2024_LENO_8__1_2.tif,EPSG:32616,387400.0,3527160.0,-88.19044281977142,31.8746546292072,52.0,50.0,Rural,ShrubScrub
2029,2024_LENO_8__1_3.tif,neon_10m_linearized/2024_LENO_8__1_3.tif,neon_2.5m_linearized/2024_LENO_8__1_3.tif,EPSG:32616,389960.0,3527160.0,-88.16338251520486,31.874905136770195,90.0,90.0,Water,WoodyWetlands
2030,2024_LENO_8__2_0.tif,neon_10m_linearized/2024_LENO_8__2_0.tif,neon_2.5m_linearized/2024_LENO_8__2_0.tif,EPSG:32616,382280.0,3524600.0,-88.24425214931391,31.85104546534837,90.0,90.0,Water,WoodyWetlands
2031,2024_LENO_8__2_1.tif,neon_10m_linearized/2024_LENO_8__2_1.tif,neon_2.5m_linearized/2024_LENO_8__2_1.tif,EPSG:32616,384840.0,3524600.0,-88.21719927504142,31.85130725279576,90.0,90.0,Water,WoodyWetlands
2032,2024_LENO_8__2_2.tif,neon_10m_linearized/2024_LENO_8__2_2.tif,neon_2.5m_linearized/2024_LENO_8__2_2.tif,EPSG:32616,387400.0,3524600.0,-88.19014605283193,31.851563288492944,42.0,40.0,Forest,Evergreen
2033,2024_LENO_8__2_3.tif,neon_10m_linearized/2024_LENO_8__2_3.tif,neon_2.5m_linearized/2024_LENO_8__2_3.tif,EPSG:32616,389960.0,3524600.0,-88.16309249041122,31.851813572186835,90.0,90.0,Water,WoodyWetlands
2034,2024_LENO_8__3_0.tif,neon_10m_linearized/2024_LENO_8__3_0.tif,neon_2.5m_linearized/2024_LENO_8__3_0.tif,EPSG:32616,382280.0,3522040.0,-88.24394225480154,31.827954501167405,90.0,90.0,Water,WoodyWetlands
2035,2024_LENO_8__3_1.tif,neon_10m_linearized/2024_LENO_8__3_1.tif,neon_2.5m_linearized/2024_LENO_8__3_1.tif,EPSG:32616,384840.0,3522040.0,-88.21689611424274,31.828216054572785,90.0,90.0,Water,WoodyWetlands
2036,2024_LENO_8__3_2.tif,neon_10m_linearized/2024_LENO_8__3_2.tif,neon_2.5m_linearized/2024_LENO_8__3_2.tif,EPSG:32616,387400.0,3522040.0,-88.18984962610382,31.82847186136885,90.0,90.0,Water,WoodyWetlands
2037,2024_LENO_8__3_3.tif,neon_10m_linearized/2024_LENO_8__3_3.tif,neon_2.5m_linearized/2024_LENO_8__3_3.tif,EPSG:32616,389960.0,3522040.0,-88.16280279810258,31.828721921302822,90.0,90.0,Water,WoodyWetlands
2038,2024_LENO_8__4_0.tif,neon_10m_linearized/2024_LENO_8__4_0.tif,neon_2.5m_linearized/2024_LENO_8__4_0.tif,EPSG:32616,382280.0,3519480.0,-88.24363271558663,31.804863450387515,42.0,40.0,Forest,Evergreen
2039,2024_LENO_8__4_1.tif,neon_10m_linearized/2024_LENO_8__4_1.tif,neon_2.5m_linearized/2024_LENO_8__4_1.tif,EPSG:32616,384840.0,3519480.0,-88.21659330102432,31.80512476986492,42.0,40.0,Forest,Evergreen
2040,2024_LENO_8__4_2.tif,neon_10m_linearized/2024_LENO_8__4_2.tif,neon_2.5m_linearized/2024_LENO_8__4_2.tif,EPSG:32616,387400.0,3519480.0,-88.18955353923812,31.8053803478714,90.0,90.0,Water,WoodyWetlands
2041,2024_LENO_8__4_3.tif,neon_10m_linearized/2024_LENO_8__4_3.tif,neon_2.5m_linearized/2024_LENO_8__4_3.tif,EPSG:32616,389960.0,3519480.0,-88.16251343793793,31.80563018415449,90.0,90.0,Water,WoodyWetlands
2042,2024_LENO_8__5_3.tif,neon_10m_linearized/2024_LENO_8__5_3.tif,neon_2.5m_linearized/2024_LENO_8__5_3.tif,EPSG:32616,389960.0,3516920.0,-88.16222440957684,31.78253836077823,90.0,90.0,Water,WoodyWetlands
2043,2024_MCDI_4__1_0.tif,neon_10m_linearized/2024_MCDI_4__1_0.tif,neon_2.5m_linearized/2024_MCDI_4__1_0.tif,EPSG:32614,715280.0,4317180.0,-96.5148141520146,38.97716189094163,71.0,70.0,Rural,Grassland
2044,2024_MCDI_4__1_1.tif,neon_10m_linearized/2024_MCDI_4__1_1.tif,neon_2.5m_linearized/2024_MCDI_4__1_1.tif,EPSG:32614,717840.0,4317180.0,-96.485287963294,38.97652895667336,71.0,70.0,Rural,Grassland
2045,2024_MCDI_4__2_0.tif,neon_10m_linearized/2024_MCDI_4__2_0.tif,neon_2.5m_linearized/2024_MCDI_4__2_0.tif,EPSG:32614,715280.0,4314620.0,-96.51561977933405,38.95411442390434,71.0,70.0,Rural,Grassland
2046,2024_MCDI_4__2_1.tif,neon_10m_linearized/2024_MCDI_4__2_1.tif,neon_2.5m_linearized/2024_MCDI_4__2_1.tif,EPSG:32614,717840.0,4314620.0,-96.48610313773338,38.95348200678772,71.0,70.0,Rural,Grassland
2047,2024_MCDI_4__3_1.tif,neon_10m_linearized/2024_MCDI_4__3_1.tif,neon_2.5m_linearized/2024_MCDI_4__3_1.tif,EPSG:32614,717840.0,4312060.0,-96.48691737908612,38.9304349512832,71.0,70.0,Rural,Grassland
2048,2024_MCDI_4__3_2.tif,neon_10m_linearized/2024_MCDI_4__3_2.tif,neon_2.5m_linearized/2024_MCDI_4__3_2.tif,EPSG:32614,720400.0,4312060.0,-96.4574112056216,38.929795601388015,71.0,70.0,Rural,Grassland
2049,2024_NIWO_6__0_0.tif,neon_10m_linearized/2024_NIWO_6__0_0.tif,neon_2.5m_linearized/2024_NIWO_6__0_0.tif,EPSG:32613,445280.0,4437700.0,-105.64187249071814,40.08780344321309,52.0,50.0,Rural,ShrubScrub
2050,2024_NIWO_6__0_1.tif,neon_10m_linearized/2024_NIWO_6__0_1.tif,neon_2.5m_linearized/2024_NIWO_6__0_1.tif,EPSG:32613,447840.0,4437700.0,-105.61184502546976,40.08796594093423,31.0,30.0,Rural,Barren
2051,2024_NIWO_6__0_2.tif,neon_10m_linearized/2024_NIWO_6__0_2.tif,neon_2.5m_linearized/2024_NIWO_6__0_2.tif,EPSG:32613,450400.0,4437700.0,-105.58181732208674,40.08812065553357,42.0,40.0,Forest,Evergreen
2052,2024_NIWO_6__1_0.tif,neon_10m_linearized/2024_NIWO_6__1_0.tif,neon_2.5m_linearized/2024_NIWO_6__1_0.tif,EPSG:32613,445280.0,4435140.0,-105.64165598450464,40.06474010239299,31.0,30.0,Rural,Barren
2053,2024_NIWO_6__1_1.tif,neon_10m_linearized/2024_NIWO_6__1_1.tif,neon_2.5m_linearized/2024_NIWO_6__1_1.tif,EPSG:32613,447840.0,4435140.0,-105.61163864606596,40.064902468255525,52.0,50.0,Rural,ShrubScrub
2054,2024_NIWO_6__1_2.tif,neon_10m_linearized/2024_NIWO_6__1_2.tif,neon_2.5m_linearized/2024_NIWO_6__1_2.tif,EPSG:32613,450400.0,4435140.0,-105.58162106979955,40.0650570573113,42.0,40.0,Forest,Evergreen
2055,2024_NIWO_6__1_3.tif,neon_10m_linearized/2024_NIWO_6__1_3.tif,neon_2.5m_linearized/2024_NIWO_6__1_3.tif,EPSG:32613,452960.0,4435140.0,-105.55160326737432,40.06520386938383,42.0,40.0,Forest,Evergreen
2056,2024_NIWO_6__1_4.tif,neon_10m_linearized/2024_NIWO_6__1_4.tif,neon_2.5m_linearized/2024_NIWO_6__1_4.tif,EPSG:32613,455520.0,4435140.0,-105.52158525045968,40.06534290430552,42.0,40.0,Forest,Evergreen
2057,2024_NIWO_6__2_0.tif,neon_10m_linearized/2024_NIWO_6__2_0.tif,neon_2.5m_linearized/2024_NIWO_6__2_0.tif,EPSG:32613,445280.0,4432580.0,-105.64143972778724,40.04167666850074,31.0,30.0,Rural,Barren
2058,2024_NIWO_6__2_1.tif,neon_10m_linearized/2024_NIWO_6__2_1.tif,neon_2.5m_linearized/2024_NIWO_6__2_1.tif,EPSG:32613,447840.0,4432580.0,-105.61143250448994,40.041838902592445,52.0,50.0,Rural,ShrubScrub
2059,2024_NIWO_6__2_2.tif,neon_10m_linearized/2024_NIWO_6__2_2.tif,neon_2.5m_linearized/2024_NIWO_6__2_2.tif,EPSG:32613,450400.0,4432580.0,-105.58142504367132,40.0419933661882,42.0,40.0,Forest,Evergreen
2060,2024_NIWO_6__2_3.tif,neon_10m_linearized/2024_NIWO_6__2_3.tif,neon_2.5m_linearized/2024_NIWO_6__2_3.tif,EPSG:32613,452960.0,4432580.0,-105.55141735698516,40.04214005911178,42.0,40.0,Forest,Evergreen
2061,2024_NIWO_6__2_4.tif,neon_10m_linearized/2024_NIWO_6__2_4.tif,neon_2.5m_linearized/2024_NIWO_6__2_4.tif,EPSG:32613,455520.0,4432580.0,-105.52140945608588,40.04227898119579,42.0,40.0,Forest,Evergreen
2062,2024_NIWO_6__3_0.tif,neon_10m_linearized/2024_NIWO_6__3_0.tif,neon_2.5m_linearized/2024_NIWO_6__3_0.tif,EPSG:32613,445280.0,4430020.0,-105.6412237202445,40.01861314155021,71.0,70.0,Rural,Grassland
2063,2024_NIWO_6__3_1.tif,neon_10m_linearized/2024_NIWO_6__3_1.tif,neon_2.5m_linearized/2024_NIWO_6__3_1.tif,EPSG:32613,447840.0,4430020.0,-105.61122660043536,40.018775243958736,52.0,50.0,Rural,ShrubScrub
2064,2024_NIWO_6__3_2.tif,neon_10m_linearized/2024_NIWO_6__3_2.tif,neon_2.5m_linearized/2024_NIWO_6__3_2.tif,EPSG:32613,450400.0,4430020.0,-105.58122924341066,40.01892958217793,42.0,40.0,Forest,Evergreen
2065,2024_NIWO_6__3_3.tif,neon_10m_linearized/2024_NIWO_6__3_3.tif,neon_2.5m_linearized/2024_NIWO_6__3_3.tif,EPSG:32613,452960.0,4430020.0,-105.55123166080922,40.019076156031815,42.0,40.0,Forest,Evergreen
2066,2024_NIWO_6__3_4.tif,neon_10m_linearized/2024_NIWO_6__3_4.tif,neon_2.5m_linearized/2024_NIWO_6__3_4.tif,EPSG:32613,455520.0,4430020.0,-105.52123386427044,40.01921496535319,42.0,40.0,Forest,Evergreen
2067,2024_NIWO_6__4_1.tif,neon_10m_linearized/2024_NIWO_6__4_1.tif,neon_2.5m_linearized/2024_NIWO_6__4_1.tif,EPSG:32613,447840.0,4427460.0,-105.61102093359644,39.99571149236819,52.0,50.0,Rural,ShrubScrub
2068,2024_NIWO_6__4_2.tif,neon_10m_linearized/2024_NIWO_6__4_2.tif,neon_2.5m_linearized/2024_NIWO_6__4_2.tif,EPSG:32613,450400.0,4427460.0,-105.58103366872685,39.99586570529416,42.0,40.0,Forest,Evergreen
2069,2024_NIWO_6__4_3.tif,neon_10m_linearized/2024_NIWO_6__4_3.tif,neon_2.5m_linearized/2024_NIWO_6__4_3.tif,EPSG:32613,452960.0,4427460.0,-105.55104617857072,39.99601216015745,42.0,40.0,Forest,Evergreen
2070,2024_NIWO_6__4_4.tif,neon_10m_linearized/2024_NIWO_6__4_4.tif,neon_2.5m_linearized/2024_NIWO_6__4_4.tif,EPSG:32613,455520.0,4427460.0,-105.52105847475248,39.99615085679114,42.0,40.0,Forest,Evergreen
2071,2024_NIWO_6__5_2.tif,neon_10m_linearized/2024_NIWO_6__5_2.tif,neon_2.5m_linearized/2024_NIWO_6__5_2.tif,EPSG:32613,450400.0,4424900.0,-105.58083831932964,39.97280173555059,42.0,40.0,Forest,Evergreen
2072,2024_NIWO_6__5_3.tif,neon_10m_linearized/2024_NIWO_6__5_3.tif,neon_2.5m_linearized/2024_NIWO_6__5_3.tif,EPSG:32613,452960.0,4424900.0,-105.5508609099944,39.97294807150232,42.0,40.0,Forest,Evergreen
2073,2024_NIWO_6__5_4.tif,neon_10m_linearized/2024_NIWO_6__5_4.tif,neon_2.5m_linearized/2024_NIWO_6__5_4.tif,EPSG:32613,455520.0,4424900.0,-105.5208832872718,39.97308665552315,42.0,40.0,Forest,Evergreen
2074,2024_OAES_8__0_1.tif,neon_10m_linearized/2024_OAES_8__0_1.tif,neon_2.5m_linearized/2024_OAES_8__0_1.tif,EPSG:32614,486840.0,3921700.0,-99.14499455226644,35.43865810372732,71.0,70.0,Rural,Grassland
2075,2024_OAES_8__1_0.tif,neon_10m_linearized/2024_OAES_8__1_0.tif,neon_2.5m_linearized/2024_OAES_8__1_0.tif,EPSG:32614,484280.0,3919140.0,-99.1731506637888,35.415538025497455,71.0,70.0,Rural,Grassland
2076,2024_OAES_8__1_1.tif,neon_10m_linearized/2024_OAES_8__1_1.tif,neon_2.5m_linearized/2024_OAES_8__1_1.tif,EPSG:32614,486840.0,3919140.0,-99.14495318859449,35.41557515887792,82.0,80.0,Rural,Crops
2077,2024_OAES_8__1_2.tif,neon_10m_linearized/2024_OAES_8__1_2.tif,neon_2.5m_linearized/2024_OAES_8__1_2.tif,EPSG:32614,489400.0,3919140.0,-99.11675566639786,35.415605709109954,71.0,70.0,Rural,Grassland
2078,2024_OAES_8__1_3.tif,neon_10m_linearized/2024_OAES_8__1_3.tif,neon_2.5m_linearized/2024_OAES_8__1_3.tif,EPSG:32614,491960.0,3919140.0,-99.08855810634216,35.4156296761616,71.0,70.0,Rural,Grassland
2079,2024_OAES_8__1_4.tif,neon_10m_linearized/2024_OAES_8__1_4.tif,neon_2.5m_linearized/2024_OAES_8__1_4.tif,EPSG:32614,494520.0,3919140.0,-99.06036051757056,35.41564706000779,71.0,70.0,Rural,Grassland
2080,2024_OAES_8__1_5.tif,neon_10m_linearized/2024_OAES_8__1_5.tif,neon_2.5m_linearized/2024_OAES_8__1_5.tif,EPSG:32614,497080.0,3919140.0,-99.03216290922644,35.41565786063035,71.0,70.0,Rural,Grassland
2081,2024_OAES_8__2_0.tif,neon_10m_linearized/2024_OAES_8__2_0.tif,neon_2.5m_linearized/2024_OAES_8__2_0.tif,EPSG:32614,484280.0,3916580.0,-99.17310130995382,35.39245502368088,82.0,80.0,Rural,Crops
2082,2024_OAES_8__2_1.tif,neon_10m_linearized/2024_OAES_8__2_1.tif,neon_2.5m_linearized/2024_OAES_8__2_1.tif,EPSG:32614,486840.0,3916580.0,-99.14491187192483,35.39249212558335,82.0,80.0,Rural,Crops
2083,2024_OAES_8__2_2.tif,neon_10m_linearized/2024_OAES_8__2_2.tif,neon_2.5m_linearized/2024_OAES_8__2_2.tif,EPSG:32614,489400.0,3916580.0,-99.11672238694696,35.3925226499179,71.0,70.0,Rural,Grassland
2084,2024_OAES_8__2_3.tif,neon_10m_linearized/2024_OAES_8__2_3.tif,neon_2.5m_linearized/2024_OAES_8__2_3.tif,EPSG:32614,491960.0,3916580.0,-99.08853286415298,35.39254659665262,71.0,70.0,Rural,Grassland
2085,2024_OAES_8__2_4.tif,neon_10m_linearized/2024_OAES_8__2_4.tif,neon_2.5m_linearized/2024_OAES_8__2_4.tif,EPSG:32614,494520.0,3916580.0,-99.0603433126758,35.39256396576248,82.0,80.0,Rural,Crops
2086,2024_OAES_8__2_5.tif,neon_10m_linearized/2024_OAES_8__2_5.tif,neon_2.5m_linearized/2024_OAES_8__2_5.tif,EPSG:32614,497080.0,3916580.0,-99.0321537416483,35.39257475722931,82.0,80.0,Rural,Crops
2087,2024_OAES_8__3_0.tif,neon_10m_linearized/2024_OAES_8__3_0.tif,neon_2.5m_linearized/2024_OAES_8__3_0.tif,EPSG:32614,484280.0,3914020.0,-99.17305201220046,35.36937193342592,82.0,80.0,Rural,Crops
2088,2024_OAES_8__3_1.tif,neon_10m_linearized/2024_OAES_8__3_1.tif,neon_2.5m_linearized/2024_OAES_8__3_1.tif,EPSG:32614,486840.0,3914020.0,-99.1448706022041,35.369409003868014,82.0,80.0,Rural,Crops
2089,2024_OAES_8__3_2.tif,neon_10m_linearized/2024_OAES_8__3_2.tif,neon_2.5m_linearized/2024_OAES_8__3_2.tif,EPSG:32614,489400.0,3914020.0,-99.11668914531217,35.36943950231958,71.0,70.0,Rural,Grassland
2090,2024_OAES_8__3_3.tif,neon_10m_linearized/2024_OAES_8__3_3.tif,neon_2.5m_linearized/2024_OAES_8__3_3.tif,EPSG:32614,491960.0,3914020.0,-99.08850765064706,35.36946342874875,71.0,70.0,Rural,Grassland
2091,2024_OAES_8__3_4.tif,neon_10m_linearized/2024_OAES_8__3_4.tif,neon_2.5m_linearized/2024_OAES_8__3_4.tif,EPSG:32614,494520.0,3914020.0,-99.06032612733132,35.36948078313053,82.0,80.0,Rural,Crops
2092,2024_OAES_8__3_5.tif,neon_10m_linearized/2024_OAES_8__3_5.tif,neon_2.5m_linearized/2024_OAES_8__3_5.tif,EPSG:32614,497080.0,3914020.0,-99.03214458448748,35.369491565446765,82.0,80.0,Rural,Crops
2093,2024_OAES_8__4_0.tif,neon_10m_linearized/2024_OAES_8__4_0.tif,neon_2.5m_linearized/2024_OAES_8__4_0.tif,EPSG:32614,484280.0,3911460.0,-99.173002770465,35.346288754757055,82.0,80.0,Rural,Crops
2094,2024_OAES_8__4_1.tif,neon_10m_linearized/2024_OAES_8__4_1.tif,neon_2.5m_linearized/2024_OAES_8__4_1.tif,EPSG:32614,486840.0,3911460.0,-99.14482937937896,35.346325793756364,82.0,80.0,Rural,Crops
2095,2024_OAES_8__4_2.tif,neon_10m_linearized/2024_OAES_8__4_2.tif,neon_2.5m_linearized/2024_OAES_8__4_2.tif,EPSG:32614,489400.0,3911460.0,-99.11665594145052,35.34635626633943,71.0,70.0,Rural,Grassland
2096,2024_OAES_8__4_3.tif,neon_10m_linearized/2024_OAES_8__4_3.tif,neon_2.5m_linearized/2024_OAES_8__4_3.tif,EPSG:32614,491960.0,3911460.0,-99.0884824657918,35.346380172474404,71.0,70.0,Rural,Grassland
2097,2024_OAES_8__4_4.tif,neon_10m_linearized/2024_OAES_8__4_4.tif,neon_2.5m_linearized/2024_OAES_8__4_4.tif,EPSG:32614,494520.0,3911460.0,-99.06030896151492,35.34639751213634,71.0,70.0,Rural,Grassland
2098,2024_OAES_8__4_5.tif,neon_10m_linearized/2024_OAES_8__4_5.tif,neon_2.5m_linearized/2024_OAES_8__4_5.tif,EPSG:32614,497080.0,3911460.0,-99.03213543773217,35.34640828530711,71.0,70.0,Rural,Grassland
2099,2024_OAES_8__5_0.tif,neon_10m_linearized/2024_OAES_8__5_0.tif,neon_2.5m_linearized/2024_OAES_8__5_0.tif,EPSG:32614,484280.0,3908900.0,-99.17295358468394,35.323205487698814,82.0,80.0,Rural,Crops
2100,2024_OAES_8__5_1.tif,neon_10m_linearized/2024_OAES_8__5_1.tif,neon_2.5m_linearized/2024_OAES_8__5_1.tif,EPSG:32614,486840.0,3908900.0,-99.1447882033962,35.323242495272936,82.0,80.0,Rural,Crops
2101,2024_OAES_8__5_2.tif,neon_10m_linearized/2024_OAES_8__5_2.tif,neon_2.5m_linearized/2024_OAES_8__5_2.tif,EPSG:32614,489400.0,3908900.0,-99.11662277531916,35.32327294200195,71.0,70.0,Rural,Grassland
2102,2024_OAES_8__5_3.tif,neon_10m_linearized/2024_OAES_8__5_3.tif,neon_2.5m_linearized/2024_OAES_8__5_3.tif,EPSG:32614,491960.0,3908900.0,-99.08845730955468,35.323296827854094,71.0,70.0,Rural,Grassland
2103,2024_OAES_8__5_4.tif,neon_10m_linearized/2024_OAES_8__5_4.tif,neon_2.5m_linearized/2024_OAES_8__5_4.tif,EPSG:32614,494520.0,3908900.0,-99.0602918152045,35.32331415280441,71.0,70.0,Rural,Grassland
2104,2024_OAES_8__5_5.tif,neon_10m_linearized/2024_OAES_8__5_5.tif,neon_2.5m_linearized/2024_OAES_8__5_5.tif,EPSG:32614,497080.0,3908900.0,-99.0321263013705,35.323324916834814,71.0,70.0,Rural,Grassland
2105,2024_OAES_8__6_0.tif,neon_10m_linearized/2024_OAES_8__6_0.tif,neon_2.5m_linearized/2024_OAES_8__6_0.tif,EPSG:32614,484280.0,3906340.0,-99.17290445479378,35.3001221322758,82.0,80.0,Rural,Crops
2106,2024_OAES_8__6_1.tif,neon_10m_linearized/2024_OAES_8__6_1.tif,neon_2.5m_linearized/2024_OAES_8__6_1.tif,EPSG:32614,486840.0,3906340.0,-99.14474707420268,35.30015910844226,82.0,80.0,Rural,Crops
2107,2024_OAES_8__6_2.tif,neon_10m_linearized/2024_OAES_8__6_2.tif,neon_2.5m_linearized/2024_OAES_8__6_2.tif,EPSG:32614,489400.0,3906340.0,-99.11658964687535,35.30018952933168,82.0,80.0,Rural,Crops
2108,2024_OAES_8__6_3.tif,neon_10m_linearized/2024_OAES_8__6_3.tif,neon_2.5m_linearized/2024_OAES_8__6_3.tif,EPSG:32614,491960.0,3906340.0,-99.08843218190329,35.3002133949123,82.0,80.0,Rural,Crops
2109,2024_OAES_8__6_4.tif,neon_10m_linearized/2024_OAES_8__6_4.tif,neon_2.5m_linearized/2024_OAES_8__6_4.tif,EPSG:32614,494520.0,3906340.0,-99.06027468837787,35.30023070515922,71.0,70.0,Rural,Grassland
2110,2024_RMNP_6__0_1.tif,neon_10m_linearized/2024_RMNP_6__0_1.tif,neon_2.5m_linearized/2024_RMNP_6__0_1.tif,EPSG:32613,453840.0,4461700.0,-105.54318981058498,40.30453450314971,42.0,40.0,Forest,Evergreen
2111,2024_RMNP_6__0_2.tif,neon_10m_linearized/2024_RMNP_6__0_2.tif,neon_2.5m_linearized/2024_RMNP_6__0_2.tif,EPSG:32613,456400.0,4461700.0,-105.51306607661024,40.30467201719113,42.0,40.0,Forest,Evergreen
2112,2024_RMNP_6__0_3.tif,neon_10m_linearized/2024_RMNP_6__0_3.tif,neon_2.5m_linearized/2024_RMNP_6__0_3.tif,EPSG:32613,458960.0,4461700.0,-105.48294214114172,40.30480168813902,42.0,40.0,Forest,Evergreen
2113,2024_RMNP_6__1_0.tif,neon_10m_linearized/2024_RMNP_6__1_0.tif,neon_2.5m_linearized/2024_RMNP_6__1_0.tif,EPSG:32613,451280.0,4459140.0,-105.57311846356409,40.28132637758798,42.0,40.0,Forest,Evergreen
2114,2024_RMNP_6__1_1.tif,neon_10m_linearized/2024_RMNP_6__1_1.tif,neon_2.5m_linearized/2024_RMNP_6__1_1.tif,EPSG:32613,453840.0,4459140.0,-105.5430051805549,40.28147161677149,42.0,40.0,Forest,Evergreen
2115,2024_RMNP_6__1_2.tif,neon_10m_linearized/2024_RMNP_6__1_2.tif,neon_2.5m_linearized/2024_RMNP_6__1_2.tif,EPSG:32613,456400.0,4459140.0,-105.51289168450072,40.281609019374514,42.0,40.0,Forest,Evergreen
2116,2024_RMNP_6__1_3.tif,neon_10m_linearized/2024_RMNP_6__1_3.tif,neon_2.5m_linearized/2024_RMNP_6__1_3.tif,EPSG:32613,458960.0,4459140.0,-105.48277798721394,40.281738585239474,42.0,40.0,Forest,Evergreen
2117,2024_RMNP_6__2_0.tif,neon_10m_linearized/2024_RMNP_6__2_0.tif,neon_2.5m_linearized/2024_RMNP_6__2_0.tif,EPSG:32613,451280.0,4456580.0,-105.57292382074698,40.25826351600585,42.0,40.0,Forest,Evergreen
2118,2024_RMNP_6__2_1.tif,neon_10m_linearized/2024_RMNP_6__2_1.tif,neon_2.5m_linearized/2024_RMNP_6__2_1.tif,EPSG:32613,453840.0,4456580.0,-105.5428207635699,40.25840863747474,42.0,40.0,Forest,Evergreen
2119,2024_RMNP_6__2_2.tif,neon_10m_linearized/2024_RMNP_6__2_2.tif,neon_2.5m_linearized/2024_RMNP_6__2_2.tif,EPSG:32613,456400.0,4456580.0,-105.51271749362384,40.25854592871414,42.0,40.0,Forest,Evergreen
2120,2024_RMNP_6__2_3.tif,neon_10m_linearized/2024_RMNP_6__2_3.tif,neon_2.5m_linearized/2024_RMNP_6__2_3.tif,EPSG:32613,458960.0,4456580.0,-105.48261402270592,40.25867538956668,42.0,40.0,Forest,Evergreen
2121,2024_RMNP_6__3_0.tif,neon_10m_linearized/2024_RMNP_6__3_0.tif,neon_2.5m_linearized/2024_RMNP_6__3_0.tif,EPSG:32613,451280.0,4454020.0,-105.57272940249554,40.23520056143919,42.0,40.0,Forest,Evergreen
2122,2024_RMNP_6__3_1.tif,neon_10m_linearized/2024_RMNP_6__3_1.tif,neon_2.5m_linearized/2024_RMNP_6__3_1.tif,EPSG:32613,453840.0,4454020.0,-105.542636559354,40.23534556527237,42.0,40.0,Forest,Evergreen
2123,2024_RMNP_6__3_2.tif,neon_10m_linearized/2024_RMNP_6__3_2.tif,neon_2.5m_linearized/2024_RMNP_6__3_2.tif,EPSG:32613,456400.0,4454020.0,-105.51254350371894,40.23548274522278,42.0,40.0,Forest,Evergreen
2124,2024_RMNP_6__3_3.tif,neon_10m_linearized/2024_RMNP_6__3_3.tif,neon_2.5m_linearized/2024_RMNP_6__3_3.tif,EPSG:32613,458960.0,4454020.0,-105.4824502473722,40.235612101133285,42.0,40.0,Forest,Evergreen
2125,2024_RMNP_6__4_0.tif,neon_10m_linearized/2024_RMNP_6__4_0.tif,neon_2.5m_linearized/2024_RMNP_6__4_0.tif,EPSG:32613,451280.0,4451460.0,-105.57253520851904,40.21213751390106,42.0,40.0,Forest,Evergreen
2126,2024_RMNP_6__4_1.tif,neon_10m_linearized/2024_RMNP_6__4_1.tif,neon_2.5m_linearized/2024_RMNP_6__4_1.tif,EPSG:32613,453840.0,4451460.0,-105.54245256763168,40.212282400177344,42.0,40.0,Forest,Evergreen
2127,2024_RMNP_6__4_2.tif,neon_10m_linearized/2024_RMNP_6__4_2.tif,neon_2.5m_linearized/2024_RMNP_6__4_2.tif,EPSG:32613,456400.0,4451460.0,-105.5123697145258,40.212419468913325,42.0,40.0,Forest,Evergreen
2128,2024_RMNP_6__4_3.tif,neon_10m_linearized/2024_RMNP_6__4_3.tif,neon_2.5m_linearized/2024_RMNP_6__4_3.tif,EPSG:32613,458960.0,4451460.0,-105.48228666096794,40.212548719952096,42.0,40.0,Forest,Evergreen
2129,2024_RMNP_6__5_0.tif,neon_10m_linearized/2024_RMNP_6__5_0.tif,neon_2.5m_linearized/2024_RMNP_6__5_0.tif,EPSG:32613,451280.0,4448900.0,-105.57234123852724,40.18907437340467,42.0,40.0,Forest,Evergreen
2130,2024_RMNP_6__5_1.tif,neon_10m_linearized/2024_RMNP_6__5_1.tif,neon_2.5m_linearized/2024_RMNP_6__5_1.tif,EPSG:32613,453840.0,4448900.0,-105.542268788128,40.189219142202695,42.0,40.0,Forest,Evergreen
2131,2024_RMNP_6__5_2.tif,neon_10m_linearized/2024_RMNP_6__5_2.tif,neon_2.5m_linearized/2024_RMNP_6__5_2.tif,EPSG:32613,456400.0,4448900.0,-105.51219612578468,40.18935609979869,42.0,40.0,Forest,Evergreen
2132,2024_RMNP_6__5_3.tif,neon_10m_linearized/2024_RMNP_6__5_3.tif,neon_2.5m_linearized/2024_RMNP_6__5_3.tif,EPSG:32613,458960.0,4448900.0,-105.4821232632486,40.18948524603591,42.0,40.0,Forest,Evergreen
2133,2024_RMNP_6__6_0.tif,neon_10m_linearized/2024_RMNP_6__6_0.tif,neon_2.5m_linearized/2024_RMNP_6__6_0.tif,EPSG:32613,451280.0,4446340.0,-105.57214749223051,40.16601113996321,42.0,40.0,Forest,Evergreen
2134,2024_RMNP_6__6_1.tif,neon_10m_linearized/2024_RMNP_6__6_1.tif,neon_2.5m_linearized/2024_RMNP_6__6_1.tif,EPSG:32613,453840.0,4446340.0,-105.54208522056857,40.16615579136155,42.0,40.0,Forest,Evergreen
2135,2024_RMNP_6__6_2.tif,neon_10m_linearized/2024_RMNP_6__6_2.tif,neon_2.5m_linearized/2024_RMNP_6__6_2.tif,EPSG:32613,456400.0,4446340.0,-105.5120227372364,40.16629263789186,42.0,40.0,Forest,Evergreen
2136,2024_RMNP_6__6_3.tif,neon_10m_linearized/2024_RMNP_6__6_3.tif,neon_2.5m_linearized/2024_RMNP_6__6_3.tif,EPSG:32613,458960.0,4446340.0,-105.4819600539702,40.16642167939761,42.0,40.0,Forest,Evergreen
2137,2024_RMNP_6__7_0.tif,neon_10m_linearized/2024_RMNP_6__7_0.tif,neon_2.5m_linearized/2024_RMNP_6__7_0.tif,EPSG:32613,451280.0,4443780.0,-105.57195396933976,40.14294781358995,42.0,40.0,Forest,Evergreen
2138,2024_RMNP_6__7_1.tif,neon_10m_linearized/2024_RMNP_6__7_1.tif,neon_2.5m_linearized/2024_RMNP_6__7_1.tif,EPSG:32613,453840.0,4443780.0,-105.54190186467936,40.14309234766704,42.0,40.0,Forest,Evergreen
2139,2024_RMNP_6__7_2.tif,neon_10m_linearized/2024_RMNP_6__7_2.tif,neon_2.5m_linearized/2024_RMNP_6__7_2.tif,EPSG:32613,456400.0,4443780.0,-105.51184954862217,40.143229083205874,42.0,40.0,Forest,Evergreen
2140,2024_RMNP_6__7_3.tif,neon_10m_linearized/2024_RMNP_6__7_3.tif,neon_2.5m_linearized/2024_RMNP_6__7_3.tif,EPSG:32613,458960.0,4443780.0,-105.4817970328892,40.14335802005013,42.0,40.0,Forest,Evergreen
2141,2024_SJER_7__2_1.tif,neon_10m_linearized/2024_SJER_7__2_1.tif,neon_2.5m_linearized/2024_SJER_7__2_1.tif,EPSG:32611,254820.0,4109600.0,-119.75892059224144,37.1006477033681,71.0,70.0,Rural,Grassland
2142,2024_SOAP_8__0_1.tif,neon_10m_linearized/2024_SOAP_8__0_1.tif,neon_2.5m_linearized/2024_SOAP_8__0_1.tif,EPSG:32611,295860.0,4108720.0,-119.29724525125818,37.10256646331866,42.0,40.0,Forest,Evergreen
2143,2024_SOAP_8__0_2.tif,neon_10m_linearized/2024_SOAP_8__0_2.tif,neon_2.5m_linearized/2024_SOAP_8__0_2.tif,EPSG:32611,298420.0,4108720.0,-119.26845754794309,37.10312097067497,42.0,40.0,Forest,Evergreen
2144,2024_SOAP_8__1_0.tif,neon_10m_linearized/2024_SOAP_8__1_0.tif,neon_2.5m_linearized/2024_SOAP_8__1_0.tif,EPSG:32611,293300.0,4106160.0,-119.32532720435326,37.07894744686163,71.0,70.0,Rural,Grassland
2145,2024_SOAP_8__1_1.tif,neon_10m_linearized/2024_SOAP_8__1_1.tif,neon_2.5m_linearized/2024_SOAP_8__1_1.tif,EPSG:32611,295860.0,4106160.0,-119.29654899970998,37.07950846917258,42.0,40.0,Forest,Evergreen
2146,2024_SOAP_8__1_2.tif,neon_10m_linearized/2024_SOAP_8__1_2.tif,neon_2.5m_linearized/2024_SOAP_8__1_2.tif,EPSG:32611,298420.0,4106160.0,-119.267770003052,37.08006251572353,42.0,40.0,Forest,Evergreen
2147,2024_SOAP_8__1_3.tif,neon_10m_linearized/2024_SOAP_8__1_3.tif,neon_2.5m_linearized/2024_SOAP_8__1_3.tif,EPSG:32611,300980.0,4106160.0,-119.23899022426684,37.08060958591884,42.0,40.0,Forest,Evergreen
2148,2024_SOAP_8__1_4.tif,neon_10m_linearized/2024_SOAP_8__1_4.tif,neon_2.5m_linearized/2024_SOAP_8__1_4.tif,EPSG:32611,303540.0,4106160.0,-119.21020967324368,37.0811496791703,42.0,40.0,Forest,Evergreen
2149,2024_SOAP_8__2_0.tif,neon_10m_linearized/2024_SOAP_8__2_0.tif,neon_2.5m_linearized/2024_SOAP_8__2_0.tif,EPSG:32611,293300.0,4103600.0,-119.3246230489913,37.055889817978056,71.0,70.0,Rural,Grassland
2150,2024_SOAP_8__2_1.tif,neon_10m_linearized/2024_SOAP_8__2_1.tif,neon_2.5m_linearized/2024_SOAP_8__2_1.tif,EPSG:32611,295860.0,4103600.0,-119.29585354017678,37.05645037396653,42.0,40.0,Forest,Evergreen
2151,2024_SOAP_8__2_2.tif,neon_10m_linearized/2024_SOAP_8__2_2.tif,neon_2.5m_linearized/2024_SOAP_8__2_2.tif,EPSG:32611,298420.0,4103600.0,-119.2670832402884,37.057003959986616,42.0,40.0,Forest,Evergreen
2152,2024_SOAP_8__2_4.tif,neon_10m_linearized/2024_SOAP_8__2_4.tif,neon_2.5m_linearized/2024_SOAP_8__2_4.tif,EPSG:32611,303540.0,4103600.0,-119.20954030679492,37.058090219749374,42.0,40.0,Forest,Evergreen
2153,2024_SOAP_8__3_0.tif,neon_10m_linearized/2024_SOAP_8__3_0.tif,neon_2.5m_linearized/2024_SOAP_8__3_0.tif,EPSG:32611,293300.0,4101040.0,-119.3239196945776,37.0328320877931,71.0,70.0,Rural,Grassland
2154,2024_SOAP_8__3_1.tif,neon_10m_linearized/2024_SOAP_8__3_1.tif,neon_2.5m_linearized/2024_SOAP_8__3_1.tif,EPSG:32611,295860.0,4101040.0,-119.29515887171776,37.03339217773666,71.0,70.0,Rural,Grassland
2155,2024_SOAP_8__3_2.tif,neon_10m_linearized/2024_SOAP_8__3_2.tif,neon_2.5m_linearized/2024_SOAP_8__3_2.tif,EPSG:32611,298420.0,4101040.0,-119.26639725872312,37.03394530349995,42.0,40.0,Forest,Evergreen
2156,2024_SOAP_8__3_4.tif,neon_10m_linearized/2024_SOAP_8__3_4.tif,neon_2.5m_linearized/2024_SOAP_8__3_4.tif,EPSG:32611,303540.0,4101040.0,-119.2088717017878,37.035030660116576,42.0,40.0,Forest,Evergreen
2157,2024_SOAP_8__4_0.tif,neon_10m_linearized/2024_SOAP_8__4_0.tif,neon_2.5m_linearized/2024_SOAP_8__4_0.tif,EPSG:32611,293300.0,4098480.0,-119.32321714016145,37.00977425634335,71.0,70.0,Rural,Grassland
2158,2024_SOAP_8__4_1.tif,neon_10m_linearized/2024_SOAP_8__4_1.tif,neon_2.5m_linearized/2024_SOAP_8__4_1.tif,EPSG:32611,295860.0,4098480.0,-119.2944649933938,37.01033388051906,71.0,70.0,Rural,Grassland
2159,2024_SOAP_8__4_2.tif,neon_10m_linearized/2024_SOAP_8__4_2.tif,neon_2.5m_linearized/2024_SOAP_8__4_2.tif,EPSG:32611,298420.0,4098480.0,-119.2657120574288,37.01088654629928,71.0,70.0,Rural,Grassland
2160,2024_SOAP_8__4_4.tif,neon_10m_linearized/2024_SOAP_8__4_4.tif,neon_2.5m_linearized/2024_SOAP_8__4_4.tif,EPSG:32611,303540.0,4098480.0,-119.20820385731832,37.01197100030686,42.0,40.0,Forest,Evergreen
2161,2024_SOAP_8__5_1.tif,neon_10m_linearized/2024_SOAP_8__5_1.tif,neon_2.5m_linearized/2024_SOAP_8__5_1.tif,EPSG:32611,295860.0,4095920.0,-119.29377190426744,36.98727548234997,42.0,40.0,Forest,Evergreen
2162,2024_SOAP_8__5_2.tif,neon_10m_linearized/2024_SOAP_8__5_2.tif,neon_2.5m_linearized/2024_SOAP_8__5_2.tif,EPSG:32611,298420.0,4095920.0,-119.26502763547956,36.98782768842036,42.0,40.0,Forest,Evergreen
2163,2024_SRER_6__0_2.tif,neon_10m_linearized/2024_SRER_6__0_2.tif,neon_2.5m_linearized/2024_SRER_6__0_2.tif,EPSG:32612,507400.0,3532720.0,-110.92171521879462,31.93036594645936,52.0,50.0,Rural,ShrubScrub
2164,2024_SRER_6__0_4.tif,neon_10m_linearized/2024_SRER_6__0_4.tif,neon_2.5m_linearized/2024_SRER_6__0_4.tif,EPSG:32612,512520.0,3532720.0,-110.86755071191284,31.93032101876691,52.0,50.0,Rural,ShrubScrub
2165,2024_SRER_6__0_5.tif,neon_10m_linearized/2024_SRER_6__0_5.tif,neon_2.5m_linearized/2024_SRER_6__0_5.tif,EPSG:32612,515080.0,3532720.0,-110.84046851154916,31.930289894228352,52.0,50.0,Rural,ShrubScrub
2166,2024_SRER_6__0_6.tif,neon_10m_linearized/2024_SRER_6__0_6.tif,neon_2.5m_linearized/2024_SRER_6__0_6.tif,EPSG:32612,517640.0,3532720.0,-110.81338635692272,31.93025299593408,52.0,50.0,Rural,ShrubScrub
2167,2024_SRER_6__0_7.tif,neon_10m_linearized/2024_SRER_6__0_7.tif,neon_2.5m_linearized/2024_SRER_6__0_7.tif,EPSG:32612,520200.0,3532720.0,-110.78630425579772,31.93021032392064,52.0,50.0,Rural,ShrubScrub
2168,2024_SRER_6__1_2.tif,neon_10m_linearized/2024_SRER_6__1_2.tif,neon_2.5m_linearized/2024_SRER_6__1_2.tif,EPSG:32612,507400.0,3530160.0,-110.92173477817474,31.907269828769795,52.0,50.0,Rural,ShrubScrub
2169,2024_SRER_6__1_4.tif,neon_10m_linearized/2024_SRER_6__1_4.tif,neon_2.5m_linearized/2024_SRER_6__1_4.tif,EPSG:32612,512520.0,3530160.0,-110.86758380416816,31.90722494119685,52.0,50.0,Rural,ShrubScrub
2170,2024_SRER_6__1_5.tif,neon_10m_linearized/2024_SRER_6__1_5.tif,neon_2.5m_linearized/2024_SRER_6__1_5.tif,EPSG:32612,515080.0,3530160.0,-110.84050837018754,31.907193844451843,52.0,50.0,Rural,ShrubScrub
2171,2024_SRER_6__1_6.tif,neon_10m_linearized/2024_SRER_6__1_6.tif,neon_2.5m_linearized/2024_SRER_6__1_6.tif,EPSG:32612,517640.0,3530160.0,-110.8134329818971,31.907156979106947,52.0,50.0,Rural,ShrubScrub
2172,2024_SRER_6__1_7.tif,neon_10m_linearized/2024_SRER_6__1_7.tif,neon_2.5m_linearized/2024_SRER_6__1_7.tif,EPSG:32612,520200.0,3530160.0,-110.78635764705308,31.907114345198664,52.0,50.0,Rural,ShrubScrub
2173,2024_SRER_6__1_8.tif,neon_10m_linearized/2024_SRER_6__1_8.tif,neon_2.5m_linearized/2024_SRER_6__1_8.tif,EPSG:32612,522760.0,3530160.0,-110.7592823734116,31.907065942769165,52.0,50.0,Rural,ShrubScrub
2174,2024_SRER_6__2_2.tif,neon_10m_linearized/2024_SRER_6__2_2.tif,neon_2.5m_linearized/2024_SRER_6__2_2.tif,EPSG:32612,507400.0,3527600.0,-110.92175431513375,31.88417362701844,52.0,50.0,Rural,ShrubScrub
2175,2024_SRER_6__2_4.tif,neon_10m_linearized/2024_SRER_6__2_4.tif,neon_2.5m_linearized/2024_SRER_6__2_4.tif,EPSG:32612,512520.0,3527600.0,-110.8676168584896,31.88412877954537,52.0,50.0,Rural,ShrubScrub
2176,2024_SRER_6__2_5.tif,neon_10m_linearized/2024_SRER_6__2_5.tif,neon_2.5m_linearized/2024_SRER_6__2_5.tif,EPSG:32612,515080.0,3527600.0,-110.8405481831357,31.884097710580345,52.0,50.0,Rural,ShrubScrub
2177,2024_SRER_6__2_6.tif,neon_10m_linearized/2024_SRER_6__2_6.tif,neon_2.5m_linearized/2024_SRER_6__2_6.tif,EPSG:32612,517640.0,3527600.0,-110.81347955342504,31.884060878168704,52.0,50.0,Rural,ShrubScrub
2178,2024_SRER_6__2_7.tif,neon_10m_linearized/2024_SRER_6__2_7.tif,neon_2.5m_linearized/2024_SRER_6__2_7.tif,EPSG:32612,520200.0,3527600.0,-110.78641097710586,31.88401828234693,52.0,50.0,Rural,ShrubScrub
2179,2024_SRER_6__2_8.tif,neon_10m_linearized/2024_SRER_6__2_8.tif,neon_2.5m_linearized/2024_SRER_6__2_8.tif,EPSG:32612,522760.0,3527600.0,-110.75934246192637,31.883969923157142,52.0,50.0,Rural,ShrubScrub
2180,2024_SRER_6__3_1.tif,neon_10m_linearized/2024_SRER_6__3_1.tif,neon_2.5m_linearized/2024_SRER_6__3_1.tif,EPSG:32612,504840.0,3525040.0,-110.94883584451682,31.86109110738803,52.0,50.0,Rural,ShrubScrub
2181,2024_SRER_6__3_2.tif,neon_10m_linearized/2024_SRER_6__3_2.tif,neon_2.5m_linearized/2024_SRER_6__3_2.tif,EPSG:32612,507400.0,3525040.0,-110.92177382969471,31.861077341238257,52.0,50.0,Rural,ShrubScrub
2182,2024_SRER_6__3_4.tif,neon_10m_linearized/2024_SRER_6__3_4.tif,neon_2.5m_linearized/2024_SRER_6__3_4.tif,EPSG:32612,512520.0,3525040.0,-110.86764987491613,31.86103253384552,52.0,50.0,Rural,ShrubScrub
2183,2024_SRER_6__3_5.tif,neon_10m_linearized/2024_SRER_6__3_5.tif,neon_2.5m_linearized/2024_SRER_6__3_5.tif,EPSG:32612,515080.0,3525040.0,-110.8405879504406,31.861001492646857,52.0,50.0,Rural,ShrubScrub
2184,2024_SRER_6__3_6.tif,neon_10m_linearized/2024_SRER_6__3_6.tif,neon_2.5m_linearized/2024_SRER_6__3_6.tif,EPSG:32612,517640.0,3525040.0,-110.81352607156144,31.86096469315239,52.0,50.0,Rural,ShrubScrub
2185,2024_SRER_6__3_7.tif,neon_10m_linearized/2024_SRER_6__3_7.tif,neon_2.5m_linearized/2024_SRER_6__3_7.tif,EPSG:32612,520200.0,3525040.0,-110.78646424601897,31.860922135398507,52.0,50.0,Rural,ShrubScrub
2186,2024_SRER_6__3_8.tif,neon_10m_linearized/2024_SRER_6__3_8.tif,neon_2.5m_linearized/2024_SRER_6__3_8.tif,EPSG:32612,522760.0,3525040.0,-110.75940248155337,31.860873819427315,52.0,50.0,Rural,ShrubScrub
2187,2024_SRER_6__4_1.tif,neon_10m_linearized/2024_SRER_6__4_1.tif,neon_2.5m_linearized/2024_SRER_6__4_1.tif,EPSG:32612,504840.0,3522480.0,-110.948848593472,31.83799472530419,52.0,50.0,Rural,ShrubScrub
2188,2024_SRER_6__4_2.tif,neon_10m_linearized/2024_SRER_6__4_2.tif,neon_2.5m_linearized/2024_SRER_6__4_2.tif,EPSG:32612,507400.0,3522480.0,-110.9217933218806,31.83798097146225,52.0,50.0,Rural,ShrubScrub
2189,2024_SRER_6__4_5.tif,neon_10m_linearized/2024_SRER_6__4_5.tif,neon_2.5m_linearized/2024_SRER_6__4_5.tif,EPSG:32612,515080.0,3522480.0,-110.84062767214913,31.83790519068442,52.0,50.0,Rural,ShrubScrub
2190,2024_SRER_6__4_6.tif,neon_10m_linearized/2024_SRER_6__4_6.tif,neon_2.5m_linearized/2024_SRER_6__4_6.tif,EPSG:32612,517640.0,3522480.0,-110.8135725363612,31.83786842409106,52.0,50.0,Rural,ShrubScrub
2191,2024_SRER_6__4_7.tif,neon_10m_linearized/2024_SRER_6__4_7.tif,neon_2.5m_linearized/2024_SRER_6__4_7.tif,EPSG:32612,520200.0,3522480.0,-110.78651745385518,31.8378259043865,52.0,50.0,Rural,ShrubScrub
2192,2024_SRER_6__4_8.tif,neon_10m_linearized/2024_SRER_6__4_8.tif,neon_2.5m_linearized/2024_SRER_6__4_8.tif,EPSG:32612,522760.0,3522480.0,-110.75946243236336,31.83777763161279,52.0,50.0,Rural,ShrubScrub
2193,2024_SRER_6__5_0.tif,neon_10m_linearized/2024_SRER_6__5_0.tif,neon_2.5m_linearized/2024_SRER_6__5_0.tif,EPSG:32612,502280.0,3519920.0,-110.97590987850546,31.814906252713456,52.0,50.0,Rural,ShrubScrub
2194,2024_SRER_6__5_1.tif,neon_10m_linearized/2024_SRER_6__5_1.tif,neon_2.5m_linearized/2024_SRER_6__5_1.tif,EPSG:32612,504840.0,3519920.0,-110.94886132780768,31.814898259263583,52.0,50.0,Rural,ShrubScrub
2195,2024_SRER_6__5_2.tif,neon_10m_linearized/2024_SRER_6__5_2.tif,neon_2.5m_linearized/2024_SRER_6__5_2.tif,EPSG:32612,507400.0,3519920.0,-110.92181279171444,31.81488451772349,52.0,50.0,Rural,ShrubScrub
2196,2024_SRER_6__5_5.tif,neon_10m_linearized/2024_SRER_6__5_5.tif,neon_2.5m_linearized/2024_SRER_6__5_5.tif,EPSG:32612,515080.0,3519920.0,-110.84066734830807,31.81480880472616,52.0,50.0,Rural,ShrubScrub
2197,2024_SRER_6__5_6.tif,neon_10m_linearized/2024_SRER_6__5_6.tif,neon_2.5m_linearized/2024_SRER_6__5_6.tif,EPSG:32612,517640.0,3519920.0,-110.81361894787898,31.814772071017856,52.0,50.0,Rural,ShrubScrub
2198,2024_SRER_6__5_7.tif,neon_10m_linearized/2024_SRER_6__5_7.tif,neon_2.5m_linearized/2024_SRER_6__5_7.tif,EPSG:32612,520200.0,3519920.0,-110.78657060067718,31.81472958934407,52.0,50.0,Rural,ShrubScrub
2199,2024_SRER_6__5_8.tif,neon_10m_linearized/2024_SRER_6__5_8.tif,neon_2.5m_linearized/2024_SRER_6__5_8.tif,EPSG:32612,522760.0,3519920.0,-110.759522314427,31.814681359746785,52.0,50.0,Rural,ShrubScrub
2200,2024_SRER_6__6_1.tif,neon_10m_linearized/2024_SRER_6__6_1.tif,neon_2.5m_linearized/2024_SRER_6__6_1.tif,EPSG:32612,504840.0,3517360.0,-110.94887404753888,31.79180170929936,52.0,50.0,Rural,ShrubScrub
2201,2024_SRER_6__6_2.tif,neon_10m_linearized/2024_SRER_6__6_2.tif,neon_2.5m_linearized/2024_SRER_6__6_2.tif,EPSG:32612,507400.0,3517360.0,-110.92183223921909,31.79178798005512,52.0,50.0,Rural,ShrubScrub
2202,2024_SRER_6__6_4.tif,neon_10m_linearized/2024_SRER_6__6_4.tif,neon_2.5m_linearized/2024_SRER_6__6_4.tif,EPSG:32612,512520.0,3517360.0,-110.86774869721502,31.79174329278599,52.0,50.0,Rural,ShrubScrub
2203,2024_SRER_6__6_5.tif,neon_10m_linearized/2024_SRER_6__6_5.tif,neon_2.5m_linearized/2024_SRER_6__6_5.tif,EPSG:32612,515080.0,3517360.0,-110.84070697896412,31.791712334805258,71.0,70.0,Rural,Grassland
2204,2024_SRER_6__6_6.tif,neon_10m_linearized/2024_SRER_6__6_6.tif,neon_2.5m_linearized/2024_SRER_6__6_6.tif,EPSG:32612,517640.0,3517360.0,-110.81366530616944,31.79167563396599,71.0,70.0,Rural,Grassland
2205,2024_SRER_6__6_7.tif,neon_10m_linearized/2024_SRER_6__6_7.tif,neon_2.5m_linearized/2024_SRER_6__6_7.tif,EPSG:32612,520200.0,3517360.0,-110.78662368654754,31.791633190304427,52.0,50.0,Rural,ShrubScrub
2206,2024_SRER_6__6_8.tif,neon_10m_linearized/2024_SRER_6__6_8.tif,neon_2.5m_linearized/2024_SRER_6__6_8.tif,EPSG:32612,522760.0,3517360.0,-110.75958212781478,31.791585003862533,71.0,70.0,Rural,Grassland
2207,2024_SRER_6__7_2.tif,neon_10m_linearized/2024_SRER_6__7_2.tif,neon_2.5m_linearized/2024_SRER_6__7_2.tif,EPSG:32612,507400.0,3514800.0,-110.92185166441745,31.768691358490283,52.0,50.0,Rural,ShrubScrub
2208,2024_SRER_6__7_4.tif,neon_10m_linearized/2024_SRER_6__7_4.tif,neon_2.5m_linearized/2024_SRER_6__7_4.tif,EPSG:32612,512520.0,3514800.0,-110.86778156245036,31.76864671122337,52.0,50.0,Rural,ShrubScrub
2209,2024_SRER_6__7_5.tif,neon_10m_linearized/2024_SRER_6__7_5.tif,neon_2.5m_linearized/2024_SRER_6__7_5.tif,EPSG:32612,515080.0,3514800.0,-110.84074656416394,31.768615780954924,52.0,50.0,Rural,ShrubScrub
2210,2024_SRER_6__7_6.tif,neon_10m_linearized/2024_SRER_6__7_6.tif,neon_2.5m_linearized/2024_SRER_6__7_6.tif,EPSG:32612,517640.0,3514800.0,-110.8137116112872,31.76857911296869,71.0,70.0,Rural,Grassland
2211,2024_SRER_6__7_7.tif,neon_10m_linearized/2024_SRER_6__7_7.tif,neon_2.5m_linearized/2024_SRER_6__7_7.tif,EPSG:32612,520200.0,3514800.0,-110.78667671152874,31.768536707300868,52.0,50.0,Rural,ShrubScrub
2212,2024_SRER_6__7_8.tif,neon_10m_linearized/2024_SRER_6__7_8.tif,neon_2.5m_linearized/2024_SRER_6__7_8.tif,EPSG:32612,522760.0,3514800.0,-110.75964187259709,31.768488563993344,71.0,70.0,Rural,Grassland
2213,2024_SRER_6__8_4.tif,neon_10m_linearized/2024_SRER_6__8_4.tif,neon_2.5m_linearized/2024_SRER_6__8_4.tif,EPSG:32612,512520.0,3512240.0,-110.8678143899847,31.745550045778057,42.0,40.0,Forest,Evergreen
2214,2024_SRER_6__8_5.tif,neon_10m_linearized/2024_SRER_6__8_5.tif,neon_2.5m_linearized/2024_SRER_6__8_5.tif,EPSG:32612,515080.0,3512240.0,-110.84078610395406,31.745519143208444,42.0,40.0,Forest,Evergreen
2215,2024_SRER_6__8_6.tif,neon_10m_linearized/2024_SRER_6__8_6.tif,neon_2.5m_linearized/2024_SRER_6__8_6.tif,EPSG:32612,517640.0,3512240.0,-110.81375786328664,31.745482508059247,42.0,40.0,Forest,Evergreen
2216,2024_SRER_6__8_7.tif,neon_10m_linearized/2024_SRER_6__8_7.tif,neon_2.5m_linearized/2024_SRER_6__8_7.tif,EPSG:32612,520200.0,3512240.0,-110.78672967568312,31.74544014036668,42.0,40.0,Forest,Evergreen
2217,2024_SRER_6__9_4.tif,neon_10m_linearized/2024_SRER_6__9_4.tif,neon_2.5m_linearized/2024_SRER_6__9_4.tif,EPSG:32612,512520.0,3509680.0,-110.8678471798566,31.7224532964834,42.0,40.0,Forest,Evergreen
2218,2024_SRER_6__9_5.tif,neon_10m_linearized/2024_SRER_6__9_5.tif,neon_2.5m_linearized/2024_SRER_6__9_5.tif,EPSG:32612,515080.0,3509680.0,-110.84082559838096,31.72242242159913,42.0,40.0,Forest,Evergreen
2219,2024_STER_5__1_1.tif,neon_10m_linearized/2024_STER_5__1_1.tif,neon_2.5m_linearized/2024_STER_5__1_1.tif,EPSG:32613,663840.0,4487160.0,-103.06592874418948,40.51899361985056,71.0,70.0,Rural,Grassland
2220,2024_STER_5__1_2.tif,neon_10m_linearized/2024_STER_5__1_2.tif,neon_2.5m_linearized/2024_STER_5__1_2.tif,EPSG:32613,666400.0,4487160.0,-103.03572561442265,40.51848397059919,82.0,80.0,Rural,Crops
2221,2024_STER_5__1_3.tif,neon_10m_linearized/2024_STER_5__1_3.tif,neon_2.5m_linearized/2024_STER_5__1_3.tif,EPSG:32613,668960.0,4487160.0,-103.0055232624027,40.51796643273093,82.0,80.0,Rural,Crops
2222,2024_STER_5__2_2.tif,neon_10m_linearized/2024_STER_5__2_2.tif,neon_2.5m_linearized/2024_STER_5__2_2.tif,EPSG:32613,666400.0,4484600.0,-103.03639821114052,40.49543447971668,82.0,80.0,Rural,Crops
2223,2024_STER_5__2_3.tif,neon_10m_linearized/2024_STER_5__2_3.tif,neon_2.5m_linearized/2024_STER_5__2_3.tif,EPSG:32613,668960.0,4484600.0,-103.00620618427573,40.49491736048908,82.0,80.0,Rural,Crops
2224,2024_STER_5__3_1.tif,neon_10m_linearized/2024_STER_5__3_1.tif,neon_2.5m_linearized/2024_STER_5__3_1.tif,EPSG:32613,663840.0,4482040.0,-103.06725252046334,40.47289371235901,82.0,80.0,Rural,Crops
2225,2024_STER_5__3_2.tif,neon_10m_linearized/2024_STER_5__3_2.tif,neon_2.5m_linearized/2024_STER_5__3_2.tif,EPSG:32613,666400.0,4482040.0,-103.03707003112424,40.47238488736063,82.0,80.0,Rural,Crops
2226,2024_STER_5__3_3.tif,neon_10m_linearized/2024_STER_5__3_3.tif,neon_2.5m_linearized/2024_STER_5__3_3.tif,EPSG:32613,668960.0,4482040.0,-103.00688831750776,40.47186818649094,82.0,80.0,Rural,Crops
2227,2024_STER_5__4_1.tif,neon_10m_linearized/2024_STER_5__4_1.tif,neon_2.5m_linearized/2024_STER_5__4_1.tif,EPSG:32613,663840.0,4479480.0,-103.06791326235783,40.44984360684523,82.0,80.0,Rural,Crops
2228,2024_STER_5__4_3.tif,neon_10m_linearized/2024_STER_5__4_3.tif,neon_2.5m_linearized/2024_STER_5__4_3.tif,EPSG:32613,668960.0,4479480.0,-103.00756966312552,40.44881891076199,82.0,80.0,Rural,Crops
2229,2024_STER_5__5_1.tif,neon_10m_linearized/2024_STER_5__5_1.tif,neon_2.5m_linearized/2024_STER_5__5_1.tif,EPSG:32613,663840.0,4476920.0,-103.06857324141642,40.42679340018567,71.0,70.0,Rural,Grassland
2230,2024_TALL_8__1_3.tif,neon_10m_linearized/2024_TALL_8__1_3.tif,neon_2.5m_linearized/2024_TALL_8__1_3.tif,EPSG:32616,463940.0,3649140.0,-87.38592784756916,32.9800373954546,41.0,40.0,Forest,Deciduous
2231,2024_TALL_8__2_3.tif,neon_10m_linearized/2024_TALL_8__2_3.tif,neon_2.5m_linearized/2024_TALL_8__2_3.tif,EPSG:32616,463940.0,3646580.0,-87.38582744849167,32.95694563572122,42.0,40.0,Forest,Evergreen
2232,2024_TALL_8__3_3.tif,neon_10m_linearized/2024_TALL_8__3_3.tif,neon_2.5m_linearized/2024_TALL_8__3_3.tif,EPSG:32616,463940.0,3644020.0,-87.38572716398052,32.93385379023047,41.0,40.0,Forest,Deciduous
2233,2024_TALL_8__4_3.tif,neon_10m_linearized/2024_TALL_8__4_3.tif,neon_2.5m_linearized/2024_TALL_8__4_3.tif,EPSG:32616,463940.0,3641460.0,-87.3856269939143,32.91076185901311,42.0,40.0,Forest,Evergreen
2234,2024_TALL_8__5_1.tif,neon_10m_linearized/2024_TALL_8__5_1.tif,neon_2.5m_linearized/2024_TALL_8__5_1.tif,EPSG:32616,458820.0,3638900.0,-87.44026489226064,32.88748912028905,41.0,40.0,Forest,Deciduous
2235,2024_TALL_8__6_1.tif,neon_10m_linearized/2024_TALL_8__6_1.tif,neon_2.5m_linearized/2024_TALL_8__6_1.tif,EPSG:32616,458820.0,3636340.0,-87.44015076185072,32.864397176518914,43.0,40.0,Forest,Mixed
2236,2024_UKFS_8__1_0.tif,neon_10m_linearized/2024_UKFS_8__1_0.tif,neon_2.5m_linearized/2024_UKFS_8__1_0.tif,EPSG:32615,305300.0,4327140.0,-95.25063394372374,39.07166228515452,81.0,80.0,Rural,Pasture
2237,2024_UKFS_8__1_1.tif,neon_10m_linearized/2024_UKFS_8__1_1.tif,neon_2.5m_linearized/2024_UKFS_8__1_1.tif,EPSG:32615,307860.0,4327140.0,-95.22106251876306,39.07222954163042,81.0,80.0,Rural,Pasture
2238,2024_UKFS_8__1_2.tif,neon_10m_linearized/2024_UKFS_8__1_2.tif,neon_2.5m_linearized/2024_UKFS_8__1_2.tif,EPSG:32615,310420.0,4327140.0,-95.19149026522254,39.07278930587525,81.0,80.0,Rural,Pasture
2239,2024_UKFS_8__1_3.tif,neon_10m_linearized/2024_UKFS_8__1_3.tif,neon_2.5m_linearized/2024_UKFS_8__1_3.tif,EPSG:32615,312980.0,4327140.0,-95.16191719409416,39.07334157726374,41.0,40.0,Forest,Deciduous
2240,2024_UKFS_8__2_0.tif,neon_10m_linearized/2024_UKFS_8__2_0.tif,neon_2.5m_linearized/2024_UKFS_8__2_0.tif,EPSG:32615,305300.0,4324580.0,-95.24990185060476,39.04861128215472,81.0,80.0,Rural,Pasture
2241,2024_UKFS_8__2_1.tif,neon_10m_linearized/2024_UKFS_8__2_1.tif,neon_2.5m_linearized/2024_UKFS_8__2_1.tif,EPSG:32615,307860.0,4324580.0,-95.22034002532824,39.04917807539176,41.0,40.0,Forest,Deciduous
2242,2024_UKFS_8__2_2.tif,neon_10m_linearized/2024_UKFS_8__2_2.tif,neon_2.5m_linearized/2024_UKFS_8__2_2.tif,EPSG:32615,310420.0,4324580.0,-95.1907773725103,39.049737382508894,41.0,40.0,Forest,Deciduous
2243,2024_UKFS_8__2_3.tif,neon_10m_linearized/2024_UKFS_8__2_3.tif,neon_2.5m_linearized/2024_UKFS_8__2_3.tif,EPSG:32615,312980.0,4324580.0,-95.16121390312924,39.05028920288169,81.0,80.0,Rural,Pasture
2244,2024_UKFS_8__3_1.tif,neon_10m_linearized/2024_UKFS_8__3_1.tif,neon_2.5m_linearized/2024_UKFS_8__3_1.tif,EPSG:32615,307860.0,4322020.0,-95.21961835943506,39.02612650654902,82.0,80.0,Rural,Crops
2245,2024_UKFS_8__3_2.tif,neon_10m_linearized/2024_UKFS_8__3_2.tif,neon_2.5m_linearized/2024_UKFS_8__3_2.tif,EPSG:32615,310420.0,4322020.0,-95.1900652963615,39.02668535683133,81.0,80.0,Rural,Pasture
2246,2024_UKFS_8__3_3.tif,neon_10m_linearized/2024_UKFS_8__3_3.tif,neon_2.5m_linearized/2024_UKFS_8__3_3.tif,EPSG:32615,312980.0,4322020.0,-95.1605114177476,39.02723672647734,81.0,80.0,Rural,Pasture
2247,2024_UKFS_8__4_0.tif,neon_10m_linearized/2024_UKFS_8__4_0.tif,neon_2.5m_linearized/2024_UKFS_8__4_0.tif,EPSG:32615,305300.0,4319460.0,-95.24844017887057,39.002508967484594,82.0,80.0,Rural,Crops
2248,2024_UKFS_8__4_1.tif,neon_10m_linearized/2024_UKFS_8__4_1.tif,neon_2.5m_linearized/2024_UKFS_8__4_1.tif,EPSG:32615,307860.0,4319460.0,-95.21889752004712,39.00307483513368,82.0,80.0,Rural,Crops
2249,2024_UKFS_8__4_2.tif,neon_10m_linearized/2024_UKFS_8__4_2.tif,neon_2.5m_linearized/2024_UKFS_8__4_2.tif,EPSG:32615,310420.0,4319460.0,-95.18935403575335,39.00363322887353,82.0,80.0,Rural,Crops
2250,2024_UKFS_8__4_3.tif,neon_10m_linearized/2024_UKFS_8__4_3.tif,neon_2.5m_linearized/2024_UKFS_8__4_3.tif,EPSG:32615,312980.0,4319460.0,-95.1598097369402,39.0041841480813,81.0,80.0,Rural,Pasture
2251,2024_UKFS_8__5_0.tif,neon_10m_linearized/2024_UKFS_8__5_0.tif,neon_2.5m_linearized/2024_UKFS_8__5_0.tif,EPSG:32615,305300.0,4316900.0,-95.2477105981569,38.97945765587811,22.0,20.0,Developed,LowIntensity
2252,2024_UKFS_8__6_0.tif,neon_10m_linearized/2024_UKFS_8__6_0.tif,neon_2.5m_linearized/2024_UKFS_8__6_0.tif,EPSG:32615,305300.0,4314340.0,-95.24698185281645,38.95640624146661,22.0,20.0,Developed,LowIntensity
2253,2024_UNDE_6__1_0.tif,neon_10m_linearized/2024_UNDE_6__1_0.tif,neon_2.5m_linearized/2024_UNDE_6__1_0.tif,EPSG:32616,301280.0,5126160.0,-89.57850830538142,46.25993136734535,90.0,90.0,Water,WoodyWetlands
2254,2024_UNDE_6__1_1.tif,neon_10m_linearized/2024_UNDE_6__1_1.tif,neon_2.5m_linearized/2024_UNDE_6__1_1.tif,EPSG:32616,303840.0,5126160.0,-89.54532431333547,46.260675427961885,90.0,90.0,Water,WoodyWetlands
2255,2024_UNDE_6__1_2.tif,neon_10m_linearized/2024_UNDE_6__1_2.tif,neon_2.5m_linearized/2024_UNDE_6__1_2.tif,EPSG:32616,306400.0,5126160.0,-89.51213901958654,46.26140986596312,90.0,90.0,Water,WoodyWetlands
2256,2024_UNDE_6__1_3.tif,neon_10m_linearized/2024_UNDE_6__1_3.tif,neon_2.5m_linearized/2024_UNDE_6__1_3.tif,EPSG:32616,308960.0,5126160.0,-89.47895244101703,46.26213468037776,90.0,90.0,Water,WoodyWetlands
2257,2024_UNDE_6__1_4.tif,neon_10m_linearized/2024_UNDE_6__1_4.tif,neon_2.5m_linearized/2024_UNDE_6__1_4.tif,EPSG:32616,311520.0,5126160.0,-89.44576459451352,46.26284987024712,90.0,90.0,Water,WoodyWetlands
2258,2024_UNDE_6__2_0.tif,neon_10m_linearized/2024_UNDE_6__2_0.tif,neon_2.5m_linearized/2024_UNDE_6__2_0.tif,EPSG:32616,301280.0,5123600.0,-89.57742930000828,46.23691484492527,90.0,90.0,Water,WoodyWetlands
2259,2024_UNDE_6__2_1.tif,neon_10m_linearized/2024_UNDE_6__2_1.tif,neon_2.5m_linearized/2024_UNDE_6__2_1.tif,EPSG:32616,303840.0,5123600.0,-89.54425915739677,46.23765831141588,90.0,90.0,Water,WoodyWetlands
2260,2024_UNDE_6__2_2.tif,neon_10m_linearized/2024_UNDE_6__2_2.tif,neon_2.5m_linearized/2024_UNDE_6__2_2.tif,EPSG:32616,306400.0,5123600.0,-89.51108771505389,46.23839216295906,90.0,90.0,Water,WoodyWetlands
2261,2024_UNDE_6__2_3.tif,neon_10m_linearized/2024_UNDE_6__2_3.tif,neon_2.5m_linearized/2024_UNDE_6__2_3.tif,EPSG:32616,308960.0,5123600.0,-89.47791498983662,46.239116398584905,90.0,90.0,Water,WoodyWetlands
2262,2024_UNDE_6__3_4.tif,neon_10m_linearized/2024_UNDE_6__3_4.tif,neon_2.5m_linearized/2024_UNDE_6__3_4.tif,EPSG:32616,311520.0,5121040.0,-89.44371865184736,46.21681205380302,11.0,10.0,Water,Open Water
2263,2024_UNDE_6__5_2.tif,neon_10m_linearized/2024_UNDE_6__5_2.tif,neon_2.5m_linearized/2024_UNDE_6__5_2.tif,EPSG:32616,306400.0,5115920.0,-89.50794149094249,46.1693383846012,90.0,90.0,Water,WoodyWetlands
2264,2024_UNDE_6__6_2.tif,neon_10m_linearized/2024_UNDE_6__6_2.tif,neon_2.5m_linearized/2024_UNDE_6__6_2.tif,EPSG:32616,306400.0,5113360.0,-89.50689530627449,46.14632023545462,41.0,40.0,Forest,Deciduous
2265,2024_WLOU_5__0_1.tif,neon_10m_linearized/2024_WLOU_5__0_1.tif,neon_2.5m_linearized/2024_WLOU_5__0_1.tif,EPSG:32613,421860.0,4418740.0,-105.91428271835696,39.91515158250573,42.0,40.0,Forest,Evergreen
2266,2024_WLOU_5__1_0.tif,neon_10m_linearized/2024_WLOU_5__1_0.tif,neon_2.5m_linearized/2024_WLOU_5__1_0.tif,EPSG:32613,419300.0,4416180.0,-105.94391586643378,39.891849215532886,42.0,40.0,Forest,Evergreen
2267,2024_WLOU_5__1_1.tif,neon_10m_linearized/2024_WLOU_5__1_1.tif,neon_2.5m_linearized/2024_WLOU_5__1_1.tif,EPSG:32613,421860.0,4416180.0,-105.91397621184092,39.892089044751685,42.0,40.0,Forest,Evergreen
2268,2024_WLOU_5__2_1.tif,neon_10m_linearized/2024_WLOU_5__2_1.tif,neon_2.5m_linearized/2024_WLOU_5__2_1.tif,EPSG:32613,421860.0,4413620.0,-105.91367005815827,39.869026413042725,42.0,40.0,Forest,Evergreen
